{
  "company_profile": {
    "introduction": "- **Founded in 1986**: Initially established as M/s Gujarat Industries.\n- **Incorporated in 1995**: Became Meghmani Organics Limited.\n- **Manufacturing Facilities**: Operates 6 manufacturing units located in Gujarat.\n- **Product Range**: Produces pigments and agrochemicals.\n- **Global Standing**: Among the top 3 producers of Phthalocyanine-based pigments worldwide.\n- **Indian Market**: Ranks among the top 10 pesticide producers in India.\n- **Pigment Products**: Specializes in green and blue pigments used in printing ink, plastic, paints, textiles, leather, and rubber.\n- **Agrochemical Products**: Manufactures a variety of pesticides for crop and non-crop applications, including insect control in wood preservation and food grain storage.",
    "core_products_services": "- **Incorporation Details:**\n  - Founded in 1986 as M/s Gujarat Industries.\n  - Incorporated in 1995 as Meghmani Organics Limited.\n\n- **Core Products and Services:**\n  - **Pigments:**\n    - Specializes in green and blue pigment products.\n    - Applications include printing ink, plastic, paints, textiles, leather, and rubber.\n    - Amongst the top 3 Phthalocyanine-based pigment players globally.\n\n  - **Agrochemicals:**\n    - Manufactures a wide variety of pesticides for crop and non-crop applications.\n    - Products include insecticides, herbicides, and fungicides.\n    - Key intermediates include cypermethrin acid chloride, meta phenoxy benzaldehyde, and meta phenoxy benzyl alcohol.\n    - Amongst the top 10 producers of pesticides in India.\n\n  - **Manufacturing Facilities:**\n    - Operates 6 manufacturing facilities located in Gujarat, India.\n\n  - **Applications:**\n    - Pesticides are used for insect control in wood preservation and food grain storage.\n\n- **Market Position:**\n  - Recognized for its significant market presence in both the pigment and agrochemical sectors.\n  - Diversified revenue streams across various products and end-user industries.",
    "primary_revenue": "- **Agrochemicals:** \n  - Accounts for 70% of the company's revenue.\n  - Includes the manufacture and marketing of technicals, intermediates, and formulations of crop protection chemicals.\n  - Products include insecticides, herbicides, and fungicides.\n  - Key intermediates are cypermethrin acid chloride, meta phenoxy benzaldehyde, and meta phenoxy benzyl alcohol.\n\n- **Pigments:**\n  - Meghmani Organics Ltd is the largest producer of CPC blue and among the top 3 globally for pigment blue.\n  - Manufactures green and blue pigment products used in printing ink, plastic, paints, textiles, leather, and rubber.",
    "manufactering_facilities": "- **Founded in 1986:** Initially established as M/s Gujarat Industries.\n- **Incorporated in 1995:** Became Meghmani Organics Limited.\n- **Manufacturing Facilities:** Operates 6 manufacturing facilities located in Gujarat.\n- **Product Range:** Produces Pigments and Agrochemicals.\n- **Global and National Standing:** Amongst the top 3 Phthalocyanine based pigment players globally and top 10 pesticide producers in India.",
    "corporate_offices": "- **Founded in 1986** as M/s Gujarat Industries.\n- **Incorporated in 1995** as Meghmani Organics Limited.\n- **Manufactures Pigments and Agrochemicals** through 6 manufacturing facilities located in Gujarat.\n- **Top 3 Phthalocyanine based pigment players** in the world.\n- **Top 10 producers of pesticides** in India.\n- **Corporate Office**: Not specified in the provided data.\n- **Regional Offices**: Not specified in the provided data.",
    "research_dev": "- **Company Incorporation**: Meghmani Organics Limited was founded in 1986 as M/s Gujarat Industries and incorporated in 1995.\n- **Manufacturing Facilities**: The company operates 6 manufacturing facilities located in Gujarat.\n- **Product Segments**: Meghmani Organics Ltd manufactures Pigments and Agrochemicals.\n- **Global Position**: The company is among the top 3 Phthalocyanine-based pigment players in the world and among the top 10 producers of pesticides in India.\n- **Product Applications**: The company produces green and blue pigment products used in printing ink, plastic, paints, textiles, leather, and rubber.\n- **Agrochemical Products**: The company manufactures a wide variety of pesticides for crop and non-crop applications, including insect control in wood preservation and food grain storage.\n- **Financial Metrics**: As of the latest data, the company has a market cap of \u20b92,119 Cr, a current price of \u20b9833.0, and a stock P/E of 7.45.\n- **Revenue and Performance**: Projected revenue increase by 38% for FY24, with a significant portion of revenue coming from the Agro Chemicals segment."
  },
  "promoters": {
    "promoters": [
      {
        "name": "Noel Tata",
        "experience": "Mr. Noel N. Tata has been associated with the Tata group for 40 years and currently serves on the Board of various Tata Group Companies, including as the Chairman of Trent, Tata International Limited, Voltas & Tata Investment Corporation and as the Vice Chairman of Tata Steel and Titan Company Limited. He also serves as a Trustee on the Board of Sir Ratan Tata Trust and Sir Dorabji Tata Trust. His last assignment was as the Managing director of Tata International Limited, the trading and distribution arm of the Tata Group, between August 2010 and November 2021, where he grew the company from a turnover of USD 500 million to over USD 3 billion. Prior to Tata International, Mr Tata served as the Managing Director of Trent Limited for more than 11 years, where he has overseen the growth of Trent across formats \u2013 from a one store operation in 1998 to over 500 stores across formats today."
      },
      {
        "name": "Pradeep Bakshi",
        "experience": "Mr. Pradeep Bakshi is the Managing Director & CEO of Voltas Limited and also among the Board of Directors for Voltbek Home Appliances Ltd. Mr. Bakshi took over as Head of Operations of UPBG, twelve years ago, with an emphatic oath of turning around the brand to its current stature. He is one of the most versatile and multi-talented executives to reach the company\u2019s top office, having close to three decades of experience in the consumer durable industry. Mr. Bakshi is a triumphant professional in the competitive Indian White Goods landscape. He represents the all-too-rare combination of thinker, doer and leader, and his vast expertise and experience in the Appliances domain makes him a distinct professional. Under his able leadership, Voltas has consistently grown in revenue and profitability, well ahead of the industry. In fact, Voltas achieved leadership position in Market Share, and has also scored highest in terms of Brand Equity, under his stewardship."
      },
      {
        "name": "Vinayak Deshpande",
        "experience": "Mr. Vinayak Deshpande has been on the Board of Voltas Limited as a Non-Executive Director since February 2012. He was the Managing Director of Tata Projects Limited (one of India\u2019s fastest growing engineering and construction company) from July 2011 till July 2022. A graduate in Chemical Engineering (1980) from IIT, Kharagpur, he has over 38 years of work experience in different roles, in diverse industries; starting with the design and sales of boilers and captive power plants at Thermax, to Industrial Automation at Tata Honeywell. At Tata Honeywell, he was the Managing Director of its India business for five years till 2004- 05, wherein he grew the company\u2019s operations pan India, to achieve about 300% growth. Thereafter he had a successful stint as the Executive President (Operations) of Tata Teleservices. During his tenure as the Managing Director of Tata Projects, the company achieved all-round excellence in its business of Industrial Infrastructure, including execution of Urban Metro system projects in four cities, Mumbai Trans Harbour Link project, a River Rejuvenation project and several High Rise building projects."
      },
      {
        "name": "Debendranath Sarangi",
        "experience": "Mr. Debendranath Sarangi has been on the Board of Voltas Limited as an Independent Director since September 2014. He is a retired IAS officer (1977 batch) from the Tamil Nadu Cadre. While in service, he has held high-level responsibilities in several departments including that of Chief Secretary. He was the Chairman of Tamil Nadu Transport Development Finance Corporation Limited, Chairman of Tamil Nadu Industrial Development Corporation Limited, on the board of various Government undertakings and also a nominee Director of some companies, including Titan."
      },
      {
        "name": "Bahram Navroz Vakil",
        "experience": "Mr. Bahram Navroz Vakil has been on the board of Voltas Limited as an Independent Director since September 2014. He is a Master of Law (LL.M) from the Columbia University. Mr. Bahram Vakil is one of the founding Partners of AZB and Partners, Law Firm and amongst India\u2019s foremost restructuring, infrastructure and project finance attorneys, and has been acknowledged as a leading project finance lawyer by most international publications for decades. He has been on several government constituted committees including the Viswanathan Committee on Bankruptcy law reform and played a key role in drafting the Insolvency and Bankruptcy code."
      },
      {
        "name": "Anjali Bansal",
        "experience": "Ms. Anjali Bansal has been on the Board of Voltas Limited as an Independent Director since March 2015. Ms. Anjali Bansal is a Bachelor in Computer Engineering and a Master in International Finance and Business from Columbia University. She is the founder of Avaana Capital, investing in technology and innovation-led start-ups which are catalysing climate action and sustainability and delivering exponential returns. Ms. Anjali Bansal has mentored various successful start-ups including Delhivery, Urban Company, Darwinbox, Nykaa, Lenskart and Coverstack. Previously, Ms. Anjali Bansal has been the Non-Executive Chairperson of Dena Bank, appointed by the Government of India to steer the resolution of the stressed bank, eventually leading to a merger with the Bank of Baroda. Prior to that, Ms. Anjali Bansal was a Global Partner and Managing Director with TPG Growth PE, responsible for India, South East Asia, Africa and the Middle East. She started her career as a strategy consultant with McKinsey and Co. in New York and has chaired the India Board of Women's World Banking, a leading global livelihood-promoting institution."
      },
      {
        "name": "Arun Kumar Adhikari",
        "experience": "Mr. Arun Kumar Adhikari has been on the Board of Voltas Limited as an Independent Director since June 2017. He graduated with B. Tech (Chemical Engineering) from the Indian Institute of Technology, Kanpur in 1975 and did his MBA from Indian Institute of Management, Kolkata. He attended the Advanced Management Program in 1997 at The Wharton School, University of Pennsylvania, USA. Mr. Adhikari joined Hindustan Unilever Limited (HUL) in 1977 and was with Unilever Group, working in India and overseas in series of increasingly senior roles across Sales, Marketing and Consumer Research till he retired in 2014. Post retirement from HUL in 2014, he worked as a Senior Advisor with McKinsey supporting them on Marketing and Sales strategy related areas. Mr. Adhikari is an Independent Director of UltraTech Cement Limited, Aditya Birla Capital Limited, Aditya Birla Fashion and Retail Limited and Vodafone Idea Limited."
      },
      {
        "name": "Zubin Dubash",
        "experience": "Mr. Zubin Dubash has been on the Board of Voltas Limited as an Independent Director since August 2019. He holds a Bachelor's Degree in Commerce from Mumbai University and has done Masters in Business Administration from The Wharton School, Philadelphia. He is a Chartered Accountant from the Institute of Chartered Accountants, England and Wales and has over 41 years of international experience in finance and business development. Mr. Zubin Dubash was Chief Operating Officer of Warburg Pincus India Limited and previously, Executive President of ATC Tires Private Limited. He was the Managing Director and Head India, DSP Merrill Lynch, Global Private Equity and the Group CFO and a key member of the leadership team of WNS Holdings Limited (NYSE listed company). Mr. Zubin Dubash was associated with the Tata Group, including as Director, Tata Financial Services, a division of Tata Sons and also as an Executive Director of Indian Hotels."
      },
      {
        "name": "Saurabh Mahesh Agrawal",
        "experience": "Mr. Saurabh Agrawal has been on the Board of Voltas Limited as a Non-Executive Director since January 2021. Mr. Saurabh Agrawal is a Whole-time Director of Tata Sons Private Limited (Tata Sons), the Promoter company and also the Group Chief Financial Officer. In his career spanning over two decades, Mr. Saurabh Agrawal was the Head of Investment Banking in India for Bank of America Merrill Lynch and also Head of Corporate Finance business in India and South Asia for Standard Chartered Bank. Mr. Agrawal has wide-ranging experience in strategy and capital markets and has helped various large Indian and global corporates raise over US$ 10 billion from the capital markets."
      },
      {
        "name": "Mukundan Menon",
        "experience": "Mr. Mukundan Menon has done B. Tech in Mechanical Engineering, Graduate Diploma in Management, along with Executive Management programs from IIM (Indian Institute of Management) and a Leadership Excellence program from INSEAD, France. Mr. Mukundan has over 37 years of Management experience, leading organisations in India and Overseas. Till recently, he held the position of the President & Chief Operating Officer of Blue Star Limited and Director of Blue Star Climatech Limited, a wholly owned subsidiary of Blue Star. He is currently the Vice-President of \u201cRefrigeration and Air Conditioning Manufacturing Association\u201d (RAMA) which represents leading MNC\u2019s as well as Indian companies in this space. Mr Mukundan is an active member of the Confederation of Indian Industry (CII) India\u2019s premier business association, representing Indian Industry, working with the Government for policy making and nation development. His domain expertise covers the entire spectrum of HVAC products namely - Room Air conditioners, Commercial Air Conditioners and Commercial Refrigeration Products."
      },
      {
        "name": "Jayesh Tulsidas Merchant",
        "experience": "Mr. Jayesh Merchant is a member of the Institute of Chartered Accountants of India, a member of the Institute of Company Secretaries of India, a Commerce graduate and LL.B. from Mumbai University. Mr. Merchant is an astute leader and has worked in many leadership roles across Finance, Legal, Company Secretarial and General Management domains. With a proven track record of close to four decades, Mr. Merchant has held several responsible positions across reputed companies such as Asian Paints, UTV Software Communications, ION Exchange India and Castrol. Mr. Merchant retired as Chief Financial Officer, Company Secretary and President- Industrial JVs in November 2019 after a long tenure of 17 years with Asian Paints Limited. Mr. Jayesh Merchant is also an Independent Director of few other companies, including Trent Limited, Kotak Mahindra Trustee Limited, Bharat Serums and Vaccines Limited and Chairman/ Member of various Board Committees of companies in which he is a Director."
      }
    ]
  },
  "key_strengths": {
    "strengths": [
      {
        "point_header": "Established Market Position",
        "point_content": "Meghmani Organics Limited (MOL) is the largest producer of copper phthalocyanine (CPC) blue and is among the top 3 pigment blue players globally. It is also one of the largest manufacturers of pesticides in India, with a presence across the value chain in both technical and formulations."
      },
      {
        "point_header": "Diversified Revenue Profile",
        "point_content": "About 70% of the group's revenue comes from the agrochemicals division, with the remaining from pigments. The revenue is further diversified by its presence in both domestic (~15%) and international markets (~85%). The company is also expanding into the crop nutrition segment, becoming the first private player to foray into nano liquid urea."
      },
      {
        "point_header": "Integrated Operations Leading to Cost Advantages",
        "point_content": "The group has integrated backwards into manufacturing CPC blue, resulting in considerable savings. In its agrochemicals business, it manufactures key intermediates, reducing reliance on imports. The commercialization of the multi-purpose plant has also enhanced its capabilities to manufacture more technicals."
      },
      {
        "point_header": "Strong Financial Flexibility and Promoter Experience",
        "point_content": "Financial flexibility is supported by a robust capital structure, with gearing remaining at 0.5-0.6 times as of December 31, 2023. This provides sufficient headroom to avail of additional loans if needed. The group also has undisbursed sanctioned limits to meet capex requirements. The extensive experience of the promoters in the agrochemicals and pigment segments further supports the company's operations."
      }
    ]
  },
  "key_issues": {
    "issues": [
      {
        "point_header": "Working Capital Requirements",
        "point_content": "Operations are working capital intensive due to the seasonal nature of the business. A large proportion of agrochemical sales in the domestic market and pigment sales in the overseas market are made in the second and fourth quarters, respectively, of the fiscal year. This exerts pressure on working capital management as the group has to provide credit of 3-4 months to overseas clients, resulting in stretched receivables."
      },
      {
        "point_header": "Sector Risks",
        "point_content": "The demand for agrochemicals is driven by agricultural production, which depends on monsoon. A substantial area under cultivation in India is still not well-irrigated and depends on the monsoon to meet water requirements. Surplus or inadequate rainfall can affect the group's domestic revenue and profitability. Furthermore, the agrochemical industry is regulated by specific registration procedures in different countries. Changes in the export and import policies of these countries will affect Indian agrochemical exporters such as the Meghmani group. Ban on any key molecules will also be a significant risk."
      },
      {
        "point_header": "Moderating Debt Protection Metrics",
        "point_content": "Due to subdued operating performance, interest coverage and debt/Ebitda ratios are expected to moderate significantly in fiscal 2024. Debt/Ebitda ratio, which stood at ~2.4 times in fiscal 2023, is expected to significantly deteriorate this fiscal. However, it is expected to improve to previous levels with a revival in global demand. Pick-up in operational performance improving debt protection metrics will remain monitorable."
      },
      {
        "point_header": "Decline in Operational Performance",
        "point_content": "The company has experienced a deterioration in operational performance during the third quarter of the current fiscal and slower-than-expected recovery over the medium term. Consolidated revenue declined 7% sequentially to Rs 352 crore from Rs 379 crore in the second quarter and Rs 426 crore in the first. Performance in the third quarter remained under pressure owing to continued macro-economic headwinds in both the agrochemicals and pigment segments. The company incurred an operating loss of Rs 8 crore in this quarter."
      },
      {
        "point_header": "Exposure to Global Market Volatility",
        "point_content": "The de-growth in pigments was due to weak global demand as it is a discretionary product used in textiles/paints. Additionally, China imposed anti-dumping duty (14-18%) on green and blue pigments (phthalocyanine) in November 2022, which resulted in oversupply in the global markets and led to price erosion. As a result, the capacity utilization level of this segment also fell sharply to 39% from 62%."
      }
    ]
  },
  "industry_risks": {
    "risks": [
      {
        "sources": [
          "https://www.mordorintelligence.com/industry-reports/agrochemicals-market",
          "https://www.agribusinessglobal.com/special-sections/challenges-and-opportunities-in-the-agrochemical-industry-for-2023-2024/"
        ],
        "risk": "**Regulatory Challenges**: The agrochemical industry in India faces stringent regulatory challenges. The government has been tightening regulations on the use of certain chemicals due to their environmental and health impacts. For instance, the ban on 27 pesticides in 2020 significantly impacted the market. Compliance with these regulations increases operational costs and can lead to disruptions in supply chains. According to Mordor Intelligence, the global agrochemical market is expected to grow at a CAGR of 3.4% from 2024 to 2029, but regulatory hurdles could slow this growth in India."
      },
      {
        "sources": [
          "https://www.agribusinessglobal.com/special-sections/challenges-and-opportunities-in-the-agrochemical-industry-for-2023-2024/",
          "https://klinegroup.com/articles/key-trends-in-agrochemicals-2023-and-beyond/"
        ],
        "risk": "**Environmental Impact**: The environmental impact of agrochemicals is a significant risk. The use of pesticides and fertilizers contributes to soil degradation, water contamination, and loss of biodiversity. This has led to increased scrutiny from environmental groups and stricter regulations. The cost of implementing sustainable practices and technologies can be high, impacting profitability. The global push towards sustainable agriculture is expected to influence the Indian market, which may see a shift towards organic and bio-based agrochemicals."
      },
      {
        "sources": [
          "https://www.mordorintelligence.com/industry-reports/agrochemicals-market",
          "https://klinegroup.com/articles/key-trends-in-agrochemicals-2023-and-beyond/"
        ],
        "risk": "**Market Competition**: The Indian agrochemical market is highly competitive, with numerous domestic and international players. Companies are constantly innovating to gain market share, leading to high R&D costs. Additionally, the presence of counterfeit products in the market poses a risk to both consumers and legitimate businesses. The market size of the Indian agrochemical industry was valued at approximately USD 5.7 billion in 2021 and is projected to grow at a CAGR of 4.5% from 2022 to 2027. However, intense competition could impact profit margins."
      },
      {
        "sources": [
          "https://www.inkworldmagazine.com/issues/2023-01-01/view_features/the-pigment-market-continues-to-grow-in-2023/",
          "https://www.marsh.com/en-gb/industries/life-sciences/insights/latest-trends-and-emerging-risks-in-the-chemical-industry.html"
        ],
        "risk": "**Supply Chain Disruptions**: The pigment industry in India is vulnerable to supply chain disruptions, particularly due to its reliance on raw materials from other countries. Geopolitical tensions, such as the ongoing Russia-Ukraine conflict, and global economic uncertainties can lead to delays and increased costs. The global pigments market was valued at USD 22.91 billion in 2021 and is expected to grow at a CAGR of 5.8% to reach USD 35.13 billion by 2030. However, supply chain issues could hinder this growth."
      },
      {
        "sources": [
          "https://www.inkworldmagazine.com/issues/2020-03-01/view_features/pigment-industry-focuses-on-sustainability-raw-materials/",
          "https://www.mordorintelligence.com/industry-reports/pigments-market"
        ],
        "risk": "**Sustainability and Regulatory Pressures**: The pigment industry is under increasing pressure to adopt sustainable practices. Regulatory standards are becoming stricter, particularly concerning the use of hazardous substances. Compliance with these regulations can be costly and time-consuming. The Indian pigment market, estimated at USD 30.23 billion in 2024, is expected to grow at a CAGR of 2.8% to reach USD 34.86 billion by 2029. However, the cost of transitioning to sustainable practices could impact profitability."
      },
      {
        "sources": [
          "https://www.researchandmarkets.com/report/pigments",
          "https://www.mordorintelligence.com/industry-reports/pigments-market"
        ],
        "risk": "**Economic Factors**: The pigment industry in India is also affected by broader economic factors, such as inflation and currency fluctuations. These factors can impact the cost of raw materials and production, leading to increased prices for end consumers. The global pigments market is projected to grow, but economic instability could pose a risk to this growth. The market size is expected to reach USD 34.86 billion by 2029, growing at a CAGR of 2.8% from 2024."
      }
    ]
  },
  "brief_financials": {
    "sales": [
      { "year": "Mar 2020", "value": "221" },
      { "year": "Mar 2021", "value": "249" },
      { "year": "Mar 2022", "value": "412" },
      { "year": "Mar 2023", "value": "327" },
      { "year": "Mar 2024", "value": "-74" }
    ],
    "EBITDA": [
      { "year": "Mar 2020", "value": "126" },
      { "year": "Mar 2021", "value": "317" },
      { "year": "Mar 2022", "value": "421" },
      { "year": "Mar 2023", "value": "442" },
      { "year": "Mar 2024", "value": "47" }
    ],
    "PAT": [
      { "year": "Mar 2020", "value": "157" },
      { "year": "Mar 2021", "value": "185" },
      { "year": "Mar 2022", "value": "308" },
      { "year": "Mar 2023", "value": "250" },
      { "year": "Mar 2024", "value": "-57" }
    ],
    "total_equity_capital": [
      { "year": "Mar 2020", "value": "25" },
      { "year": "Mar 2021", "value": "25" },
      { "year": "Mar 2022", "value": "25" },
      { "year": "Mar 2023", "value": "25" },
      { "year": "Mar 2024", "value": "25" }
    ],
    "non_current_liabilities": [
      { "year": "Mar 2020", "value": "56" },
      { "year": "Mar 2021", "value": "123" },
      { "year": "Mar 2022", "value": "209" },
      { "year": "Mar 2023", "value": "274" },
      { "year": "Mar 2024", "value": "179" }
    ],
    "current_liabilities": [
      { "year": "Mar 2020", "value": "167" },
      { "year": "Mar 2021", "value": "139" },
      { "year": "Mar 2022", "value": "285" },
      { "year": "Mar 2023", "value": "419" },
      { "year": "Mar 2024", "value": "420" }
    ],
    "ebt_margin": [
      { "year": "Mar 2020", "value": "221" },
      { "year": "Mar 2021", "value": "249" },
      { "year": "Mar 2022", "value": "412" },
      { "year": "Mar 2023", "value": "327" },
      { "year": "Mar 2024", "value": "-74" }
    ],
    "non_current_assets": [
      { "year": "Mar 2020", "value": "481" },
      { "year": "Mar 2021", "value": "633" },
      { "year": "Mar 2022", "value": "735" },
      { "year": "Mar 2023", "value": "999" },
      { "year": "Mar 2024", "value": "945" }
    ],
    "current_assets": [
      { "year": "Mar 2020", "value": "296" },
      { "year": "Mar 2021", "value": "373" },
      { "year": "Mar 2022", "value": "628" },
      { "year": "Mar 2023", "value": "618" },
      { "year": "Mar 2024", "value": "481" }
    ],
    "total_assets": [
      { "year": "Mar 2020", "value": "1652" },
      { "year": "Mar 2021", "value": "1967" },
      { "year": "Mar 2022", "value": "2733" },
      { "year": "Mar 2023", "value": "3001" },
      { "year": "Mar 2024", "value": "2790" }
    ],
    "return_on_equity": [
      { "year": "Mar 2020", "value": "16%" },
      { "year": "Mar 2021", "value": "19%" },
      { "year": "Mar 2022", "value": "12%" },
      { "year": "Mar 2023", "value": "14%" },
      { "year": "Mar 2024", "value": "0%" }
    ],
    "current_ratio": [
      { "year": "Mar 2020", "value": "1.77" },
      { "year": "Mar 2021", "value": "2.68" },
      { "year": "Mar 2022", "value": "2.20" },
      { "year": "Mar 2023", "value": "1.48" },
      { "year": "Mar 2024", "value": "1.15" }
    ],
    "ebt_margin_percent": [
      { "year": "Mar 2020", "value": "22%" },
      { "year": "Mar 2021", "value": "26%" },
      { "year": "Mar 2022", "value": "25%" },
      { "year": "Mar 2023", "value": "24%" },
      { "year": "Mar 2024", "value": "24%" }
    ]
  },
  "peer_ratings": {
    "ratings": [
      {
        "company_name": "PI Industries Ltd",
        "long_term_rating": "CRISIL AA+/Stable",
        "short_term_rating": "CRISIL A1+"
      },
      {
        "company_name": "UPL Limited",
        "long_term_rating": "CRISIL AA+/Negative",
        "short_term_rating": "CRISIL A1+"
      },
      {
        "company_name": "Sumitomo Chemical India Limited",
        "long_term_rating": "CRISIL AA/Stable",
        "short_term_rating": "N/A"
      },
      {
        "company_name": "Dhanuka Agritech Limited",
        "long_term_rating": "N/A",
        "short_term_rating": "N/A"
      },
      {
        "company_name": "Rallis India Limited",
        "long_term_rating": "CRISIL AA+/Stable",
        "short_term_rating": "CRISIL A1+"
      },
      {
        "company_name": "Bharat Rasayan Limited",
        "long_term_rating": "N/A",
        "short_term_rating": "N/A"
      },
      {
        "company_name": "Sharda Cropchem Ltd",
        "long_term_rating": "N/A",
        "short_term_rating": "CRISIL A1+"
      }
    ],
    "commentary": [
      "PI Industries Ltd: CRISIL Ratings has reaffirmed its 'CRISIL AA+/Stable/CRISIL A1+' ratings on the bank facilities of PI Industries Ltd (PI; a part of the PI group). PI groups' consolidated revenue grew ~23% year on year to Rs 6,503 crore in fiscal 2023.",
      "UPL Limited: CRISIL ratings has revised its outlook on the long term bank facilities of UPL Limited (UPL) to 'Negative' from 'Stable' while reaffirming the rating at 'CRISIL AA+'. Rating on the short term bank facilities and commercial paper programme have also been reaffirmed at 'CRISIL A1+'. The rating revision follows the continued sluggishness in demand for agrochemicals in India, LatAm and the US markets for an extended period of time.",
      "Sumitomo Chemical India Limited: CRISIL Ratings has reaffirmed its 'CRISIL AA/Stable' rating on the long-term bank facility of Sumitomo Chemical India Limited (SCIL). Revenue stood at Rs.1628 crore for the first half of fiscal 2024 registering a decline of 23% year-on-year (y-o-y) owing to subdued demand in domestic market due to erratic monsoon leading to low insect infestation and delayed sowing.",
      "Rallis India Limited: CRISIL Ratings has reaffirmed its 'CRISIL AA+/Stable/CRISIL A1+' ratings on the bank facilities of Rallis India Limited (Rallis). Operating performance remained steady for fiscal 2023, with revenue (excluding other non operating income) growing 14% to Rs 2970 crore (fiscal 2022: Rs 2609 crore).",
      "Sharda Cropchem Ltd: CRISIL Ratings has reaffirmed its 'CRISIL A1+' rating on the short-term bank facilities of Sharda Cropchem Ltd (SCL). The rating continues to reflect the healthy business risk profile of SCL, driven by healthy product registrations, dominant presence in the regulated markets of NAFTA and Europe, and healthy financial risk profile."
    ]
  }
}
