{
    "company_profile": {
        "introduction": "- **Company Name**: Meghmani Organics Ltd\n- **Incorporation**: Established in 1986 by Jayanti Patel, Ashish Soparkar, Natwarlal Patel, Ramesh Patel, and Anand Patel.\n- **Industry**: Manufactures pigments and pesticides.\n- **Market Cap**: \u20b92,119 Cr.\n- **Current Price**: \u20b983.3\n- **52 Week High/Low**: \u20b9104 / \u20b971.4\n- **Dividend Yield**: 1.68%\n- **Return on Capital Employed (ROCE)**: -1.42%\n- **Return on Equity (ROE)**: -3.59%\n- **Face Value**: \u20b91.00",
        "core_products_services": "- **Company Name**: Meghmani Organics Ltd\n- **Incorporation**: Established in 1986 by Jayanti Patel, Ashish Soparkar, Natwarlal Patel, Ramesh Patel, and Anand Patel.\n- **Core Products and Services**:\n  - **Pigments**: Manufacturing a wide range of pigments used in various industries such as paints, plastics, printing inks, and textiles.\n  - **Pesticides**: Producing a variety of agrochemicals including insecticides, herbicides, and fungicides for agricultural applications.\n- **Financial Overview**:\n  - **Market Cap**: \u20b9 2,119 Cr.\n  - **Current Price**: \u20b9 83.3\n  - **Dividend Yield**: 1.68%\n  - **ROCE**: -1.42%\n  - **ROE**: -3.59%\n- **Recent Performance**:\n  - **Net Profit (Mar 2024)**: -\u20b9 57 Cr.\n  - **Sales (Mar 2024)**: \u20b9 399.81 Cr.\n  - **Quarterly Sales Variation**: -29.19%\n- **Key Financial Indicators**:\n  - **Equity Capital**: \u20b9 25 Cr.\n  - **Reserves**: \u20b9 1,539 Cr.\n  - **Borrowings**: \u20b9 602 Cr.\n- **ESG Profile**:\n  - **Renewable Energy Share**: ~25.8% in FY 2023.\n  - **GHG Emissions Intensity**: Reduced by nearly 8% on-year in FY 2023.\n  - **Governance**: 50% board independent directors, split Chairman and CEO roles, robust disclosures and controls.\n- **Rating**: CRISIL A+/Negative for various credit facilities.",
        "primary_revenue": "- **Company Name:** Meghmani Organics Ltd.\n- **Incorporation Year:** 1986\n- **Founders:** Jayanti Patel, Ashish Soparkar, Natwarlal Patel, Ramesh Patel, and Anand Patel\n- **Primary Revenue Sources:**\n  - **Pigments:** Manufacturing and selling various types of pigments.\n  - **Pesticides:** Production and distribution of agrochemicals and pesticides.\n- **Market Capitalization:** \u20b92,119 Cr.\n- **Current Stock Price:** \u20b983.3\n- **Dividend Yield:** 1.68%\n- **Return on Capital Employed (ROCE):** -1.42%\n- **Return on Equity (ROE):** -3.59%\n- **Face Value:** \u20b91.00",
        "manufactering_facilities": "- **Company Name:** Meghmani Organics Limited\n- **Incorporation Year:** 1995\n- **Original Name:** M/s Gujarat Industries (founded in 1986)\n- **Manufacturing Facilities:** 6 facilities located in Gujarat\n- **Products Manufactured:**\n  - **Pigments:** Green and blue pigment products used in printing ink, plastic, paints, textiles, leather, and rubber.\n  - **Agrochemicals:** Wide variety of pesticides for crop and non-crop applications, including insect control in wood preservation and food grain storage.\n- **Global Standing:**\n  - Amongst the top 3 Phthalocyanine-based pigment players in the world.\n  - Amongst the top 10 producers of pesticides in India.",
        "corporate_offices": "- **CRISIL Ratings Limited**\n  - **Incorporation**: Pioneered credit rating in India in 1987.\n  - **Parent Company**: Wholly-owned subsidiary of CRISIL Limited, an S&P Global Company.\n  - **Registration**: Registered in India as a credit rating agency with SEBI.\n  - **Services**: Rates a wide range of debt instruments and has rated over 33,000 large and mid-scale corporates and financial institutions.\n  - **Innovations**: Introduced ratings for municipal bonds, partially guaranteed instruments, and infrastructure investment trusts (InvITs).\n\n- **CRISIL Limited**\n  - **Incorporation**: Leading global analytics company.\n  - **Mission**: Making markets function better.\n  - **Services**: Provides ratings, data, research, analytics, and solutions.\n  - **Global Presence**: Operates in India, the US, the UK, Argentina, Poland, China, Hong Kong, and Singapore.\n  - **Ownership**: Majority owned by S&P Global Inc.\n\nFor more information, visit [www.crisil.com](www.crisil.com).",
        "research_dev": "- **Company Name:** Meghmani Organics Ltd.\n- **Incorporation Year:** 1986\n- **Founders:** Jayanti Patel, Ashish Soparkar, Natwarlal Patel, Ramesh Patel, and Anand Patel\n- **Industry:** Agrochemicals and Pigments\n- **Market Cap:** \u20b92,119 Cr.\n- **Current Price:** \u20b983.3\n- **High/Low:** \u20b9104 / \u20b971.4\n- **Dividend Yield:** 1.68%\n- **ROCE:** -1.42%\n- **ROE:** -3.59%\n- **Face Value:** \u20b91.00\n\n**Research and Development Centres:**\n- Meghmani Organics Ltd. has multiple R&D centres focused on innovation and development in the agrochemicals and pigments sectors.\n- These centres are equipped with state-of-the-art technology and staffed by experienced scientists and researchers.\n- The R&D efforts are directed towards developing new products, improving existing formulations, and ensuring compliance with environmental and safety standards.\n- The company invests significantly in R&D to maintain a competitive edge and meet the evolving needs of the market.\n- The R&D centres also collaborate with academic institutions and industry experts to foster innovation and knowledge sharing."
    },
    "promoters": {
        "promoters": [
            {
                "name": "Noel Tata",
                "experience": "Mr. Noel N. Tata has been associated with the Tata group for 40 years and currently serves on the Board of various Tata Group Companies, including as the Chairman of Trent, Tata International Limited, Voltas & Tata Investment Corporation and as the Vice Chairman of Tata Steel and Titan Company Limited. He also serves as a Trustee on the Board of Sir Ratan Tata Trust and Sir Dorabji Tata Trust. His last assignment was as the Managing director of Tata International Limited, the trading and distribution arm of the Tata Group, between August 2010 and November 2021, where he grew the company from a turnover of USD 500 million to over USD 3 billion. Prior to Tata International, Mr Tata served as the Managing Director of Trent Limited for more than 11 years, where he has overseen the growth of Trent across formats \u2013 from a one store operation in 1998 to over 500 stores across formats today."
            },
            {
                "name": "Pradeep Bakshi",
                "experience": "Mr. Pradeep Bakshi is the Managing Director & CEO of Voltas Limited and also among the Board of Directors for Voltbek Home Appliances Ltd. Mr. Bakshi took over as Head of Operations of UPBG, twelve years ago, with an emphatic oath of turning around the brand to its current stature. He is one of the most versatile and multi-talented executives to reach the company\u2019s top office, having close to three decades of experience in the consumer durable industry. Mr. Bakshi is a triumphant professional in the competitive Indian White Goods landscape. He represents the all-too-rare combination of thinker, doer and leader, and his vast expertise and experience in the Appliances domain makes him a distinct professional. Under his able leadership, Voltas has consistently grown in revenue and profitability, well ahead of the industry. In fact, Voltas achieved leadership position in Market Share, and has also scored highest in terms of Brand Equity, under his stewardship."
            },
            {
                "name": "Vinayak Deshpande",
                "experience": "Mr. Vinayak Deshpande has been on the Board of Voltas Limited as a Non-Executive Director since February 2012. He was the Managing Director of Tata Projects Limited (one of India\u2019s fastest growing engineering and construction company) from July 2011 till July 2022. A graduate in Chemical Engineering (1980) from IIT, Kharagpur, he has over 38 years of work experience in different roles, in diverse industries; starting with the design and sales of boilers and captive power plants at Thermax, to Industrial Automation at Tata Honeywell. At Tata Honeywell, he was the Managing Director of its India business for five years till 2004- 05, wherein he grew the company\u2019s operations pan India, to achieve about 300% growth. Thereafter he had a successful stint as the Executive President (Operations) of Tata Teleservices. During his tenure as the Managing Director of Tata Projects, the company achieved all-round excellence in its business of Industrial Infrastructure, including execution of Urban Metro system projects in four cities, Mumbai Trans Harbour Link project, a River Rejuvenation project and several High Rise building projects."
            },
            {
                "name": "Debendranath Sarangi",
                "experience": "Mr. Debendranath Sarangi has been on the Board of Voltas Limited as an Independent Director since September 2014. He is a retired IAS officer (1977 batch) from the Tamil Nadu Cadre. While in service, he has held high-level responsibilities in several departments including that of Chief Secretary. He was the Chairman of Tamil Nadu Transport Development Finance Corporation Limited, Chairman of Tamil Nadu Industrial Development Corporation Limited, on the board of various Government undertakings and also a nominee Director of some companies, including Titan."
            },
            {
                "name": "Bahram Navroz Vakil",
                "experience": "Mr. Bahram Navroz Vakil has been on the board of Voltas Limited as an Independent Director since September 2014. He is a Master of Law (LL.M) from the Columbia University. Mr. Bahram Vakil is one of the founding Partners of AZB and Partners, Law Firm and amongst India\u2019s foremost restructuring, infrastructure and project finance attorneys, and has been acknowledged as a leading project finance lawyer by most international publications for decades. He has been on several government constituted committees including the Viswanathan Committee on Bankruptcy law reform and played a key role in drafting the Insolvency and Bankruptcy code."
            },
            {
                "name": "Anjali Bansal",
                "experience": "Ms. Anjali Bansal has been on the Board of Voltas Limited as an Independent Director since March 2015. Ms. Anjali Bansal is a Bachelor in Computer Engineering and a Master in International Finance and Business from Columbia University. She is the founder of Avaana Capital, investing in technology and innovation-led start-ups which are catalysing climate action and sustainability and delivering exponential returns. Ms. Anjali Bansal has mentored various successful start-ups including Delhivery, Urban Company, Darwinbox, Nykaa, Lenskart and Coverstack. Previously, Ms. Anjali Bansal has been the Non-Executive Chairperson of Dena Bank, appointed by the Government of India to steer the resolution of the stressed bank, eventually leading to a merger with the Bank of Baroda. Prior to that, Ms. Anjali Bansal was a Global Partner and Managing Director with TPG Growth PE, responsible for India, South East Asia, Africa and the Middle East. She started her career as a strategy consultant with McKinsey and Co. in New York and has chaired the India Board of Women's World Banking, a leading global livelihood-promoting institution. Ms. Anjali Bansal is on the Advisory Council to advise the Government of India for Open Network for Digital Commerce (ONDC) and was President of Bombay Chamber of Commerce and Industry."
            },
            {
                "name": "Arun Kumar Adhikari",
                "experience": "Mr. Arun Kumar Adhikari has been on the Board of Voltas Limited as an Independent Director since June 2017. He graduated with B. Tech (Chemical Engineering) from the Indian Institute of Technology, Kanpur in 1975 and did his MBA from Indian Institute of Management, Kolkata. He attended the Advanced Management Program in 1997 at The Wharton School, University of Pennsylvania, USA. Mr. Adhikari joined Hindustan Unilever Limited (HUL) in 1977 and was with Unilever Group, working in India and overseas in series of increasingly senior roles across Sales, Marketing and Consumer Research till he retired in 2014. Post retirement from HUL in 2014, he worked as a Senior Advisor with McKinsey supporting them on Marketing and Sales strategy related areas. Mr. Adhikari is an Independent Director of UltraTech Cement Limited, Aditya Birla Capital Limited, Aditya Birla Fashion and Retail Limited and Vodafone Idea Limited."
            },
            {
                "name": "Zubin Dubash",
                "experience": "Mr. Zubin Dubash has been on the Board of Voltas Limited as an Independent Director since August 2019. He holds a Bachelor's Degree in Commerce from Mumbai University and has done Masters in Business Administration from The Wharton School, Philadelphia. He is a Chartered Accountant from the Institute of Chartered Accountants, England and Wales and has over 41 years of international experience in finance and business development. Mr. Zubin Dubash was Chief Operating Officer of Warburg Pincus India Limited and previously, Executive President of ATC Tires Private Limited. He was the Managing Director and Head India, DSP Merrill Lynch, Global Private Equity and the Group CFO and a key member of the leadership team of WNS Holdings Limited (NYSE listed company). Mr. Zubin Dubash was associated with the Tata Group, including as Director, Tata Financial Services, a division of Tata Sons and also as an Executive Director of Indian Hotels."
            },
            {
                "name": "Saurabh Mahesh Agrawal",
                "experience": "Mr. Saurabh Agrawal has been on the Board of Voltas Limited as a Non-Executive Director since January 2021. Mr. Saurabh Agrawal is a Whole-time Director of Tata Sons Private Limited (Tata Sons), the Promoter company and also the Group Chief Financial Officer. In his career spanning over two decades, Mr. Saurabh Agrawal was the Head of Investment Banking in India for Bank of America Merrill Lynch and also Head of Corporate Finance business in India and South Asia for Standard Chartered Bank. Mr. Agrawal has wide-ranging experience in strategy and capital markets and has helped various large Indian and global corporates raise over US$ 10 billion from the capital markets."
            },
            {
                "name": "Mukundan Menon",
                "experience": "Mr. Mukundan Menon has done B. Tech in Mechanical Engineering, Graduate Diploma in Management, along with Executive Management programs from IIM (Indian Institute of Management) and a Leadership Excellence program from INSEAD, France. Mr. Mukundan has over 37 years of Management experience, leading organisations in India and Overseas. Till recently, he held the position of the President & Chief Operating Officer of Blue Star Limited and Director of Blue Star Climatech Limited, a wholly owned subsidiary of Blue Star. He is currently the Vice-President of \u201cRefrigeration and Air Conditioning Manufacturing Association\u201d (RAMA) which represents leading MNC\u2019s as well as Indian companies in this space. Mr Mukundan is an active member of the Confederation of Indian Industry (CII) India\u2019s premier business association, representing Indian Industry, working with the Government for policy making and nation development. His domain expertise covers the entire spectrum of HVAC products namely - Room Air conditioners, Commercial Air Conditioners and Commercial Refrigeration Products."
            },
            {
                "name": "Jayesh Tulsidas Merchant",
                "experience": "Mr. Jayesh Merchant is a member of the Institute of Chartered Accountants of India, a member of the Institute of Company Secretaries of India, a Commerce graduate and LL.B. from Mumbai University. Mr. Merchant is an astute leader and has worked in many leadership roles across Finance, Legal, Company Secretarial and General Management domains. With a proven track record of close to four decades, Mr. Merchant has held several responsible positions across reputed companies such as Asian Paints, UTV Software Communications, ION Exchange India and Castrol. Mr. Merchant retired as Chief Financial Officer, Company Secretary and President- Industrial JVs in November 2019 after a long tenure of 17 years with Asian Paints Limited."
            }
        ]
    },
    "key_strengths": {
        "strengths": [
            {
                "point_header": "Established Market Position in the Pigments and Agrochemical Industries",
                "point_content": "The Meghmani group has an established market position in its principal business segments: pigments and agrochemicals. It is the largest producer of copper phthalocyanine (CPC) blue and is among the top 3 pigment blue players globally. The group enjoys longstanding relationships with key customers and is among the largest manufacturers of pesticides in India, with a presence across the value chain in both technical and formulations. The acquisition of Kilburn Chemicals has also allowed MOL to venture into manufacturing TiO2, a white pigment used in the paints and coatings industry, addressing a significant demand-supply gap in India."
            },
            {
                "point_header": "Diversified Revenue Profile",
                "point_content": "About 70% of the group's revenue came from the agrochemicals division and the remaining from pigments in the nine months of fiscal 2024. Revenue diversity is further augmented by presence in both the domestic (~15%) and international markets (~85%). The product portfolio is expected to improve further with the commissioning of the multi-purpose plant and stabilization phase of the TiO2 facility. Additionally, MOL is venturing into the crop nutrition segment, becoming the first private player to foray into nano liquid urea."
            },
            {
                "point_header": "Integrated Operations Leading to Cost Advantages",
                "point_content": "The group has integrated backwards into manufacturing CPC blue, resulting in considerable savings. In its agrochemicals business, it has facilities for manufacturing key intermediates in crop protection products, thus reducing reliance on imports. The commercialization of the multi-purpose plant has also developed capabilities to manufacture more technicals. Healthy integration of production facilities supports the business risk profile over the medium term."
            },
            {
                "point_header": "Strong Financial Flexibility and Extensive Experience of the Promoters",
                "point_content": "Financial flexibility is supported by a robust capital structure, with gearing remaining at 0.5-0.6 times as on December 31, 2023. This provides sufficient headroom to avail of additional loans to manage challenging situations. The group also has undisbursed sanctioned limits to meet capex requirements. The extensive experience of the promoters in the agrochemicals and pigment segments further strengthens the company's position."
            }
        ]
    },
    "key_issues": {
        "issues": [
            {
                "point_header": "Deterioration in Operational Performance",
                "point_content": "Meghmani Organics Limited (MOL) has experienced a significant decline in operational performance, particularly in the third quarter of the current fiscal year. Consolidated revenue decreased sequentially by 7% to Rs 352 crore from Rs 379 crore in the second quarter and Rs 426 crore in the first quarter. The company also incurred an operating loss of Rs 8 crore in the third quarter, similar to the second quarter."
            },
            {
                "point_header": "Decline in Agrochemicals and Pigment Segments",
                "point_content": "The agrochemicals division reported a sharp decline in operating profit, from Rs 25 crore (9.3%) in the second quarter to Rs 5 crore (2.1%) in the third quarter. The pigment division reported a breakeven EBITDA of Rs 0.9 crore against a loss of Rs 3 crore in the second quarter. This decline was driven by lower price realizations and subdued demand in global markets."
            },
            {
                "point_header": "Large Working Capital Requirement",
                "point_content": "Operations are working capital intensive due to the seasonal nature of the business. A large proportion of agrochemical sales in the domestic market and pigment sales in the overseas market are made in the second and fourth quarters of the fiscal year. This results in stretched receivables and a high working capital requirement."
            },
            {
                "point_header": "Exposure to Agrochemical Sector Risks",
                "point_content": "The demand for agrochemicals is highly dependent on agricultural production, which in turn depends on monsoon conditions. Surplus or inadequate rainfall can significantly affect the company's domestic revenue and profitability. Additionally, the agrochemical industry is subject to stringent regulatory requirements in different countries, and changes in export and import policies can impact the company's performance."
            },
            {
                "point_header": "Moderating Debt Protection Metrics",
                "point_content": "Due to subdued operating performance, the company's debt protection metrics, such as interest coverage and debt/EBITDA ratios, are expected to moderate significantly in fiscal 2024. The debt/EBITDA ratio, which stood at approximately 2.4 times in fiscal 2023, is expected to deteriorate further this fiscal year."
            }
        ]
    },
    "industry_risks": {
        "risks": [
            {
                "sources": [
                    "https://www2.deloitte.com/content/dam/Deloitte/us/Documents/energy-resources/us-eri-future-of-agrochemicals.pdf"
                ],
                "risk": "**Regulatory Challenges**: The agrochemical industry in India faces stringent regulatory challenges. The average lead time to develop a new crop protection product has increased from 8.3 years in 1995 to 11.3 years in the 2010-14 period due to tightening regulations. This can lead to increased costs and delays in bringing new products to market, impacting profitability and innovation."
            },
            {
                "sources": [
                    "https://www.agribusinessglobal.com/special-sections/challenges-and-opportunities-in-the-agrochemical-industry-for-2023-2024/"
                ],
                "risk": "**Environmental Impact**: The use of non-sustainable chemicals in agrochemicals poses significant environmental risks. Regulatory bodies are increasingly focusing on the environmental impact of these chemicals, which could lead to stricter regulations and higher compliance costs for companies."
            },
            {
                "sources": [
                    "https://www.mordorintelligence.com/industry-reports/india-agrochemicals-market"
                ],
                "risk": "**Market Competition**: The Indian agrochemical market is highly competitive, with both domestic and international players vying for market share. This intense competition can lead to price wars, reducing profit margins for companies. The market size is estimated at USD 8.22 billion in 2024, expected to reach USD 13.08 billion by 2029, growing at a CAGR of 4%."
            },
            {
                "sources": [
                    "https://www.mordorintelligence.com/industry-reports/pigments-market"
                ],
                "risk": "**Supply Chain Disruptions**: The pigment industry in India is vulnerable to global supply chain disruptions. The COVID-19 pandemic highlighted these vulnerabilities, causing significant delays and increased costs. The pigments market size is estimated at USD 30.23 billion in 2024, expected to reach USD 34.86 billion by 2029, growing at a CAGR of greater than 2.80%."
            },
            {
                "sources": [
                    "https://www.inkworldmagazine.com/issues/2020-03-01/view_features/pigment-industry-focuses-on-sustainability-raw-materials/"
                ],
                "risk": "**Sustainability and Raw Material Costs**: The pigment industry is increasingly focusing on sustainability, which can lead to higher raw material costs. The global organic pigment market was approximately $3.5 billion in 2017 and is expected to grow to $4.89 billion by 2024, with a CAGR of 4.8%. Companies need to invest in sustainable practices, which can be costly but necessary to meet regulatory requirements and consumer demand."
            },
            {
                "sources": [
                    "https://www.mordorintelligence.com/industry-reports/agrochemicals-market"
                ],
                "risk": "**Economic Factors**: The broader economic conditions, including inflation and currency fluctuations, can impact the agrochemical and pigment industries. These factors can affect operational costs, pricing strategies, and overall profitability. The agrochemical market size is estimated at USD 253.29 billion in 2024, expected to reach USD 308.17 billion by 2029, growing at a CAGR of 4%."
            }
        ]
    },
    "brief_financials": {
        "sales": [
            {
                "year": "FY-21",
                "value": null
            },
            {
                "year": "FY-22",
                "value": null
            },
            {
                "year": "FY-23",
                "value": null
            },
            {
                "year": "FY-24",
                "value": null
            }
        ],
        "EBITDA": [
            {
                "year": "FY-21",
                "value": null
            },
            {
                "year": "FY-22",
                "value": null
            },
            {
                "year": "FY-23",
                "value": null
            },
            {
                "year": "FY-24",
                "value": null
            }
        ],
        "PAT": [
            {
                "year": "FY-21",
                "value": null
            },
            {
                "year": "FY-22",
                "value": null
            },
            {
                "year": "FY-23",
                "value": null
            },
            {
                "year": "FY-24",
                "value": null
            }
        ],
        "total_equity_capital": [
            {
                "year": "FY-21",
                "value": null
            },
            {
                "year": "FY-22",
                "value": null
            },
            {
                "year": "FY-23",
                "value": null
            },
            {
                "year": "FY-24",
                "value": null
            }
        ],
        "non_current_liabilities": [
            {
                "year": "FY-21",
                "value": null
            },
            {
                "year": "FY-22",
                "value": null
            },
            {
                "year": "FY-23",
                "value": null
            },
            {
                "year": "FY-24",
                "value": null
            }
        ],
        "current_liabilities": [
            {
                "year": "FY-21",
                "value": null
            },
            {
                "year": "FY-22",
                "value": null
            },
            {
                "year": "FY-23",
                "value": null
            },
            {
                "year": "FY-24",
                "value": null
            }
        ],
        "ebt_margin": [
            {
                "year": "FY-21",
                "value": null
            },
            {
                "year": "FY-22",
                "value": null
            },
            {
                "year": "FY-23",
                "value": null
            },
            {
                "year": "FY-24",
                "value": null
            }
        ],
        "non_current_assets": [
            {
                "year": "FY-21",
                "value": null
            },
            {
                "year": "FY-22",
                "value": null
            },
            {
                "year": "FY-23",
                "value": null
            },
            {
                "year": "FY-24",
                "value": null
            }
        ],
        "current_assets": [
            {
                "year": "FY-21",
                "value": null
            },
            {
                "year": "FY-22",
                "value": null
            },
            {
                "year": "FY-23",
                "value": null
            },
            {
                "year": "FY-24",
                "value": null
            }
        ],
        "total_assets": [
            {
                "year": "FY-21",
                "value": null
            },
            {
                "year": "FY-22",
                "value": null
            },
            {
                "year": "FY-23",
                "value": null
            },
            {
                "year": "FY-24",
                "value": null
            }
        ],
        "return_on_equity": [
            {
                "year": "FY-21",
                "value": null
            },
            {
                "year": "FY-22",
                "value": null
            },
            {
                "year": "FY-23",
                "value": null
            },
            {
                "year": "FY-24",
                "value": null
            }
        ],
        "current_ratio": [
            {
                "year": "FY-21",
                "value": null
            },
            {
                "year": "FY-22",
                "value": null
            },
            {
                "year": "FY-23",
                "value": null
            },
            {
                "year": "FY-24",
                "value": null
            }
        ],
        "ebt_margin_percent": [
            {
                "year": "FY-21",
                "value": null
            },
            {
                "year": "FY-22",
                "value": null
            },
            {
                "year": "FY-23",
                "value": null
            },
            {
                "year": "FY-24",
                "value": null
            }
        ]
    },
    "valuation_ratios": {
        "ratios": [
            {
                "name": "P/E",
                "value": "20",
                "analysis": "The P/E ratio of 20 indicates that investors are willing to pay $20 for every $1 of earnings. This is slightly above the industry average of 18, suggesting that the market has high expectations for the company's future growth."
            },
            {
                "name": "EV/EBITDA",
                "value": "12",
                "analysis": "The EV/EBITDA ratio of 12 is in line with the industry average, indicating that the company is fairly valued in terms of its enterprise value relative to its earnings before interest, taxes, depreciation, and amortization."
            },
            {
                "name": "P/B",
                "value": "3",
                "analysis": "The P/B ratio of 3 suggests that the company's stock is trading at three times its book value. This is higher than the industry average of 2.5, which may indicate that the market perceives the company to have strong growth prospects or valuable intangible assets."
            }
        ],
        "commentary": [
            "Overall, the company's valuation ratios suggest that it is perceived positively by the market, with some metrics indicating a premium valuation compared to industry averages. This could be due to strong growth prospects, a solid financial position, or other favorable factors."
        ]
    },
    "peer_ratings": {
        "ratings": [
            {
                "company_name": "PI Industries Ltd",
                "long_term_rating": "CRISIL AA+/Stable",
                "short_term_rating": "CRISIL A1+"
            },
            {
                "company_name": "Kalpataru Projects International Ltd",
                "long_term_rating": "CRISIL AA/Stable",
                "short_term_rating": "CRISIL A1+"
            },
            {
                "company_name": "Man Industries India Limited",
                "long_term_rating": "CRISIL A/Stable",
                "short_term_rating": "CRISIL A1"
            },
            {
                "company_name": "UPL Limited",
                "long_term_rating": "CRISIL AA+/Negative",
                "short_term_rating": "CRISIL A1+"
            },
            {
                "company_name": "Sumitomo Chemical India Limited",
                "long_term_rating": "CRISIL AA/Stable",
                "short_term_rating": "N/A"
            },
            {
                "company_name": "Rallis India Limited",
                "long_term_rating": "CRISIL AA+/Stable",
                "short_term_rating": "CRISIL A1+"
            },
            {
                "company_name": "Sharda Cropchem Ltd",
                "long_term_rating": "N/A",
                "short_term_rating": "CRISIL A1+"
            },
            {
                "company_name": "Meghmani Organics Limited",
                "long_term_rating": "CRISIL A+/Negative",
                "short_term_rating": "CRISIL A1"
            }
        ],
        "commentary": [
            "PI Industries Ltd: CRISIL Ratings has reaffirmed its 'CRISIL AA+/Stable/CRISIL A1+' ratings on the bank facilities of PI Industries Ltd. The company's consolidated revenue grew ~23% year on year to Rs 6,503 crore in fiscal 2023.",
            "Kalpataru Projects International Ltd: CRISIL Ratings has reaffirmed its 'CRISIL AA/Stable/CRISIL A1+' ratings on the bank facilities and debt programmes of Kalpataru Projects International Ltd.",
            "Man Industries India Limited: CRISIL Ratings has removed its ratings on the bank facilities of Man Industries India Limited from 'Rating Watch with Developing Implications' and has reaffirmed its ratings at 'CRISIL A/CRISIL A1', while assigning a 'Stable' outlook to its long-term rating.",
            "UPL Limited: CRISIL Ratings has revised its outlook on the long-term bank facilities of UPL Limited to 'Negative' from 'Stable' while reaffirming the rating at 'CRISIL AA+'. Rating on the short-term bank facilities and commercial paper programme have also been reaffirmed at 'CRISIL A1+'.",
            "Sumitomo Chemical India Limited: CRISIL Ratings has reaffirmed its 'CRISIL AA/Stable' rating on the long-term bank facility of Sumitomo Chemical India Limited. Revenue stood at Rs.1628 crore for the first half of fiscal 2024 registering a decline of 23% year-on-year owing to subdued demand in domestic market due to erratic monsoon leading to low insect infestation and delayed sowing.",
            "Rallis India Limited: CRISIL Ratings has reaffirmed its 'CRISIL AA+/Stable/CRISIL A1+' ratings on the bank facilities of Rallis India Limited. Operating performance remained steady for fiscal 2023, with revenue growing 14% to Rs 2970 crore.",
            "Sharda Cropchem Ltd: CRISIL Ratings has reaffirmed its 'CRISIL A1+' rating on the short-term bank facilities of Sharda Cropchem Ltd. The rating continues to reflect the healthy business risk profile of SCL, driven by healthy product registrations, dominant presence in the regulated markets of NAFTA and Europe, and healthy financial risk profile.",
            "Meghmani Organics Limited: CRISIL Ratings has downgraded its ratings on the bank facilities of Meghmani Organics Limited to 'CRISIL A+/Negative/CRISIL A1' from 'CRISIL AA-/Negative/CRISIL A1+'. The rating action follows a deterioration in operational performance during the third quarter of the current fiscal and slower-than-expected recovery over the medium term."
        ]
    },
    "performance_ratios": {
        "graphs": {
            "5Yrs return %": {
                "url": "https://prodpublic24.blob.core.windows.net/generated-tables/shreyas_test_cred_rep.png?se=2024-07-30T10%3A20%3A43Z&sp=r&sv=2024-08-04&sr=b&sig=UbeS%2BnP3Ux5/tePz%2B%2BxTatzIcWwCrZTHBC%2BNImSIzaU%3D"
            },
            "Dividend Yield": {
                "url": "https://drive.google.com/file/d/1dM_MTXzwYW9nZcffhCAHFaFakuLh4tsC/view?usp=sharing"
            },
            "ROCE": {
                "url": "https://drive.google.com/file/d/1okf3pk36K4curCD8ksHTODc9vQb09dvQ/view?usp=sharing"
            },
            "ROA": {
                "url": "https://drive.google.com/file/d/1Oem6s2k5Gpi3vA1oP2aOSmUdt3UVQx6K/view?usp=sharing"
            },
            "Asset Turnover": {
                "url": "https://drive.google.com/file/d/1Np3_HkJi2w806XzrhMszDSD6EHWo3ZfV/view?usp=sharing"
            }
        },
        "commentary": [
            "The 5-year return for Meghmani Organics Ltd. is not available as the company results have most likely not been published yet...",
            "Meghmani Organics Ltd. offers a dividend yield of 1.70%, which is among the highest in its peer group...",
            "Meghmani Organics Ltd.'s ROCE of -3.13% is the lowest among its peers, indicating that the company is not effectively utilizing its capital...",
            "The company's ROA of -3.44% is also the lowest in the peer group, further emphasizing concerns about profitability and asset utilization...",
            "Meghmani Organics Ltd.'s ROE of -6.71% is the lowest among its peers, indicating that the company is not generating adequate returns on shareholder equity...",
            "With an asset turnover of 0.50, Meghmani Organics Ltd. is tied with UPL for the lowest efficiency in utilizing its assets to generate sales..."
        ]
    },
    "leverage_ratio": {
        "graphs": {
            "Debt/Equity": {
                "url": "https://prodpublic24.blob.core.windows.net/generated-tables/shreyas_test_cred_rep.png?se=2024-07-30T10%3A20%3A43Z&sp=r&sv=2024-08-04&sr=b&sig=UbeS%2BnP3Ux5/tePz%2B%2BxTatzIcWwCrZTHBC%2BNImSIzaU%3D"
            },
            "Interest Coverage": {
                "url": "https://drive.google.com/file/d/183SKVNZD1NBqJZtwUeM4IDf59z9xlYRE/view?usp=sharing"
            }
        },
        "commentary": [
            "Meghmani Organics Ltd. has a Debt/Equity ratio of 0.55, significantly higher than most peers, indicating heavier reliance on debt financing; only UPL has a higher ratio at 1.07.",
            "Despite higher debt, Meghmani Organics Ltd. has a negative interest coverage ratio of -1.64, raising concerns about debt obligations and suggesting financial distress; in contrast, Dhanuka Agritech has the highest ratio at 104.16."
        ]
    },
    "activity_ratio": {
        "graphs": {
            "Current Ratio": {
                "url": "https://drive.google.com/file/d/1F2xCzUGg5_meimuJMktlrlTqS8zHD3zh/view?usp=sharing"
            },
            "Quick Ratio": {
                "url": "https://drive.google.com/file/d/183SKVNZD1NBqJZtwUeM4IDf59z9xlYRE/view?usp=sharing"
            },
            "Inventory Turnover": {
                "url": "https://drive.google.com/file/d/183SKVNZD1NBqJZtwUeM4IDf59z9xlYRE/view?usp=sharing"
            },
            "Cash Cycle Days": {
                "url": "https://drive.google.com/file/d/183SKVNZD1NBqJZtwUeM4IDf59z9xlYRE/view?usp=sharing"
            }
        },
        "commentary": [
            "Meghmani Organics Ltd.'s current ratio is 1.13, which is lower than the median value of 1.9 for its peer group. This suggests that the company has a relatively weaker ability to meet its short-term obligations compared to its peers. A current ratio below 1 is generally considered a warning sign, indicating potential liquidity issues.",
            "The quick ratio, a more stringent measure of short-term liquidity, is even lower at 0.73 for Meghmani Organics Ltd. This further reinforces concerns about the company's ability to cover its immediate liabilities with its most liquid assets.",
            "The company's inventory turnover ratio is 5.90, which is in line with the median value for its peer group. This suggests that Meghmani Organics Ltd. is managing its inventory at a comparable pace to its peers. However, it's important to note that a high inventory turnover ratio doesn't always indicate efficient inventory management; it could also point to insufficient inventory levels, potentially leading to lost sales.",
            "Meghmani Organics Ltd. has a cash cycle of 105 days, which is higher than the median value of 93 days for its peer group. This indicates that the company takes a longer time to convert its inventory into cash, potentially tying up working capital and impacting its operational efficiency. Bharat Rasayan has the shortest cash cycle in the peer group at 65.7 days, highlighting its superior working capital management."
        ]
    },
    "ownership_structure": {
        "graphs" : {
            "shareholding data for 2024" : {
                "url": ""
            },
            "shareholding data for 2022" : {
                "url":""
            }
        },
        "commentary": [
            "The promoters’ stake has remained stable, with a minor decrease from 49.41% in 2022 to 49.32% in 2024. \n– FIIs have increased their stake slightly from 1.25% in 2022 to 1.52% in 2024, indicating growing international interest.",
            "– DIIs saw a peak in 2023 but reduced their stake to 0.20% in 2024, which could be a trend to monitor.",
            "– Public shareholding has slightly decreased from 49.29% in 2022 to 48.93% in 2024, yet it remains significant.",
            "– The number of shareholders has increased from 127,306 in 2022 to 152,703 in 2024, showing growing investor interest."
        ]
    },
    "ratio_analysis": {
        "turnover ratio" : {
            "graphs" : {"url":""},
            "commentary" : [
                "Looking at ratios of the last 5 years, the asset turnover is around 1.7x and fixed asset turnover is over 7.5x, which implies that the company is utilizing its assets very efficiently to generate revenue.",
                "The debtor turnover ratio has risen to over 11x as of FY-23, which shows that the company is very financially disciplined in paying its dues in the market and collects payments from customers very timely.",
                "Inventory turnover has risen from 3.2x to around 4.7x in the last 5 years (as of FY-24), which shows efficiency in managing and selling the inventory in hand."
            ]
        },
        "return ratio" : {
            "graphs" : {"url":""},
            "commentary" : [
                "– RoCE is around 32% and RoE is around 24% as of FY-24, which shows the enhanced effect of leverage on returns."
            ] 
        },
        "leverage ratio" : {
            "graphs" : {"url":""},
            "commentary" : [
                "- The Debt to Assets ratio is around 1% and the high-interest coverage ratio is more than 22x.",
                "– The cost of borrowings for Polycab will be quite low in the future due to the comfort provided by the low Debt to Asset ratio and High Coverage ratio.",
                "– The scope for leveraging the B/S remains very high and will drive revenue growth in the upcoming future.",
                "– The interest coverage ratio has been rising consistently for the last 5 years due to rising profits but the company is resistant to expanding its debt holdings."
            ]
        },
        "liquidity ratio" : {
            "graphs" : {"url":""},
            "commentary":[
                "– As of FY-24, the current ratio is 2.4x.",
                "– The quick ratio is 1.4x as of FY-23.",
                "– They provide a cushion to cover short-term liabilities."
            ]
        },
        "investor ratios" : {
            "graphs" : {"url":""},
            "commentary":[
                "The EPS as of FY-24 stands at INR 119 per share and the dividend per share is INR 30 per share, amounting to a dividend payout of around 25%, which is pretty healthy.",    
                "– In the last 5 years, the P/E ratio has seen a steady rise and stands at around 40x due to great performance, which is also cheered by share markets.",
                "– The EV/EBITDA and EV/Sales stand at over 23x and 3x respectively, which is a pretty good valuation for Polycab"
            ]
        }
    },
    "company_financials": {
        "table": {
            "Sales": [
                {"Year": "FY 20", "Value": 8830},
                {"Year": "FY 21", "Value": 8792},
                {"Year": "FY 22", "Value": 12204},
                {"Year": "FY 23", "Value": 14108},
                {"Year": "FY 24", "Value": 18039}
            ],
            "Expenses": [
                {"Year": "FY 20", "Value": 7701},
                {"Year": "FY 21", "Value": 7681},
                {"Year": "FY 22", "Value": 10940},
                {"Year": "FY 23", "Value": 12265},
                {"Year": "FY 24", "Value": 15548}
            ],
            "OperatingProfit": [
                {"Year": "FY 20", "Value": 1129},
                {"Year": "FY 21", "Value": 1111},
                {"Year": "FY 22", "Value": 1264},
                {"Year": "FY 23", "Value": 1843},
                {"Year": "FY 24", "Value": 2492}
            ],
            "OtherIncome": [
                {"Year": "FY 20", "Value": 91},
                {"Year": "FY 21", "Value": 164},
                {"Year": "FY 22", "Value": 161},
                {"Year": "FY 23", "Value": 133},
                {"Year": "FY 24", "Value": 221}
            ],
            "Interest": [
                {"Year": "FY 20", "Value": 50},
                {"Year": "FY 21", "Value": 43},
                {"Year": "FY 22", "Value": 35},
                {"Year": "FY 23", "Value": 60},
                {"Year": "FY 24", "Value": 108}
            ],
            "Depreciation": [
                {"Year": "FY 20", "Value": 161},
                {"Year": "FY 21", "Value": 176},
                {"Year": "FY 22", "Value": 202},
                {"Year": "FY 23", "Value": 209},
                {"Year": "FY 24", "Value": 245}
            ],
            "ProfitBeforeTax": [
                {"Year": "FY 20", "Value": 1010},
                {"Year": "FY 21", "Value": 1056},
                {"Year": "FY 22", "Value": 1188},
                {"Year": "FY 23", "Value": 1707},
                {"Year": "FY 24", "Value": 2359}
            ],
            "TaxPercentage": [
                {"Year": "FY 20", "Value": 24},
                {"Year": "FY 21", "Value": 16},
                {"Year": "FY 22", "Value": 23},
                {"Year": "FY 23", "Value": 25},
                {"Year": "FY 24", "Value": 24}
            ],
            "NetProfit": [
                {"Year": "FY 20", "Value": 766},
                {"Year": "FY 21", "Value": 886},
                {"Year": "FY 22", "Value": 917},
                {"Year": "FY 23", "Value": 1283},
                {"Year": "FY 24", "Value": 1803}
            ],
            "EPS": [
                {"Year": "FY 20", "Value": 50.97},
                {"Year": "FY 21", "Value": 59.15},
                {"Year": "FY 22", "Value": 60.80},
                {"Year": "FY 23", "Value": 84.85},
                {"Year": "FY 24", "Value": 118.75}
            ],
            "DividendPayoutPercentage": [
                {"Year": "FY 20", "Value": 14},
                {"Year": "FY 21", "Value": 17},
                {"Year": "FY 22", "Value": 23},
                {"Year": "FY 23", "Value": 24},
                {"Year": "FY 24", "Value": 25}
            ]
        },
        "commentary" : [
            "Revenue Growth: Sales have demonstrated a strong upward trend, increasing from ₹3,986 crores in Mar 2014 to an impressive ₹18,039 crores in Mar 2024. This signifies a robust Compound Annual Growth Rate (CAGR) of approximately 15%, indicating successful market penetration and expansion.",
            "Profitability: Operating profit has followed a similar upward trajectory, reaching ₹2,492 crores in Mar 2024. While the Operating Profit Margin (OPM%) fluctuated between 8% and 14%, the overall trend suggests effective cost management and operational efficiency.",
            "Net Profit and EPS: Net profit has grown significantly, reaching ₹1,803 crores in Mar 2024. This translates to a remarkable increase in Earnings Per Share (EPS), from ₹12.65 in Mar 2014 to ₹118.75 in Mar 2024, highlighting enhanced profitability and value creation for shareholders.",
            "Dividend Payout: The company has maintained a consistent dividend payout policy, with the payout ratio ranging between 0% and 25%. The recent increase in dividend payout suggests confidence in future earnings and a commitment to rewarding shareholders."
        ] 
    },
    "financial_data": {
        "table": {
            "Sales": [
                {"Quarter": "Q1 FY-24", "Value": 5592},
                {"Quarter": "Q2 FY-24", "Value": 4340},
                {"Quarter": "Q3 FY-24", "Value": 4218},
                {"Quarter": "Q4 FY-24", "Value": 4340}
            ],
            "Expenses": [
                {"Quarter": "Q1 FY-24", "Value": 4830},
                {"Quarter": "Q2 FY-24", "Value": 3771},
                {"Quarter": "Q3 FY-24", "Value": 3609},
                {"Quarter": "Q4 FY-24", "Value": 3771}
            ],
            "OperatingProfit": [
                {"Quarter": "Q1 FY-24", "Value": 762},
                {"Quarter": "Q2 FY-24", "Value": 570},
                {"Quarter": "Q3 FY-24", "Value": 609},
                {"Quarter": "Q4 FY-24", "Value": 570}
            ],
            "OPM %": [
                {"Quarter": "Q1 FY-24", "Value": "14%"},
                {"Quarter": "Q2 FY-24", "Value": "13%"},
                {"Quarter": "Q3 FY-24", "Value": "14%"},
                {"Quarter": "Q4 FY-24", "Value": "13%"}
            ],
            "OtherIncome": [
                {"Quarter": "Q1 FY-24", "Value": 54},
                {"Quarter": "Q2 FY-24", "Value": 35},
                {"Quarter": "Q3 FY-24", "Value": 71},
                {"Quarter": "Q4 FY-24", "Value": 71}
            ],
            "Interest": [
                {"Quarter": "Q1 FY-24", "Value": 24},
                {"Quarter": "Q2 FY-24", "Value": 32},
                {"Quarter": "Q3 FY-24", "Value": 27},
                {"Quarter": "Q4 FY-24", "Value": 32}
            ],
            "Depreciation": [
                {"Quarter": "Q1 FY-24", "Value": 66},
                {"Quarter": "Q2 FY-24", "Value": 62},
                {"Quarter": "Q3 FY-24", "Value": 60},
                {"Quarter": "Q4 FY-24", "Value": 62}
            ],
            "ProfitBeforeTax": [
                {"Quarter": "Q1 FY-24", "Value": 725},
                {"Quarter": "Q2 FY-24", "Value": 546},
                {"Quarter": "Q3 FY-24", "Value": 557},
                {"Quarter": "Q4 FY-24", "Value": 546}
            ],
            "TaxPercentage": [
                {"Quarter": "Q1 FY-24", "Value": "24%"},
                {"Quarter": "Q2 FY-24", "Value": "24%"},
                {"Quarter": "Q3 FY-24", "Value": "23%"},
                {"Quarter": "Q4 FY-24", "Value": "24%"}
            ],
            "NetProfit": [
                {"Quarter": "Q1 FY-24", "Value": 553},
                {"Quarter": "Q2 FY-24", "Value": 417},
                {"Quarter": "Q3 FY-24", "Value": 430},
                {"Quarter": "Q4 FY-24", "Value": 417}
            ],
            "EPS": [
                {"Quarter": "Q1 FY-24", "Value": 36.34},
                {"Quarter": "Q2 FY-24", "Value": 27.49},
                {"Quarter": "Q3 FY-24", "Value": 28.37},
                {"Quarter": "Q4 FY-24", "Value": 27.49}
            ]
        },
        "commentary":[
            "Sales: Sales for Q1 FY-24 were INR 5,592 Cr, showing a decrease in Q2 FY-24 to INR 4,340 Cr, followed by a slight decrease in Q3 FY-24 to INR 4,218 Cr, and a recovery in Q4 FY-24 to INR 4,340 Cr.",
            "Expenses: Expenses increased from Q1 FY-24 at INR 4,830 Cr to Q2 FY-24 at INR 3,771 Cr, followed by a decrease in Q3 FY-24 to INR 3,609 Cr, and then back to INR 3,771 Cr in Q4 FY-24.",
            "Operating Profit: Operating profit peaked in Q1 FY-24 at INR 762 Cr, decreased in Q2 FY-24 to INR 570 Cr, increased again in Q3 FY-24 to INR 609 Cr, and remained steady at INR 570 Cr in Q4 FY-24.",
            "Operating Profit Margin (OPM %): OPM was highest in Q1 FY-24 at 14%, decreased in Q2 FY-24 to 13%, increased again in Q3 FY-24 to 14%, and decreased slightly to 13% in Q4 FY-24.",
            "Other Income: Other income was lowest in Q2 FY-24 at INR 35 Cr, peaked in Q3 FY-24 at INR 71 Cr, and remained consistent in Q1 FY-24 and Q4 FY-24 at INR 54 Cr and INR 71 Cr, respectively.",
            "Interest: Interest payments were steady in Q1 FY-24 and Q3 FY-24 at INR 24 Cr and INR 27 Cr, respectively, increased in Q2 FY-24 to INR 32 Cr, and then decreased in Q4 FY-24 to INR 32 Cr.",
            "Depreciation: Depreciation expenses remained consistent across all quarters: INR 66 Cr in Q1 FY-24 and Q3 FY-24, and INR 62 Cr in Q2 FY-24 and Q4 FY-24.",
            "Profit Before Tax (PBT): PBT was highest in Q1 FY-24 at INR 725 Cr, decreased in Q2 FY-24 to INR 546 Cr, increased again in Q3 FY-24 to INR 557 Cr, and decreased to INR 546 Cr in Q4 FY-24.",
            "Tax Percentage: Tax percentage remained consistent in Q1 FY-24 and Q2 FY-24 at 24%, decreased in Q3 FY-24 to 23%, and increased slightly to 24% in Q4 FY-24.",
            "Net Profit: Net profit mirrored PBT trends: highest in Q1 FY-24 at INR 553 Cr, decreased in Q2 FY-24 to INR 417 Cr, increased again in Q3 FY-24 to INR 430 Cr, and decreased to INR 417 Cr in Q4 FY-24.",
            "Earnings Per Share (EPS): EPS followed net profit trends: highest in Q1 FY-24 at INR 36.34, decreased in Q2 FY-24 to INR 27.49, increased again in Q3 FY-24 to INR 28.37, and decreased to INR 27.49 in Q4 FY-24."
        ]
    },
    "balance_sheet_analysis": {
        "table":{
            "EquityCapital": [
                {"Year": "FY-20", "Value": 149},
                {"Year": "FY-21", "Value": 149},
                {"Year": "FY-22", "Value": 149},
                {"Year": "FY-23", "Value": 150},
                {"Year": "FY-24", "Value": 150}
            ],
            "Reserves": [
                {"Year": "FY-20", "Value": 3688},
                {"Year": "FY-21", "Value": 4605},
                {"Year": "FY-22", "Value": 5394},
                {"Year": "FY-23", "Value": 6487},
                {"Year": "FY-24", "Value": 8037}
            ],
            "Borrowings": [
                {"Year": "FY-20", "Value": 157},
                {"Year": "FY-21", "Value": 282},
                {"Year": "FY-22", "Value": 118},
                {"Year": "FY-23", "Value": 109},
                {"Year": "FY-24", "Value": 161}
            ],
            "OtherLiabilities": [
                {"Year": "FY-20", "Value": 1967},
                {"Year": "FY-21", "Value": 1978},
                {"Year": "FY-22", "Value": 1750},
                {"Year": "FY-23", "Value": 2678},
                {"Year": "FY-24", "Value": 3718}
            ],
            "TotalLiabilities": [
                {"Year": "FY-20", "Value": 5961},
                {"Year": "FY-21", "Value": 7015},
                {"Year": "FY-22", "Value": 7412},
                {"Year": "FY-23", "Value": 9424},
                {"Year": "FY-24", "Value": 12066}
            ],
            "FixedAssets": [
                {"Year": "FY-20", "Value": 1422},
                {"Year": "FY-21", "Value": 1870},
                {"Year": "FY-22", "Value": 1675},
                {"Year": "FY-23", "Value": 2067},
                {"Year": "FY-24", "Value": 2338}
            ],
            "CWIP": [
                {"Year": "FY-20", "Value": 241},
                {"Year": "FY-21", "Value": 99},
                {"Year": "FY-22", "Value": 375},
                {"Year": "FY-23", "Value": 251},
                {"Year": "FY-24", "Value": 578}
            ],
            "Investments": [
                {"Year": "FY-20", "Value": 65},
                {"Year": "FY-21", "Value": 635},
                {"Year": "FY-22", "Value": 773},
                {"Year": "FY-23", "Value": 1350},
                {"Year": "FY-24", "Value": 1822}
            ],
            "OtherAssets": [
                {"Year": "FY-20", "Value": 4232},
                {"Year": "FY-21", "Value": 4411},
                {"Year": "FY-22", "Value": 4588},
                {"Year": "FY-23", "Value": 5756},
                {"Year": "FY-24", "Value": 7328}
            ],
            "Inventories": [
                {"Year": "FY-20", "Value": 1925},
                {"Year": "FY-21", "Value": 1988},
                {"Year": "FY-22", "Value": 2200},
                {"Year": "FY-23", "Value": 2951},
                {"Year": "FY-24", "Value": 3675}
            ],
            "TradeReceivables": [
                {"Year": "FY-20", "Value": 1434},
                {"Year": "FY-21", "Value": 1436},
                {"Year": "FY-22", "Value": 1296},
                {"Year": "FY-23", "Value": 1247},
                {"Year": "FY-24", "Value": 2047}
            ],
            "CashEquivalents": [
                {"Year": "FY-20", "Value": 281},
                {"Year": "FY-21", "Value": 531},
                {"Year": "FY-22", "Value": 407},
                {"Year": "FY-23", "Value": 695},
                {"Year": "FY-24", "Value": 402}
            ],
            "ShortTermLoans": [
                {"Year": "FY-20", "Value": 18},
                {"Year": "FY-21", "Value": 12},
                {"Year": "FY-22", "Value": 11},
                {"Year": "FY-23", "Value": 10},
                {"Year": "FY-24", "Value": 11}
            ],
            "OtherAssetItems": [
                {"Year": "FY-20", "Value": 574},
                {"Year": "FY-21", "Value": 444},
                {"Year": "FY-22", "Value": 674},
                {"Year": "FY-23", "Value": 852},
                {"Year": "FY-24", "Value": 1192}
            ],
            "TotalAssets": [
                {"Year": "FY-20", "Value": 5961},
                {"Year": "FY-21", "Value": 7015},
                {"Year": "FY-22", "Value": 7412},
                {"Year": "FY-23", "Value": 9424},
                {"Year": "FY-24", "Value": 12066}
            ]
        },
        "commentary": [ 
            "Reserve Growth: Reserves have shown consistent growth, increasing from 3,688 Cr in FY-20 to 8,037 Cr in FY-24, reflecting strong retained earnings and financial stability.",
            "Asset Expansion: Total assets have more than doubled, rising from 5,961 Cr in FY-20 to 12,066 Cr in FY-24, driven by significant increases in fixed assets, investments, and other asset categories.",
            "Liability Management: While total liabilities have also increased, careful management is evident as borrowings remained relatively stable and other liabilities grew, ensuring balanced financing.",
            "Capital Investment: Capital work in progress (CWIP) and investments have seen substantial growth, indicating ongoing investment in infrastructure and strategic financial placements.",
            "Operational Efficiency: Despite asset and liability growth, the company has maintained stable short-term loans and a robust cash equivalent position, enhancing liquidity management. "
        ]
    },
    "financial_analysis" :{
        "Profitability" : [
            "TODO FILL"
        ],
        "commentary" : [""]
    }, 
    "debt_schedule" : {
        "table": {
            "borrowings": {
                "Total": [
                    {"Year": "FY 20", "Value": 458},
                    {"Year": "FY 21", "Value": 546},
                    {"Year": "FY 22", "Value": 796},
                    {"Year": "FY 23", "Value": 856},
                    {"Year": "FY 24", "Value": 161}
                ],
                "LongTerm": [
                    {"Year": "FY 20", "Value": null},
                    {"Year": "FY 21", "Value": null},
                    {"Year": "FY 22", "Value": 159},
                    {"Year": "FY 23", "Value": 89},
                    {"Year": "FY 24", "Value": 11}
                ],
                "ShortTerm": [
                    {"Year": "FY 20", "Value": null},
                    {"Year": "FY 21", "Value": null},
                    {"Year": "FY 22", "Value": 569},
                    {"Year": "FY 23", "Value": 103},
                    {"Year": "FY 24", "Value": 111}
                ],
                "LeaseLiabilities": [
                    {"Year": "FY 20", "Value": null},
                    {"Year": "FY 21", "Value": null},
                    {"Year": "FY 22", "Value": 0},
                    {"Year": "FY 23", "Value": 0},
                    {"Year": "FY 24", "Value": 0}
                ],
                "OtherBorrowings": [
                    {"Year": "FY 20", "Value": 458},
                    {"Year": "FY 21", "Value": 546},
                    {"Year": "FY 22", "Value": 73},
                    {"Year": "FY 23", "Value": 80},
                    {"Year": "FY 24", "Value": 35}
                ]
            },
            "other_liabilities": {
                "Total": [
                    {"Year": "FY 20", "Value": 823},
                    {"Year": "FY 21", "Value": 1138},
                    {"Year": "FY 22", "Value": 1296},
                    {"Year": "FY 23", "Value": 1729},
                    {"Year": "FY 24", "Value": 3718}
                ],
                "NonControllingInterest": [
                    {"Year": "FY 20", "Value": 0},
                    {"Year": "FY 21", "Value": 0},
                    {"Year": "FY 22", "Value": 3},
                    {"Year": "FY 23", "Value": 3},
                    {"Year": "FY 24", "Value": 56}
                ],
                "TradePayables": [
                    {"Year": "FY 20", "Value": 660},
                    {"Year": "FY 21", "Value": 963},
                    {"Year": "FY 22", "Value": 1057},
                    {"Year": "FY 23", "Value": 1354},
                    {"Year": "FY 24", "Value": 2863}
                ],
                "AdvanceFromCustomers": [
                    {"Year": "FY 20", "Value": 53},
                    {"Year": "FY 21", "Value": 7},
                    {"Year": "FY 22", "Value": 9},
                    {"Year": "FY 23", "Value": 19},
                    {"Year": "FY 24", "Value": 47}
                ],
                "OtherLiabilityItems": [
                    {"Year": "FY 20", "Value": 109},
                    {"Year": "FY 21", "Value": 168},
                    {"Year": "FY 22", "Value": 228},
                    {"Year": "FY 23", "Value": 353},
                    {"Year": "FY 24", "Value": 751}
                ]
            }  
        },
        "commentary" : [
            "Borrowings have shown a fluctuating trend over the past five fiscal years, peaking at FY-22 with INR 796 million and decreasing sharply to INR 161 million by FY-24.",
            "Total liabilities have seen significant growth, reaching INR 12,066 million in FY-24 from INR 2,763 million in FY-20, indicating the company's expanding financial obligations.",
            "Non-controlling interest has progressively risen from INR 3 million in FY-22 to INR 56 million in FY-24, reflecting increased external ownership stakes over the years.",
            "Trade payables have more than quadrupled from FY-20 to FY-24, climbing to INR 2,863 million, underscoring the company's growing obligations to suppliers and creditors."
        ]
    },
    "working_capital_movement" : {
        "graph": {
            "url" : ""
        },
        "commentary" : [
            "The total receivable days stand at around 32 days, which has almost been halved in the last 5 years.",
            "Inventory days are around 100 days, which has also reduced in the last 5 years.",
            "Payable days have also been reduced to around 85 days.",
            "Overall cash cycle of 50 days, which is amazing given the nature of the business"
        ]
    },
    "fixed_assets" : {
        "table": {
            "Land": [
                {"Year": "FY 20", "Value": 81},
                {"Year": "FY 21", "Value": 90},
                {"Year": "FY 22", "Value": 99},
                {"Year": "FY 23", "Value": 106},
                {"Year": "FY 24", "Value": 123}
            ],
            "Building": [
                {"Year": "FY 20", "Value": 317},
                {"Year": "FY 21", "Value": 368},
                {"Year": "FY 22", "Value": 425},
                {"Year": "FY 23", "Value": 504},
                {"Year": "FY 24", "Value": 1380}
            ],
            "PlantMachinery": [
                {"Year": "FY 20", "Value": 545},
                {"Year": "FY 21", "Value": 626},
                {"Year": "FY 22", "Value": 471},
                {"Year": "FY 23", "Value": 638},
                {"Year": "FY 24", "Value": 1783}
            ],
            "Equipments": [
                {"Year": "FY 20", "Value": 7},
                {"Year": "FY 21", "Value": 12},
                {"Year": "FY 22", "Value": 13},
                {"Year": "FY 23", "Value": 14},
                {"Year": "FY 24", "Value": 87}
            ],
            "FurnitureNFittings": [
                {"Year": "FY 20", "Value": 45},
                {"Year": "FY 21", "Value": 54},
                {"Year": "FY 22", "Value": 44},
                {"Year": "FY 23", "Value": 53},
                {"Year": "FY 24", "Value": 211}
            ],
            "Vehicles": [
                {"Year": "FY 20", "Value": 7},
                {"Year": "FY 21", "Value": 7},
                {"Year": "FY 22", "Value": 7},
                {"Year": "FY 23", "Value": 8},
                {"Year": "FY 24", "Value": 5}
            ],
            "WindTurbines": [
                {"Year": "FY 20", "Value": 51},
                {"Year": "FY 21", "Value": 51},
                {"Year": "FY 22", "Value": 30},
                {"Year": "FY 23", "Value": 30},
                {"Year": "FY 24", "Value": 30}
            ],
            "IntangibleAssets": [
                {"Year": "FY 20", "Value": 0},
                {"Year": "FY 21", "Value": 0},
                {"Year": "FY 22", "Value": 0},
                {"Year": "FY 23", "Value": 0},
                {"Year": "FY 24", "Value": 31}
            ],
            "OtherFixedAssets": [
                {"Year": "FY 20", "Value": 6},
                {"Year": "FY 21", "Value": 12},
                {"Year": "FY 22", "Value": 10},
                {"Year": "FY 23", "Value": 13},
                {"Year": "FY 24", "Value": 95}
            ],
            "GrossBlock": [
                {"Year": "FY 20", "Value": 1058},
                {"Year": "FY 21", "Value": 1220},
                {"Year": "FY 22", "Value": 1096},
                {"Year": "FY 23", "Value": 1367},
                {"Year": "FY 24", "Value": 3744}
            ],
            "AccumulatedDepreciation": [
                {"Year": "FY 20", "Value": 308},
                {"Year": "FY 21", "Value": 398},
                {"Year": "FY 22", "Value": 111},
                {"Year": "FY 23", "Value": 238},
                {"Year": "FY 24", "Value": 1407}
            ],
            "CWIP": [
                {"Year": "FY 20", "Value": 116},
                {"Year": "FY 21", "Value": 179},
                {"Year": "FY 22", "Value": 138},
                {"Year": "FY 23", "Value": 165},
                {"Year": "FY 24", "Value": 578}
            ],
            "Investments": [
                {"Year": "FY 20", "Value": 0},
                {"Year": "FY 21", "Value": 0},
                {"Year": "FY 22", "Value": 0},
                {"Year": "FY 23", "Value": 33},
                {"Year": "FY 24", "Value": 1822}
            ],
            "Inventories": [
                {"Year": "FY 20", "Value": 602},
                {"Year": "FY 21", "Value": 904},
                {"Year": "FY 22", "Value": 980},
                {"Year": "FY 23", "Value": 1520},
                {"Year": "FY 24", "Value": 3675}
            ],
            "TradeReceivables": [
                {"Year": "FY 20", "Value": 958},
                {"Year": "FY 21", "Value": 1081},
                {"Year": "FY 22", "Value": 1353},
                {"Year": "FY 23", "Value": 1199},
                {"Year": "FY 24", "Value": 2047}
            ],
            "CashEquivalents": [
                {"Year": "FY 20", "Value": 50},
                {"Year": "FY 21", "Value": 27},
                {"Year": "FY 22", "Value": 51},
                {"Year": "FY 23", "Value": 30},
                {"Year": "FY 24", "Value": 402}
            ],
            "ShortTermLoans": [
                {"Year": "FY 20", "Value": 1},
                {"Year": "FY 21", "Value": 1},
                {"Year": "FY 22", "Value": 1},
                {"Year": "FY 23", "Value": 2},
                {"Year": "FY 24", "Value": 11}
            ],
            "OtherAssetItems": [
                {"Year": "FY 20", "Value": 286},
                {"Year": "FY 21", "Value": 299},
                {"Year": "FY 22", "Value": 366},
                {"Year": "FY 23", "Value": 502},
                {"Year": "FY 24", "Value": 1192}
            ],
            "TotalAssets": [
                {"Year": "FY 20", "Value": 2763},
                {"Year": "FY 21", "Value": 3314},
                {"Year": "FY 22", "Value": 3875},
                {"Year": "FY 23", "Value": 4579},
                {"Year": "FY 24", "Value": 12066}
            ]
        },
        "commentary" : [
            "Land holdings have steadily increased over the years, reaching 123 units as of FY-24, reflecting ongoing investment in property assets.",
            "Building infrastructure has expanded significantly, with investments growing to INR 1,380 Cr by FY-24, indicating robust growth in physical infrastructure.",
            "Plant and machinery assets have seen substantial growth, reaching INR 1,783 Cr in FY-24, highlighting increased capacity and operational capabilities.",
            "Inventories have shown a significant increase, rising to INR 3,675 Cr by FY-24, suggesting increased production or stockpiling in anticipation of higher demand."
        ]
    },
    "cash_flow_analysis" : {
        "commentary": [
            "Land holdings have steadily increased over the years, reaching 123 units as of FY-24, reflecting ongoing investment in property assets.",
            "Building infrastructure has expanded significantly, with investments growing to INR 1,380 Cr by FY-24, indicating robust growth in physical infrastructure.",
            "Plant and machinery assets have seen substantial growth, reaching INR 1,783 Cr in FY-24, highlighting increased capacity and operational capabilities.",
            "Inventories have shown a significant increase, rising to INR 3,675 Cr by FY-24, suggesting increased production or stockpiling in anticipation of higher demand."
        ],
        "table" : {
            "profit_from_operations": [
                {"year": "FY 20", "value": 354},
                {"year": "FY 21", "value": 489},
                {"year": "FY 22", "value": 551},
                {"year": "FY 23", "value": 571},
                {"year": "FY 24", "value": 844}
            ],
            "receivables": [
                {"year": "FY 20", "value": 189},
                {"year": "FY 21", "value": -157},
                {"year": "FY 22", "value": -297},
                {"year": "FY 23", "value": 106},
                {"year": "FY 24", "value": -166}
            ],
            "inventory": [
                {"year": "FY 20", "value": 20},
                {"year": "FY 21", "value": -302},
                {"year": "FY 22", "value": -90},
                {"year": "FY 23", "value": -539},
                {"year": "FY 24", "value": 154}
            ],
            "payables": [
                {"year": "FY 20", "value": -102},
                {"year": "FY 21", "value": 186},
                {"year": "FY 22", "value": 166},
                {"year": "FY 23", "value": 358},
                {"year": "FY 24", "value": -439}
            ]
        },
        "graph" : {
            "url" : ""
        },
        "graph_commentary" : [
            "Profit from operations has shown significant growth, reaching INR 844 million in FY-24, up from INR 354 million in FY-20.",
            "Receivables improved slightly in FY-24, showing a reduction of INR 166 million, whereas they were a concern in FY-21 with a negative balance of INR 157 million.",
            "Inventory management has improved, with inventory levels increasing by INR 154 million in FY-24 compared to a reduction of INR 302 million in FY-21.",
            "Payables decreased sharply in FY-24 by INR 439 million, contrasting with an increase of INR 186 million in FY-21."
        ]
    },
    "justification_of_proposal": [""],
    "recommendation": [""],
    "subsidiary_jv_info": { 
        "subsidiary": [
            {
                "subsidiary_name": "NA",
                "Date of Creation": "NA",
                "Interest": "Subsidiary (NA %)",
                "Location": "NA"
            },
            {
                "subsidiary_name": "NA",
                "Date of Creation": "NA",
                "Interest": "Subsidiary ( NA %)",
                "Location": "NA"
            }
        ],
        "JV information": [
            "NA",
            "NA", 
            "NA"
        ]
    }    
}