{
  "ratio analysis": {
    "turnover ratio": {
      "fixed asset turnover": ["Sales", "Fixed Assets"],
      "asset turnover": ["Sales", "total assets"],
      "inventory turnover": ["inventory turnover"],
      "debtors turnover": ["sales", "debtors"]
    },
    "leverage ratio": {
      "interest coverage ratio": ["Net profit", "tax", "interest"],
      "debt to equity": ["borrowings", "equity capital"],
      "debt to asset": ["borrowings", "total assets"]
    },
    "liquidity ratio": {
      "current ratio": ["current assets", "liabilities"],
      "quick ratio": [
        "cash equivalents",
        "receivables",
        "short term loans",
        "liabilities"
      ]
    },
    "investor ratios": {
      "EPS": ["earnings per share"],
      "dividend per share": ["dividend payout", "earnings per share"],
      "PE Ratio": ["PE Ratio"],
      "EVEBITDA": ["EV", "Net profit", "Tax", "interest", "Depreciation"],
      "EV/Sales": ["EV", "Sales"]
    },
    "working capital days": {
      "Net cash cycle": ["Net cash cycle"],
      "debtor days": ["debtor days"],
      "inventory days": ["inventory days"],
      "payable days": ["payable days"]
    }
  },
  "cash_flow_data": {
    "Cash from Operating Activity": ["Cash from Operating Activity"],
    "Cash from Investing Activity": ["Cash from Investing Activity"],
    "Cash from Financing Activity": ["Cash from Financing Activity"],
    "NET CASH FLOW": ["NET CASH FLOW"]
  }
,
// tables and their corresponding data types - 

  "Profit & Loss": [
    "Sales", 
    "Expenses", 
    "Operating Profit", 
    "OPM %", 
    "Other Income", 
    "Interest", 
    "Depreciation", 
    "Profit before tax", 
    "Tax %", 
    "Net Profit", 
    "EPS in Rs", 
    "Dividend Payout %"
  ],
  "Balance Sheet": [
    "Equity Capital",
    "Reserves",
    "Borrowings",
    "Long term Borrowings",
    "Short term Borrowings",
    "Lease Liabilities",
    "Other Borrowings",
    "Other Liabilities",
    "Total Liabilities",
    "Fixed Assets",
    "CWIP", 
    "Investments",
    "Other Assets",
    "Inventories",
    "Trade receivables",
    "Cash Equivalents",
    "Short term loans",
    "Other asset items",
    "Total Assets" 
  ],
  "Cash Flows": [
    "Cash from Operating Activity",
    "Cash from Investing Activity",
    "Cash from Financing Activity",
    "Net Cash Flow"
  ],
  "Ratios": [
    "Debtor Days",
    "Inventory Days",
    "Days Payable",
    "Cash Conversion Cycle",
    "Working Capital Days",
    "ROCE %"
  ],
  "Shareholding Pattern": [
    "Promoters",
    "FIIs",
    "DIIs",
    "Public",
    "No. of Shareholders"
  ]
}

