{
    "ratio analysis": {
      "turnover ratio": {
        "fixed asset turnover": "Sales/Net Average of Fixed Assets",
        "asset turnover": "Sales/ Net Average of total assets",
        "inventory turnover": "inventory turnover",
        "debtors turnover": "sales/ net average of debtors"
      },
      "leverage ratio": {
        "interest coverage ratio": "(Net profit + tax + interest)/interest",
        "debt to equity ratio": "borrowings/equity capital",
        "debt to asset ratio": "borrowings/total assets"
      },
      "liquidity ratio": {
        "current ratio": "current assets/liabilities",
        "quick ratio": "(cash equivalents + receivables + short term loans)/liabilities"
      },
      "investor ratios": {
        "EPS": "earnings per share",
        "dividend per share": "dividend payout (%)/earnings per share",
        "PE Ratio": "PE Ratio",
        "EVEBITDA": "EV/(Net profit + Tax + interest + Depreciation)",
        "EV/Sales": "EV/Sales"
      },
      "working capital days": {
        "Net cash cycle": "Net cash cycle",
        "debtor days": "debtor days",
        "inventory days": "inventory days",
        "payable days": "payable days"
      }
    },
    "cash_flow_data": {
      "Cash from Operating Activity": "Cash from Operating Activity",
      "Cash from Investing Activity": "Cash from Investing Activity",
      "Cash from Financing Activity": "Cash from Financing Activity",
      "NET CASH FLOW": "NET CASH FLOW"
    }
  }