Ticker,Label,Value
ASHOKLEY,Market Cap,"₹ 72,500 Cr."
ASHOKLEY,Current Price,₹ 247
ASHOKLEY,High / Low,₹ 248 / 158
ASHOKLEY,Stock P/E,29.0
ASHOKLEY,Book Value,₹ 30.7
ASHOKLEY,Dividend Yield,1.97 %
ASHOKLEY,ROCE,15.0 %
ASHOKLEY,ROE,28.4 %
ASHOKLEY,Face Value,₹ 1.00
ASHOKLEY,Sales,"₹ 46,824 Cr."
ASHOKLEY,OPM,17.7 %
ASHOKLEY,Profit after tax,"₹ 2,498 Cr."
ASHOKLEY,Mar Cap,"₹ 72,500 Cr."
ASHOKLEY,Sales Qtr,"₹ 10,724 Cr."
ASHOKLEY,PAT Qtr,₹ 506 Cr.
ASHOKLEY,Qtr Sales Var,10.7 %
ASHOKLEY,Qtr Profit Var,-6.17 %
ASHOKLEY,Price to Earning,29.0
ASHOKLEY,Dividend yield,1.97 %
ASHOKLEY,Price to book value,7.97
ASHOKLEY,ROCE,15.0 %
ASHOKLEY,Return on assets,4.42 %
ASHOKLEY,Debt to equity,4.53
ASHOKLEY,Return on equity,28.4 %
ASHOKLEY,EPS,₹ 8.34
ASHOKLEY,Debt,"₹ 40,802 Cr."
ASHOKLEY,Promoter holding,51.4 %
ASHOKLEY,Change in Prom Hold,-0.02 %
ASHOKLEY,Earnings yield,7.36 %
ASHOKLEY,Pledged percentage,22.1 %
ASHOKLEY,Industry PE,27.3
ASHOKLEY,Sales growth,9.16 %
ASHOKLEY,Profit growth,44.0 %
ASHOKLEY,Current Price,₹ 247
ASHOKLEY,Price to Sales,1.55
ASHOKLEY,CMP / FCF,-21.2
ASHOKLEY,EVEBITDA,12.6
ASHOKLEY,Enterprise Value,"₹ 1,06,223 Cr."
ASHOKLEY,Current ratio,1.05
ASHOKLEY,Int Coverage,2.32
ASHOKLEY,PEG Ratio,7.18
ASHOKLEY,Return over 3months,25.6 %
ASHOKLEY,Return over 6months,36.9 %
ASHOKLEY,No. Eq. Shares,294
ASHOKLEY,Sales growth 3Years,33.0 %
ASHOKLEY,Sales growth 5Years,6.64 %
ASHOKLEY,Profit Var 3Yrs,206 %
ASHOKLEY,Profit Var 5Yrs,4.04 %
ASHOKLEY,ROE 5Yr,10.1 %
ASHOKLEY,ROE 3Yr,15.7 %
ASHOKLEY,Return over 1year,27.8 %
ASHOKLEY,Return over 3years,23.8 %
ASHOKLEY,Return over 5years,25.6 %
ASHOKLEY,Market Cap,"₹ 72,500 Cr."
ASHOKLEY,Current Price,₹ 247
ASHOKLEY,High / Low,₹ 248 / 158
ASHOKLEY,Stock P/E,29.0
ASHOKLEY,Book Value,₹ 30.7
ASHOKLEY,Dividend Yield,1.97 %
ASHOKLEY,ROCE,15.0 %
ASHOKLEY,ROE,28.4 %
ASHOKLEY,Face Value,₹ 1.00
ASHOKLEY,Sales last year,"₹ 45,791 Cr."
ASHOKLEY,OP Ann,"₹ 7,943 Cr."
ASHOKLEY,Other Inc Ann,₹ 72.7 Cr.
ASHOKLEY,EBIDT last year,"₹ 8,025 Cr."
ASHOKLEY,Dep Ann,₹ 927 Cr.
ASHOKLEY,EBIT last year,"₹ 7,098 Cr."
ASHOKLEY,Interest last year,"₹ 2,982 Cr."
ASHOKLEY,PBT Ann,"₹ 4,106 Cr."
ASHOKLEY,Tax last year,"₹ 1,410 Cr."
ASHOKLEY,PAT Ann,"₹ 2,489 Cr."
ASHOKLEY,Extra Ord Item Ann,₹ -9.34 Cr.
ASHOKLEY,NP Ann,"₹ 2,696 Cr."
ASHOKLEY,Dividend last year,"₹ 1,453 Cr."
ASHOKLEY,Raw Material,63.8 %
ASHOKLEY,Employee cost,"₹ 3,723 Cr."
ASHOKLEY,OPM last year,17.4 %
ASHOKLEY,NPM last year,5.90 %
ASHOKLEY,Operating profit,"₹ 8,303 Cr."
ASHOKLEY,Interest,"₹ 3,231 Cr."
ASHOKLEY,Depreciation,₹ 936 Cr.
ASHOKLEY,EPS last year,₹ 8.46
ASHOKLEY,EBIT,"₹ 7,510 Cr."
ASHOKLEY,Net profit,"₹ 2,662 Cr."
ASHOKLEY,Current Tax,"₹ 1,524 Cr."
ASHOKLEY,Tax,"₹ 1,530 Cr."
ASHOKLEY,Other income,₹ 55.8 Cr.
ASHOKLEY,Ann Date,"2,02,403"
ASHOKLEY,Sales Prev Ann,"₹ 41,673 Cr."
ASHOKLEY,OP Prev Ann,"₹ 5,093 Cr."
ASHOKLEY,Other Inc Prev Ann,₹ 166 Cr.
ASHOKLEY,EBIDT Prev Ann,"₹ 5,171 Cr."
ASHOKLEY,Dep Prev Ann,₹ 900 Cr.
ASHOKLEY,EBIT preceding year,"₹ 4,271 Cr."
ASHOKLEY,Interest Prev Ann,"₹ 2,094 Cr."
ASHOKLEY,PBT Prev Ann,"₹ 2,265 Cr."
ASHOKLEY,Tax preceding year,₹ 906 Cr.
ASHOKLEY,PAT Prev Ann,"₹ 1,193 Cr."
ASHOKLEY,Extra Ord Prev Ann,₹ 87.8 Cr.
ASHOKLEY,NP Prev Ann,"₹ 1,359 Cr."
ASHOKLEY,Dividend Prev Ann,₹ 763 Cr.
ASHOKLEY,OPM preceding year,12.2 %
ASHOKLEY,NPM preceding year,3.14 %
ASHOKLEY,EPS preceding year,₹ 4.22
ASHOKLEY,Sales Prev 12M,"₹ 45,791 Cr."
ASHOKLEY,Profit Prev 12M,"₹ 2,696 Cr."
ASHOKLEY,Med Sales Gwth 10Yrs,12.0 %
ASHOKLEY,Med Sales Gwth 5Yrs,9.88 %
ASHOKLEY,Sales growth 7Years,10.4 %
ASHOKLEY,Sales Var 10Yrs,14.5 %
ASHOKLEY,EBIDT growth 3Years,45.9 %
ASHOKLEY,EBIDT growth 5Years,9.93 %
ASHOKLEY,EBIDT growth 7Years,13.1 %
ASHOKLEY,EBIDT Var 10Yrs,31.9 %
ASHOKLEY,EPS growth 3Years,206 %
ASHOKLEY,EPS growth 5Years,4.04 %
ASHOKLEY,EPS growth 7Years,6.63 %
ASHOKLEY,EPS growth 10Years,20.3 %
ASHOKLEY,Profit Var 7Yrs,7.10 %
ASHOKLEY,Profit Var 10Yrs,21.2 %
ASHOKLEY,Chg in Prom Hold 3Yr,-0.06 %
ASHOKLEY,Market Cap,"₹ 72,500 Cr."
ASHOKLEY,Current Price,₹ 247
ASHOKLEY,High / Low,₹ 248 / 158
ASHOKLEY,Stock P/E,29.0
ASHOKLEY,Book Value,₹ 30.7
ASHOKLEY,Dividend Yield,1.97 %
ASHOKLEY,ROCE,15.0 %
ASHOKLEY,ROE,28.4 %
ASHOKLEY,Face Value,₹ 1.00
ASHOKLEY,OP Qtr,"₹ 1,868 Cr."
ASHOKLEY,Other Inc Qtr,₹ 35.9 Cr.
ASHOKLEY,EBIDT Qtr,"₹ 1,900 Cr."
ASHOKLEY,Dep Qtr,₹ 235 Cr.
ASHOKLEY,EBIT latest quarter,"₹ 1,664 Cr."
ASHOKLEY,Interest Qtr,₹ 904 Cr.
ASHOKLEY,PBT Qtr,₹ 765 Cr.
ASHOKLEY,Tax latest quarter,₹ 215 Cr.
ASHOKLEY,Extra Ord Item Qtr,₹ 4.88 Cr.
ASHOKLEY,NP Qtr,₹ 551 Cr.
ASHOKLEY,GPM latest quarter,38.5 %
ASHOKLEY,OPM latest quarter,17.4 %
ASHOKLEY,NPM latest quarter,5.11 %
ASHOKLEY,Eq Cap Qtr,₹ 294 Cr.
ASHOKLEY,EPS latest quarter,₹ 1.73
ASHOKLEY,OP 2Qtr Bk,"₹ 1,961 Cr."
ASHOKLEY,OP 3Qtr Bk,"₹ 1,870 Cr."
ASHOKLEY,Sales 2Qtr Bk,"₹ 11,093 Cr."
ASHOKLEY,Sales 3Qtr Bk,"₹ 11,429 Cr."
ASHOKLEY,NP 2Qtr Bk,₹ 609 Cr.
ASHOKLEY,NP 3Qtr Bk,₹ 569 Cr.
ASHOKLEY,Opert Prft Gwth,42.4 %
ASHOKLEY,Last result date,"2,02,406"
ASHOKLEY,Exp Qtr Sales Var,9.49 %
ASHOKLEY,Exp Qtr Sales,"₹ 12,514 Cr."
ASHOKLEY,Exp Qtr OP,"₹ 2,156 Cr."
ASHOKLEY,Exp Qtr NP,₹ 996 Cr.
ASHOKLEY,Exp Qtr EPS,₹ 3.14
ASHOKLEY,Sales Prev Qtr,"₹ 13,578 Cr."
ASHOKLEY,OP Prev Qtr,"₹ 2,603 Cr."
ASHOKLEY,Other Inc Prev Qtr,₹ -24.7 Cr.
ASHOKLEY,EBIDT Prev Qtr,"₹ 2,644 Cr."
ASHOKLEY,Dep Prev Qtr,₹ 233 Cr.
ASHOKLEY,EBIT Prev Qtr,"₹ 2,411 Cr."
ASHOKLEY,Interest Prev Qtr,₹ 829 Cr.
ASHOKLEY,PBT Prev Qtr,"₹ 1,516 Cr."
ASHOKLEY,Tax Prev Qtr,₹ 582 Cr.
ASHOKLEY,PAT Prev Qtr,₹ 891 Cr.
ASHOKLEY,Extra Ord Prev Qtr,₹ -66.2 Cr.
ASHOKLEY,NP Prev Qtr,₹ 934 Cr.
ASHOKLEY,OPM Prev Qtr,19.2 %
ASHOKLEY,NPM Prev Qtr,7.18 %
ASHOKLEY,Eq Cap Prev Qtr,₹ 294 Cr.
ASHOKLEY,EPS Prev Qtr,₹ 2.91
ASHOKLEY,Sales PY Qtr,"₹ 9,691 Cr."
ASHOKLEY,OP PY Qtr,"₹ 1,509 Cr."
ASHOKLEY,Other Inc PY Qtr,₹ 52.8 Cr.
ASHOKLEY,EBIDT PY Qtr,"₹ 1,554 Cr."
ASHOKLEY,Dep PY Qtr,₹ 227 Cr.
ASHOKLEY,EBIT PY Qtr,"₹ 1,327 Cr."
ASHOKLEY,Interest PY Qtr,₹ 655 Cr.
ASHOKLEY,PBT PY Qtr,₹ 679 Cr.
ASHOKLEY,Tax PY Qtr,₹ 94.9 Cr.
ASHOKLEY,Market Cap,"₹ 72,471 Cr."
ASHOKLEY,Current Price,₹ 247
ASHOKLEY,High / Low,₹ 248 / 158
ASHOKLEY,Stock P/E,29.0
ASHOKLEY,Book Value,₹ 30.7
ASHOKLEY,Dividend Yield,1.97 %
ASHOKLEY,ROCE,15.0 %
ASHOKLEY,ROE,28.4 %
ASHOKLEY,Face Value,₹ 1.00
ASHOKLEY,Equity capital,₹ 294 Cr.
ASHOKLEY,Preference capital,₹ 0.00 Cr.
ASHOKLEY,Reserves,"₹ 8,711 Cr."
ASHOKLEY,Secured loan,"₹ 27,566 Cr."
ASHOKLEY,Unsecured loan,"₹ 13,237 Cr."
ASHOKLEY,Balance sheet total,"₹ 67,595 Cr."
ASHOKLEY,Gross block,"₹ 15,088 Cr."
ASHOKLEY,Revaluation reserve,₹ 0.00 Cr.
ASHOKLEY,Accum Dep,"₹ 6,931 Cr."
ASHOKLEY,Net block,"₹ 8,157 Cr."
ASHOKLEY,CWIP,₹ 415 Cr.
ASHOKLEY,Investments,"₹ 2,329 Cr."
ASHOKLEY,Current assets,"₹ 28,103 Cr."
ASHOKLEY,Current liabilities,"₹ 26,680 Cr."
ASHOKLEY,BV Unq Invest,₹ 22.9 Cr.
ASHOKLEY,MV Quoted Inv,₹ 0.00 Cr.
ASHOKLEY,Cont Liab,₹ 449 Cr.
ASHOKLEY,Total Assets,"₹ 67,595 Cr."
ASHOKLEY,Working capital,"₹ 15,379 Cr."
ASHOKLEY,Lease liabilities,₹ 238 Cr.
ASHOKLEY,Inventory,"₹ 4,008 Cr."
ASHOKLEY,Trade receivables,"₹ 3,898 Cr."
ASHOKLEY,Face value,₹ 1.00
ASHOKLEY,Cash Equivalents,"₹ 7,080 Cr."
ASHOKLEY,Adv Cust,₹ 258 Cr.
ASHOKLEY,Trade Payables,"₹ 6,798 Cr."
ASHOKLEY,No. Eq. Shares PY,294
ASHOKLEY,Debt preceding year,"₹ 31,161 Cr."
ASHOKLEY,Work Cap PY,"₹ 9,746 Cr."
ASHOKLEY,Net Block PY,"₹ 8,146 Cr."
ASHOKLEY,Gross Block PY,"₹ 14,245 Cr."
ASHOKLEY,CWIP PY,₹ 268 Cr.
ASHOKLEY,Work Cap 3Yr,"₹ 7,818 Cr."
ASHOKLEY,Work Cap 5Yr,"₹ 2,691 Cr."
ASHOKLEY,Work Cap 7Yr,₹ 764 Cr.
ASHOKLEY,Work Cap 10Yr,₹ -74.7 Cr.
ASHOKLEY,Debt 3Years back,"₹ 24,077 Cr."
ASHOKLEY,Debt 5Years back,"₹ 19,168 Cr."
ASHOKLEY,Debt 7Years back,"₹ 13,168 Cr."
ASHOKLEY,Debt 10Years back,"₹ 8,500 Cr."
ASHOKLEY,Net Block 3Yrs Back,"₹ 8,484 Cr."
ASHOKLEY,Net Block 5Yrs Back,"₹ 6,695 Cr."
ASHOKLEY,Net Block 7Yrs Back,"₹ 6,591 Cr."
ASHOKLEY,Market Cap,"₹ 72,471 Cr."
ASHOKLEY,Current Price,₹ 247
ASHOKLEY,High / Low,₹ 248 / 158
ASHOKLEY,Stock P/E,29.0
ASHOKLEY,Book Value,₹ 30.7
ASHOKLEY,Dividend Yield,1.97 %
ASHOKLEY,ROCE,15.0 %
ASHOKLEY,ROE,28.4 %
ASHOKLEY,Face Value,₹ 1.00
ASHOKLEY,CF Operations,"₹ -6,258 Cr."
ASHOKLEY,Free Cash Flow,"₹ -7,346 Cr."
ASHOKLEY,CF Investing,"₹ 1,135 Cr."
ASHOKLEY,CF Financing,"₹ 8,432 Cr."
ASHOKLEY,Net CF,"₹ 3,309 Cr."
ASHOKLEY,Cash Beginning,"₹ 1,909 Cr."
ASHOKLEY,Cash End,"₹ 7,080 Cr."
ASHOKLEY,FCF Prev Ann,"₹ -5,353 Cr."
ASHOKLEY,CF Operations PY,"₹ -4,499 Cr."
ASHOKLEY,CF Investing PY,"₹ -2,904 Cr."
ASHOKLEY,CF Financing PY,"₹ 7,281 Cr."
ASHOKLEY,Net CF PY,₹ -122 Cr.
ASHOKLEY,Cash Beginning PY,"₹ 2,031 Cr."
ASHOKLEY,Cash End PY,"₹ 2,187 Cr."
ASHOKLEY,Free Cash Flow 3Yrs,"₹ -10,256 Cr."
ASHOKLEY,Free Cash Flow 5Yrs,"₹ -12,987 Cr."
ASHOKLEY,Free Cash Flow 7Yrs,"₹ -17,005 Cr."
ASHOKLEY,Free Cash Flow 10Yrs,"₹ -18,340 Cr."
ASHOKLEY,CF Opr 3Yrs,"₹ -7,913 Cr."
ASHOKLEY,CF Opr 5Yrs,"₹ -8,595 Cr."
ASHOKLEY,CF Opr 7Yrs,"₹ -10,878 Cr."
ASHOKLEY,CF Opr 10Yrs,"₹ -11,787 Cr."
ASHOKLEY,CF Inv 10Yrs,"₹ -8,470 Cr."
ASHOKLEY,CF Inv 7Yrs,"₹ -7,125 Cr."
ASHOKLEY,CF Inv 5Yrs,"₹ -5,860 Cr."
ASHOKLEY,CF Inv 3Yrs,"₹ -3,686 Cr."
ASHOKLEY,Cash 3Years back,"₹ 1,779 Cr."
ASHOKLEY,Cash 5Years back,"₹ 1,777 Cr."
ASHOKLEY,Cash 7Years back,"₹ 1,064 Cr."
ASHOKLEY,Market Cap,"₹ 72,471 Cr."
ASHOKLEY,Current Price,₹ 247
ASHOKLEY,High / Low,₹ 248 / 158
ASHOKLEY,Stock P/E,29.0
ASHOKLEY,Book Value,₹ 30.7
ASHOKLEY,Dividend Yield,1.97 %
ASHOKLEY,ROCE,15.0 %
ASHOKLEY,ROE,28.4 %
ASHOKLEY,Face Value,₹ 1.00
ASHOKLEY,No. Eq. Shares,294
ASHOKLEY,Book value,₹ 30.7
ASHOKLEY,Inven TO,7.93
ASHOKLEY,Quick ratio,0.90
ASHOKLEY,Exports percentage,8.18 %
ASHOKLEY,Piotroski score,5.00
ASHOKLEY,G Factor,4.00
ASHOKLEY,Asset Turnover,0.75
ASHOKLEY,Financial leverage,6.79
ASHOKLEY,No. of Share Holders,"14,75,874"
ASHOKLEY,Unpledged Prom Hold,40.1 %
ASHOKLEY,ROIC,19.8 %
ASHOKLEY,Debtor days,31.1
ASHOKLEY,Industry PBV,7.58
ASHOKLEY,Credit rating,
ASHOKLEY,WC Days,66.2
ASHOKLEY,Earning Power,11.1 %
ASHOKLEY,Graham Number,₹ 75.9
ASHOKLEY,Cash Cycle,-3.77
ASHOKLEY,Days Payable,84.9
ASHOKLEY,Days Receivable,31.1
ASHOKLEY,Inventory Days,50.0
ASHOKLEY,Public holding,12.2 %
ASHOKLEY,FII holding,22.0 %
ASHOKLEY,Chg in FII Hold,0.58 %
ASHOKLEY,DII holding,14.1 %
ASHOKLEY,Chg in DII Hold,1.89 %
ASHOKLEY,B.V. Prev Ann,₹ 29.1
ASHOKLEY,ROCE Prev Yr,11.4 %
ASHOKLEY,ROA Prev Yr,2.66 %
ASHOKLEY,ROE Prev Ann,15.0 %
ASHOKLEY,No. of Share Holders Prev Qtr,"14,91,397"
ASHOKLEY,No. Eq. Shares 10 Yrs,285
ASHOKLEY,BV 3yrs back,₹ 26.8
ASHOKLEY,BV 5yrs back,₹ 26.5
ASHOKLEY,BV 10yrs back,₹ 15.8
ASHOKLEY,Inven TO 3Yr,6.04
ASHOKLEY,Inven TO 5Yr,5.85
ASHOKLEY,Inven TO 7Yr,7.53
ASHOKLEY,Inven TO 10Yr,6.58
ASHOKLEY,Export 3Yr,0.00 %
ASHOKLEY,Export 5Yr,0.00 %
ASHOKLEY,Div 5Yrs,₹ 567 Cr.
ASHOKLEY,ROCE 3Yr,10.8 %
ASHOKLEY,ROCE 5Yr,9.28 %
ASHOKLEY,ROCE 7Yr,11.4 %
ASHOKLEY,ROCE 10Yr,12.0 %
ASHOKLEY,ROE 10Yr,13.0 %
ASHOKLEY,ROE 7Yr,14.2 %
ASHOKLEY,ROE 5Yr Var,2.34 %
ASHOKLEY,OPM 5Year,13.9 %
ASHOKLEY,OPM 10Year,13.8 %
ASHOKLEY,No. of Share Holders 1Yr,"10,99,982"
ASHOKLEY,Avg Div Payout 3Yrs,12.8 %
ASHOKLEY,Debtor days 3yrs,37.7
ASHOKLEY,Debtor days 3yrs back,56.7
ASHOKLEY,Debtor days 5yrs back,29.9
ASHOKLEY,ROA 5Yr,1.68 %
ASHOKLEY,ROA 3Yr,2.46 %
ASHOKLEY,Market Cap,"₹ 72,471 Cr."
ASHOKLEY,Current Price,₹ 247
ASHOKLEY,High / Low,₹ 248 / 158
ASHOKLEY,Stock P/E,29.0
ASHOKLEY,Book Value,₹ 30.7
ASHOKLEY,Dividend Yield,1.97 %
ASHOKLEY,ROCE,15.0 %
ASHOKLEY,ROE,28.4 %
ASHOKLEY,Face Value,₹ 1.00
ASHOKLEY,Avg Vol 1Mth,"1,24,33,079"
ASHOKLEY,Avg Vol 1Wk,"1,74,97,531"
ASHOKLEY,Volume,"2,23,47,439"
ASHOKLEY,High price,₹ 248
ASHOKLEY,Low price,₹ 158
ASHOKLEY,High price all time,₹ 248
ASHOKLEY,Low price all time,₹ 6.15
ASHOKLEY,Return over 1day,6.18 %
ASHOKLEY,Return over 1week,3.79 %
ASHOKLEY,Return over 1month,-3.23 %
ASHOKLEY,DMA 50,₹ 223
ASHOKLEY,DMA 200,₹ 195
ASHOKLEY,DMA 50 previous day,₹ 223
ASHOKLEY,200 DMA prev.,₹ 195
ASHOKLEY,RSI,54.5
ASHOKLEY,MACD,0.56
ASHOKLEY,MACD Previous Day,0.35
ASHOKLEY,MACD Signal,0.70
ASHOKLEY,MACD Signal Prev,0.73
ASHOKLEY,Avg Vol 1Yr,"1,60,64,507"
ASHOKLEY,Return over 7years,11.4 %
ASHOKLEY,Return over 10years,21.6 %
ASHOKLEY,Market Cap,"₹ 72,471 Cr."
ASHOKLEY,Current Price,₹ 247
ASHOKLEY,High / Low,₹ 248 / 158
ASHOKLEY,Stock P/E,29.0
ASHOKLEY,Book Value,₹ 30.7
ASHOKLEY,Dividend Yield,1.97 %
ASHOKLEY,ROCE,15.0 %
ASHOKLEY,ROE,28.4 %
ASHOKLEY,Face Value,₹ 1.00
ASHOKLEY,WC to Sales,32.8 %
ASHOKLEY,QoQ Profits,-41.0 %
ASHOKLEY,QoQ Sales,-21.0 %
ASHOKLEY,Net worth,"₹ 9,005 Cr."
ASHOKLEY,Market Cap to Sales,1.55
ASHOKLEY,Interest Coverage,2.32
ASHOKLEY,EV / EBIT,14.1
ASHOKLEY,Debt Capacity,-0.51
ASHOKLEY,Debt To Profit,15.1
ASHOKLEY,Capital Employed,"₹ 23,950 Cr."
ASHOKLEY,CROIC,-7.23 %
ASHOKLEY,debtplus,4.58
ASHOKLEY,Leverage,₹ 6.79
ASHOKLEY,Dividend Payout,58.5 %
ASHOKLEY,Intrinsic Value,₹ 66.3
ASHOKLEY,CDL,-47.2 %
ASHOKLEY,Cash by market cap,0.06
ASHOKLEY,52w Index,98.2 %
ASHOKLEY,Down from 52w high,0.64 %
ASHOKLEY,Up from 52w low,56.6 %
ASHOKLEY,From 52w high,0.99
ASHOKLEY,Mkt Cap To Debt Cap,-3.37
ASHOKLEY,Dividend Payout,58.5 %
ASHOKLEY,Graham,₹ 75.9
ASHOKLEY,Price to Cash Flow,-11.6
ASHOKLEY,ROCE3yr avg,10.8 %
ASHOKLEY,PB X PE,231
ASHOKLEY,NCAVPS,₹ 52.4
ASHOKLEY,Mar Cap to CF,-11.6
ASHOKLEY,Altman Z Score,3.23
ASHOKLEY,M.Cap / Qtr Profit,143
