Ticker,Label,Value
GESHIP,Market Cap,"₹ 19,239 Cr."
GESHIP,Current Price,"₹ 1,348"
GESHIP,High / Low,"₹ 1,544 / 725"
GESHIP,Stock P/E,8.08
GESHIP,Book Value,₹ 868
GESHIP,Dividend Yield,2.12 %
GESHIP,ROCE,18.5 %
GESHIP,ROE,21.0 %
GESHIP,Face Value,₹ 10.0
GESHIP,Sales,"₹ 5,255 Cr."
GESHIP,OPM,57.5 %
GESHIP,Profit after tax,"₹ 2,382 Cr."
GESHIP,Mar Cap,"₹ 19,239 Cr."
GESHIP,Sales Qtr,"₹ 1,497 Cr."
GESHIP,PAT Qtr,₹ 905 Cr.
GESHIP,Qtr Sales Var,2.84 %
GESHIP,Qtr Profit Var,25.4 %
GESHIP,Price to Earning,8.08
GESHIP,Dividend yield,2.12 %
GESHIP,Price to book value,1.57
GESHIP,ROCE,18.5 %
GESHIP,Return on assets,14.9 %
GESHIP,Debt to equity,0.25
GESHIP,Return on equity,21.0 %
GESHIP,EPS,₹ 183
GESHIP,Debt,"₹ 3,048 Cr."
GESHIP,Promoter holding,30.1 %
GESHIP,Change in Prom Hold,0.00 %
GESHIP,Earnings yield,15.7 %
GESHIP,Pledged percentage,0.00 %
GESHIP,Industry PE,26.9
GESHIP,Sales growth,-7.65 %
GESHIP,Profit growth,-3.15 %
GESHIP,Current Price,"₹ 1,348"
GESHIP,Price to Sales,3.66
GESHIP,CMP / FCF,9.53
GESHIP,EVEBITDA,5.05
GESHIP,Enterprise Value,"₹ 17,396 Cr."
GESHIP,Current ratio,4.09
GESHIP,Int Coverage,10.3
GESHIP,PEG Ratio,0.04
GESHIP,Return over 3months,23.2 %
GESHIP,Return over 6months,33.3 %
GESHIP,No. Eq. Shares,14.3
GESHIP,Sales growth 3Years,16.4 %
GESHIP,Sales growth 5Years,8.18 %
GESHIP,Profit Var 3Yrs,41.8 %
GESHIP,Profit Var 5Yrs,194 %
GESHIP,ROE 5Yr,15.0 %
GESHIP,ROE 3Yr,19.1 %
GESHIP,Return over 1year,76.2 %
GESHIP,Return over 3years,53.8 %
GESHIP,Return over 5years,40.9 %
GESHIP,Market Cap,"₹ 19,239 Cr."
GESHIP,Current Price,"₹ 1,348"
GESHIP,High / Low,"₹ 1,544 / 725"
GESHIP,Stock P/E,8.08
GESHIP,Book Value,₹ 868
GESHIP,Dividend Yield,2.12 %
GESHIP,ROCE,18.5 %
GESHIP,ROE,21.0 %
GESHIP,Face Value,₹ 10.0
GESHIP,Sales last year,"₹ 5,255 Cr."
GESHIP,OP Ann,"₹ 3,022 Cr."
GESHIP,Other Inc Ann,₹ 664 Cr.
GESHIP,EBIDT last year,"₹ 3,445 Cr."
GESHIP,Dep Ann,₹ 726 Cr.
GESHIP,EBIT last year,"₹ 2,719 Cr."
GESHIP,Interest last year,₹ 265 Cr.
GESHIP,PBT Ann,"₹ 2,694 Cr."
GESHIP,Tax last year,₹ 80.2 Cr.
GESHIP,PAT Ann,"₹ 2,382 Cr."
GESHIP,Extra Ord Item Ann,₹ 240 Cr.
GESHIP,NP Ann,"₹ 2,614 Cr."
GESHIP,Dividend last year,₹ 625 Cr.
GESHIP,Raw Material,0.00 %
GESHIP,Employee cost,₹ 886 Cr.
GESHIP,OPM last year,57.5 %
GESHIP,NPM last year,45.3 %
GESHIP,Operating profit,"₹ 3,022 Cr."
GESHIP,Interest,₹ 265 Cr.
GESHIP,Depreciation,₹ 726 Cr.
GESHIP,EPS last year,₹ 183
GESHIP,EBIT,"₹ 2,719 Cr."
GESHIP,Net profit,"₹ 2,614 Cr."
GESHIP,Current Tax,₹ 59.2 Cr.
GESHIP,Tax,₹ 80.2 Cr.
GESHIP,Other income,₹ 664 Cr.
GESHIP,Ann Date,"2,02,403"
GESHIP,Sales Prev Ann,"₹ 5,690 Cr."
GESHIP,OP Prev Ann,"₹ 3,128 Cr."
GESHIP,Other Inc Prev Ann,₹ 481 Cr.
GESHIP,EBIDT Prev Ann,"₹ 3,491 Cr."
GESHIP,Dep Prev Ann,₹ 712 Cr.
GESHIP,EBIT preceding year,"₹ 2,779 Cr."
GESHIP,Interest Prev Ann,₹ 343 Cr.
GESHIP,PBT Prev Ann,"₹ 2,554 Cr."
GESHIP,Tax preceding year,₹ -21.5 Cr.
GESHIP,PAT Prev Ann,"₹ 2,459 Cr."
GESHIP,Extra Ord Prev Ann,₹ 117 Cr.
GESHIP,NP Prev Ann,"₹ 2,575 Cr."
GESHIP,Dividend Prev Ann,₹ 411 Cr.
GESHIP,OPM preceding year,55.0 %
GESHIP,NPM preceding year,43.2 %
GESHIP,EPS preceding year,₹ 180
GESHIP,Sales Prev 12M,"₹ 5,214 Cr."
GESHIP,Profit Prev 12M,"₹ 2,431 Cr."
GESHIP,Med Sales Gwth 10Yrs,3.94 %
GESHIP,Med Sales Gwth 5Yrs,3.94 %
GESHIP,Sales growth 7Years,7.75 %
GESHIP,Sales Var 10Yrs,5.45 %
GESHIP,EBIDT growth 3Years,24.2 %
GESHIP,EBIDT growth 5Years,21.9 %
GESHIP,EBIDT growth 7Years,9.93 %
GESHIP,EBIDT Var 10Yrs,7.78 %
GESHIP,EPS growth 3Years,43.2 %
GESHIP,EPS growth 5Years,197 %
GESHIP,EPS growth 7Years,22.2 %
GESHIP,EPS growth 10Years,16.8 %
GESHIP,Profit Var 7Yrs,21.3 %
GESHIP,Profit Var 10Yrs,16.2 %
GESHIP,Chg in Prom Hold 3Yr,0.86 %
GESHIP,Market Cap,"₹ 19,239 Cr."
GESHIP,Current Price,"₹ 1,348"
GESHIP,High / Low,"₹ 1,544 / 725"
GESHIP,Stock P/E,8.08
GESHIP,Book Value,₹ 868
GESHIP,Dividend Yield,2.12 %
GESHIP,ROCE,18.5 %
GESHIP,ROE,21.0 %
GESHIP,Face Value,₹ 10.0
GESHIP,OP Qtr,₹ 937 Cr.
GESHIP,Other Inc Qtr,₹ 229 Cr.
GESHIP,EBIDT Qtr,"₹ 1,166 Cr."
GESHIP,Dep Qtr,₹ 166 Cr.
GESHIP,EBIT latest quarter,"₹ 1,000 Cr."
GESHIP,Interest Qtr,₹ 58.5 Cr.
GESHIP,PBT Qtr,₹ 942 Cr.
GESHIP,Tax latest quarter,₹ 36.8 Cr.
GESHIP,Extra Ord Item Qtr,₹ 0.00 Cr.
GESHIP,NP Qtr,₹ 905 Cr.
GESHIP,GPM latest quarter,93.0 %
GESHIP,OPM latest quarter,62.6 %
GESHIP,NPM latest quarter,60.4 %
GESHIP,Eq Cap Qtr,₹ 143 Cr.
GESHIP,EPS latest quarter,₹ 63.4
GESHIP,OP 2Qtr Bk,₹ 643 Cr.
GESHIP,OP 3Qtr Bk,₹ 792 Cr.
GESHIP,Sales 2Qtr Bk,"₹ 1,229 Cr."
GESHIP,Sales 3Qtr Bk,"₹ 1,284 Cr."
GESHIP,NP 2Qtr Bk,₹ 595 Cr.
GESHIP,NP 3Qtr Bk,₹ 576 Cr.
GESHIP,Opert Prft Gwth,-3.39 %
GESHIP,Last result date,"2,02,403"
GESHIP,Exp Qtr Sales Var,-7.12 %
GESHIP,Exp Qtr Sales,"₹ 1,192 Cr."
GESHIP,Exp Qtr OP,₹ 700 Cr.
GESHIP,Exp Qtr NP,₹ 475 Cr.
GESHIP,Exp Qtr EPS,₹ 33.2
GESHIP,Sales Prev Qtr,"₹ 1,245 Cr."
GESHIP,OP Prev Qtr,₹ 650 Cr.
GESHIP,Other Inc Prev Qtr,₹ 151 Cr.
GESHIP,EBIDT Prev Qtr,₹ 801 Cr.
GESHIP,Dep Prev Qtr,₹ 194 Cr.
GESHIP,EBIT Prev Qtr,₹ 607 Cr.
GESHIP,Interest Prev Qtr,₹ 66.9 Cr.
GESHIP,PBT Prev Qtr,₹ 540 Cr.
GESHIP,Tax Prev Qtr,₹ 1.50 Cr.
GESHIP,PAT Prev Qtr,₹ 538 Cr.
GESHIP,Extra Ord Prev Qtr,₹ 0.00 Cr.
GESHIP,NP Prev Qtr,₹ 538 Cr.
GESHIP,OPM Prev Qtr,52.2 %
GESHIP,NPM Prev Qtr,43.2 %
GESHIP,Eq Cap Prev Qtr,₹ 143 Cr.
GESHIP,EPS Prev Qtr,₹ 37.7
GESHIP,Sales PY Qtr,"₹ 1,456 Cr."
GESHIP,OP PY Qtr,₹ 847 Cr.
GESHIP,Other Inc PY Qtr,₹ 94.7 Cr.
GESHIP,EBIDT PY Qtr,₹ 942 Cr.
GESHIP,Dep PY Qtr,₹ 167 Cr.
GESHIP,EBIT PY Qtr,₹ 774 Cr.
GESHIP,Interest PY Qtr,₹ 76.8 Cr.
GESHIP,PBT PY Qtr,₹ 698 Cr.
GESHIP,Tax PY Qtr,₹ -24.4 Cr.
GESHIP,Market Cap,"₹ 19,239 Cr."
GESHIP,Current Price,"₹ 1,348"
GESHIP,High / Low,"₹ 1,544 / 725"
GESHIP,Stock P/E,8.08
GESHIP,Book Value,₹ 868
GESHIP,Dividend Yield,2.12 %
GESHIP,ROCE,18.5 %
GESHIP,ROE,21.0 %
GESHIP,Face Value,₹ 10.0
GESHIP,Equity capital,₹ 143 Cr.
GESHIP,Preference capital,₹ 0.00 Cr.
GESHIP,Reserves,"₹ 12,255 Cr."
GESHIP,Secured loan,"₹ 1,738 Cr."
GESHIP,Unsecured loan,"₹ 1,310 Cr."
GESHIP,Balance sheet total,"₹ 16,808 Cr."
GESHIP,Gross block,"₹ 14,803 Cr."
GESHIP,Revaluation reserve,₹ 0.00 Cr.
GESHIP,Accum Dep,"₹ 6,473 Cr."
GESHIP,Net block,"₹ 8,329 Cr."
GESHIP,CWIP,₹ 59.2 Cr.
GESHIP,Investments,"₹ 1,970 Cr."
GESHIP,Current assets,"₹ 6,165 Cr."
GESHIP,Current liabilities,"₹ 1,506 Cr."
GESHIP,BV Unq Invest,₹ 0.00 Cr.
GESHIP,MV Quoted Inv,₹ 341 Cr.
GESHIP,Cont Liab,₹ 571 Cr.
GESHIP,Total Assets,"₹ 16,808 Cr."
GESHIP,Working capital,"₹ 5,292 Cr."
GESHIP,Lease liabilities,₹ 17.3 Cr.
GESHIP,Inventory,₹ 247 Cr.
GESHIP,Trade receivables,₹ 647 Cr.
GESHIP,Face value,₹ 10.0
GESHIP,Cash Equivalents,"₹ 4,891 Cr."
GESHIP,Adv Cust,₹ 30.0 Cr.
GESHIP,Trade Payables,₹ 456 Cr.
GESHIP,No. Eq. Shares PY,14.3
GESHIP,Debt preceding year,"₹ 3,649 Cr."
GESHIP,Work Cap PY,"₹ 4,161 Cr."
GESHIP,Net Block PY,"₹ 8,450 Cr."
GESHIP,Gross Block PY,"₹ 14,607 Cr."
GESHIP,CWIP PY,₹ 34.8 Cr.
GESHIP,Work Cap 3Yr,"₹ 2,758 Cr."
GESHIP,Work Cap 5Yr,"₹ 1,642 Cr."
GESHIP,Work Cap 7Yr,"₹ 1,868 Cr."
GESHIP,Work Cap 10Yr,₹ 299 Cr.
GESHIP,Debt 3Years back,"₹ 5,047 Cr."
GESHIP,Debt 5Years back,"₹ 5,999 Cr."
GESHIP,Debt 7Years back,"₹ 6,816 Cr."
GESHIP,Debt 10Years back,"₹ 6,119 Cr."
GESHIP,Net Block 3Yrs Back,"₹ 9,042 Cr."
GESHIP,Net Block 5Yrs Back,"₹ 9,617 Cr."
GESHIP,Net Block 7Yrs Back,"₹ 10,304 Cr."
GESHIP,Market Cap,"₹ 19,239 Cr."
GESHIP,Current Price,"₹ 1,348"
GESHIP,High / Low,"₹ 1,544 / 725"
GESHIP,Stock P/E,8.08
GESHIP,Book Value,₹ 868
GESHIP,Dividend Yield,2.12 %
GESHIP,ROCE,18.5 %
GESHIP,ROE,21.0 %
GESHIP,Face Value,₹ 10.0
GESHIP,CF Operations,"₹ 2,808 Cr."
GESHIP,Free Cash Flow,"₹ 2,373 Cr."
GESHIP,CF Investing,₹ -868 Cr.
GESHIP,CF Financing,"₹ -1,330 Cr."
GESHIP,Net CF,₹ 610 Cr.
GESHIP,Cash Beginning,"₹ 2,678 Cr."
GESHIP,Cash End,"₹ 4,891 Cr."
GESHIP,FCF Prev Ann,"₹ 2,776 Cr."
GESHIP,CF Operations PY,"₹ 2,975 Cr."
GESHIP,CF Investing PY,₹ 38.8 Cr.
GESHIP,CF Financing PY,"₹ -1,893 Cr."
GESHIP,Net CF PY,"₹ 1,120 Cr."
GESHIP,Cash Beginning PY,"₹ 1,558 Cr."
GESHIP,Cash End PY,"₹ 3,799 Cr."
GESHIP,Free Cash Flow 3Yrs,"₹ 6,059 Cr."
GESHIP,Free Cash Flow 5Yrs,"₹ 8,457 Cr."
GESHIP,Free Cash Flow 7Yrs,"₹ 9,436 Cr."
GESHIP,Free Cash Flow 10Yrs,"₹ 10,844 Cr."
GESHIP,CF Opr 3Yrs,"₹ 7,105 Cr."
GESHIP,CF Opr 5Yrs,"₹ 10,120 Cr."
GESHIP,CF Opr 7Yrs,"₹ 12,185 Cr."
GESHIP,CF Opr 10Yrs,"₹ 17,302 Cr."
GESHIP,CF Inv 10Yrs,"₹ -4,123 Cr."
GESHIP,CF Inv 7Yrs,"₹ -1,410 Cr."
GESHIP,CF Inv 5Yrs,"₹ -1,427 Cr."
GESHIP,CF Inv 3Yrs,"₹ -1,167 Cr."
GESHIP,Cash 3Years back,"₹ 2,749 Cr."
GESHIP,Cash 5Years back,"₹ 2,922 Cr."
GESHIP,Cash 7Years back,"₹ 3,467 Cr."
GESHIP,Market Cap,"₹ 19,239 Cr."
GESHIP,Current Price,"₹ 1,348"
GESHIP,High / Low,"₹ 1,544 / 725"
GESHIP,Stock P/E,8.08
GESHIP,Book Value,₹ 868
GESHIP,Dividend Yield,2.12 %
GESHIP,ROCE,18.5 %
GESHIP,ROE,21.0 %
GESHIP,Face Value,₹ 10.0
GESHIP,No. Eq. Shares,14.3
GESHIP,Book value,₹ 868
GESHIP,Inven TO,1.92
GESHIP,Quick ratio,3.93
GESHIP,Exports percentage,0.00 %
GESHIP,Piotroski score,7.00
GESHIP,G Factor,6.00
GESHIP,Asset Turnover,0.33
GESHIP,Financial leverage,1.29
GESHIP,No. of Share Holders,"1,24,075"
GESHIP,Unpledged Prom Hold,30.1 %
GESHIP,ROIC,19.4 %
GESHIP,Debtor days,44.9
GESHIP,Industry PBV,2.04
GESHIP,Credit rating,
GESHIP,WC Days,27.8
GESHIP,Earning Power,16.2 %
GESHIP,Graham Number,"₹ 1,891"
GESHIP,Cash Cycle,44.9
GESHIP,Days Payable,
GESHIP,Days Receivable,44.9
GESHIP,Inventory Days,
GESHIP,Public holding,28.0 %
GESHIP,FII holding,24.5 %
GESHIP,Chg in FII Hold,-2.90 %
GESHIP,DII holding,17.4 %
GESHIP,Chg in DII Hold,0.76 %
GESHIP,B.V. Prev Ann,₹ 720
GESHIP,ROCE Prev Yr,20.9 %
GESHIP,ROA Prev Yr,16.9 %
GESHIP,ROE Prev Ann,26.8 %
GESHIP,No. of Share Holders Prev Qtr,"1,00,251"
GESHIP,No. Eq. Shares 10 Yrs,15.1
GESHIP,BV 3yrs back,₹ 524
GESHIP,BV 5yrs back,₹ 462
GESHIP,BV 10yrs back,₹ 493
GESHIP,Inven TO 3Yr,1.71
GESHIP,Inven TO 5Yr,2.76
GESHIP,Inven TO 7Yr,2.16
GESHIP,Inven TO 10Yr,3.62
GESHIP,Export 3Yr,0.00 %
GESHIP,Export 5Yr,0.00 %
GESHIP,Div 5Yrs,₹ 286 Cr.
GESHIP,ROCE 3Yr,15.6 %
GESHIP,ROCE 5Yr,12.0 %
GESHIP,ROCE 7Yr,9.65 %
GESHIP,ROCE 10Yr,9.40 %
GESHIP,ROE 10Yr,11.2 %
GESHIP,ROE 7Yr,11.2 %
GESHIP,ROE 5Yr Var,166 %
GESHIP,OPM 5Year,49.2 %
GESHIP,OPM 10Year,46.0 %
GESHIP,No. of Share Holders 1Yr,"85,121"
GESHIP,Avg Div Payout 3Yrs,20.8 %
GESHIP,Debtor days 3yrs,38.2
GESHIP,Debtor days 3yrs back,29.6
GESHIP,Debtor days 5yrs back,31.2
GESHIP,ROA 5Yr,8.50 %
GESHIP,ROA 3Yr,12.0 %
GESHIP,Market Cap,"₹ 19,174 Cr."
GESHIP,Current Price,"₹ 1,343"
GESHIP,High / Low,"₹ 1,544 / 725"
GESHIP,Stock P/E,8.05
GESHIP,Book Value,₹ 868
GESHIP,Dividend Yield,2.13 %
GESHIP,ROCE,18.5 %
GESHIP,ROE,21.0 %
GESHIP,Face Value,₹ 10.0
GESHIP,Avg Vol 1Mth,"29,23,100"
GESHIP,Avg Vol 1Wk,"22,36,186"
GESHIP,Volume,"11,86,966"
GESHIP,High price,"₹ 1,544"
GESHIP,Low price,₹ 725
GESHIP,High price all time,"₹ 1,544"
GESHIP,Low price all time,₹ 131
GESHIP,Return over 1day,-0.01 %
GESHIP,Return over 1week,3.74 %
GESHIP,Return over 1month,12.6 %
GESHIP,DMA 50,"₹ 1,220"
GESHIP,DMA 200,"₹ 1,023"
GESHIP,DMA 50 previous day,"₹ 1,215"
GESHIP,200 DMA prev.,"₹ 1,019"
GESHIP,RSI,57.0
GESHIP,MACD,45.5
GESHIP,MACD Previous Day,48.3
GESHIP,MACD Signal,55.8
GESHIP,MACD Signal Prev,58.4
GESHIP,Avg Vol 1Yr,"8,63,274"
GESHIP,Return over 7years,19.2 %
GESHIP,Return over 10years,13.9 %
GESHIP,Market Cap,"₹ 19,174 Cr."
GESHIP,Current Price,"₹ 1,343"
GESHIP,High / Low,"₹ 1,544 / 725"
GESHIP,Stock P/E,8.05
GESHIP,Book Value,₹ 868
GESHIP,Dividend Yield,2.13 %
GESHIP,ROCE,18.5 %
GESHIP,ROE,21.0 %
GESHIP,Face Value,₹ 10.0
GESHIP,WC to Sales,101 %
GESHIP,QoQ Profits,68.2 %
GESHIP,QoQ Sales,20.2 %
GESHIP,Net worth,"₹ 12,397 Cr."
GESHIP,Market Cap to Sales,3.65
GESHIP,Interest Coverage,10.3
GESHIP,EV / EBIT,6.37
GESHIP,Debt Capacity,0.53
GESHIP,Debt To Profit,1.17
GESHIP,Capital Employed,"₹ 13,680 Cr."
GESHIP,CROIC,13.8 %
GESHIP,debtplus,0.29
GESHIP,Leverage,₹ 1.29
GESHIP,Dividend Payout,23.9 %
GESHIP,Intrinsic Value,"₹ 1,382"
GESHIP,CDL,6.63 %
GESHIP,Cash by market cap,0.23
GESHIP,52w Index,75.5 %
GESHIP,Down from 52w high,13.0 %
GESHIP,Up from 52w low,85.2 %
GESHIP,From 52w high,0.87
GESHIP,Mkt Cap To Debt Cap,0.76
GESHIP,Dividend Payout,23.9 %
GESHIP,Graham,"₹ 1,891"
GESHIP,Price to Cash Flow,6.83
GESHIP,ROCE3yr avg,15.6 %
GESHIP,PB X PE,12.6
GESHIP,NCAVPS,₹ 371
GESHIP,Mar Cap to CF,6.83
GESHIP,Altman Z Score,4.08
GESHIP,M.Cap / Qtr Profit,21.2
