Ticker,Label,Value
IDFC,Market Cap,"₹ 17,992 Cr."
IDFC,Current Price,₹ 112
IDFC,High / Low,₹ 137 / 105
IDFC,Stock P/E,17.2
IDFC,Book Value,₹ 83.6
IDFC,Dividend Yield,0.92 %
IDFC,ROCE,8.49 %
IDFC,ROE,8.37 %
IDFC,Face Value,₹ 10.0
IDFC,Sales,₹ 65.5 Cr.
IDFC,OPM,67.9 %
IDFC,Profit after tax,"₹ 1,046 Cr."
IDFC,Mar Cap,"₹ 17,992 Cr."
IDFC,Sales Qtr,₹ 9.77 Cr.
IDFC,PAT Qtr,₹ 348 Cr.
IDFC,Qtr Sales Var,-81.4 %
IDFC,Qtr Profit Var,455 %
IDFC,Price to Earning,17.2
IDFC,Dividend yield,0.92 %
IDFC,Price to book value,1.32
IDFC,ROCE,8.49 %
IDFC,Return on assets,8.33 %
IDFC,Debt to equity,0.00
IDFC,Return on equity,8.37 %
IDFC,EPS,₹ 6.53
IDFC,Debt,₹ 0.00 Cr.
IDFC,Promoter holding,0.00 %
IDFC,Change in Prom Hold,0.00 %
IDFC,Earnings yield,6.02 %
IDFC,Pledged percentage,0.00 %
IDFC,Industry PE,23.9
IDFC,Sales growth,-57.5 %
IDFC,Profit growth,140 %
IDFC,Current Price,₹ 112
IDFC,Price to Sales,275
IDFC,CMP / FCF,10.6
IDFC,EVEBITDA,16.7
IDFC,Enterprise Value,"₹ 17,750 Cr."
IDFC,Current ratio,48.3
IDFC,Int Coverage,146
IDFC,PEG Ratio,0.56
IDFC,Return over 3months,-12.3 %
IDFC,Return over 6months,-3.77 %
IDFC,No. Eq. Shares,160
IDFC,Sales growth 3Years,24.0 %
IDFC,Sales growth 5Years,-28.7 %
IDFC,Profit Var 3Yrs,62.3 %
IDFC,Profit Var 5Yrs,30.8 %
IDFC,ROE 5Yr,-6.17 %
IDFC,ROE 3Yr,-4.99 %
IDFC,Return over 1year,-1.69 %
IDFC,Return over 3years,24.8 %
IDFC,Return over 5years,26.2 %
IDFC,Market Cap,"₹ 17,992 Cr."
IDFC,Current Price,₹ 112
IDFC,High / Low,₹ 137 / 105
IDFC,Stock P/E,17.2
IDFC,Book Value,₹ 83.6
IDFC,Dividend Yield,0.92 %
IDFC,ROCE,8.49 %
IDFC,ROE,8.37 %
IDFC,Face Value,₹ 10.0
IDFC,Sales last year,₹ 65.5 Cr.
IDFC,OP Ann,₹ 44.5 Cr.
IDFC,Other Inc Ann,"₹ 1,016 Cr."
IDFC,EBIDT last year,"₹ 1,061 Cr."
IDFC,Dep Ann,₹ 0.04 Cr.
IDFC,EBIT last year,"₹ 1,061 Cr."
IDFC,Interest last year,₹ 7.27 Cr.
IDFC,PBT Ann,"₹ 1,054 Cr."
IDFC,Tax last year,₹ 7.95 Cr.
IDFC,PAT Ann,"₹ 1,046 Cr."
IDFC,Extra Ord Item Ann,₹ 0.00 Cr.
IDFC,NP Ann,"₹ 1,046 Cr."
IDFC,Dividend last year,₹ 0.00 Cr.
IDFC,Raw Material,0.00 %
IDFC,Employee cost,₹ 7.07 Cr.
IDFC,OPM last year,67.9 %
IDFC,NPM last year,"1,595 %"
IDFC,Operating profit,₹ 44.5 Cr.
IDFC,Interest,₹ 7.27 Cr.
IDFC,Depreciation,₹ 0.04 Cr.
IDFC,EPS last year,₹ 6.53
IDFC,EBIT,"₹ 1,061 Cr."
IDFC,Net profit,"₹ 1,046 Cr."
IDFC,Current Tax,₹ 5.80 Cr.
IDFC,Tax,₹ 7.95 Cr.
IDFC,Other income,"₹ 1,016 Cr."
IDFC,Ann Date,"2,02,403"
IDFC,Sales Prev Ann,₹ 154 Cr.
IDFC,OP Prev Ann,₹ 90.6 Cr.
IDFC,Other Inc Prev Ann,"₹ 4,545 Cr."
IDFC,EBIDT Prev Ann,"₹ -2,506 Cr."
IDFC,Dep Prev Ann,₹ 0.08 Cr.
IDFC,EBIT preceding year,"₹ -2,506 Cr."
IDFC,Interest Prev Ann,₹ 0.00 Cr.
IDFC,PBT Prev Ann,"₹ 4,635 Cr."
IDFC,Tax preceding year,₹ 391 Cr.
IDFC,PAT Prev Ann,"₹ -2,596 Cr."
IDFC,Extra Ord Prev Ann,"₹ 7,141 Cr."
IDFC,NP Prev Ann,"₹ 4,244 Cr."
IDFC,Dividend Prev Ann,"₹ 1,920 Cr."
IDFC,OPM preceding year,58.8 %
IDFC,NPM preceding year,"-1,683 %"
IDFC,EPS preceding year,₹ 26.5
IDFC,Sales Prev 12M,₹ 108 Cr.
IDFC,Profit Prev 12M,"₹ 4,085 Cr."
IDFC,Med Sales Gwth 10Yrs,-7.74 %
IDFC,Med Sales Gwth 5Yrs,-3.79 %
IDFC,Sales growth 7Years,-51.5 %
IDFC,Sales Var 10Yrs,-38.7 %
IDFC,EBIDT growth 3Years,65.3 %
IDFC,EBIDT growth 5Years,28.9 %
IDFC,EBIDT growth 7Years,-25.8 %
IDFC,EBIDT Var 10Yrs,-17.9 %
IDFC,EPS growth 3Years,62.2 %
IDFC,EPS growth 5Years,30.8 %
IDFC,EPS growth 7Years,5.84 %
IDFC,EPS growth 10Years,-5.77 %
IDFC,Profit Var 7Yrs,5.87 %
IDFC,Profit Var 10Yrs,-5.27 %
IDFC,Chg in Prom Hold 3Yr,0.00 %
IDFC,Market Cap,"₹ 17,992 Cr."
IDFC,Current Price,₹ 112
IDFC,High / Low,₹ 137 / 105
IDFC,Stock P/E,17.2
IDFC,Book Value,₹ 83.6
IDFC,Dividend Yield,0.92 %
IDFC,ROCE,8.49 %
IDFC,ROE,8.37 %
IDFC,Face Value,₹ 10.0
IDFC,OP Qtr,₹ 7.15 Cr.
IDFC,Other Inc Qtr,₹ 344 Cr.
IDFC,EBIDT Qtr,₹ 351 Cr.
IDFC,Dep Qtr,₹ 0.01 Cr.
IDFC,EBIT latest quarter,₹ 351 Cr.
IDFC,Interest Qtr,₹ 0.00 Cr.
IDFC,PBT Qtr,₹ 351 Cr.
IDFC,Tax latest quarter,₹ 2.81 Cr.
IDFC,Extra Ord Item Qtr,₹ 0.00 Cr.
IDFC,NP Qtr,₹ 348 Cr.
IDFC,GPM latest quarter,100 %
IDFC,OPM latest quarter,73.2 %
IDFC,NPM latest quarter,"3,560 %"
IDFC,Eq Cap Qtr,"₹ 1,600 Cr."
IDFC,EPS latest quarter,₹ 2.17
IDFC,OP 2Qtr Bk,₹ 30.6 Cr.
IDFC,OP 3Qtr Bk,₹ 19.4 Cr.
IDFC,Sales 2Qtr Bk,₹ 36.7 Cr.
IDFC,Sales 3Qtr Bk,₹ 26.8 Cr.
IDFC,NP 2Qtr Bk,₹ 224 Cr.
IDFC,NP 3Qtr Bk,₹ 264 Cr.
IDFC,Opert Prft Gwth,-50.9 %
IDFC,Last result date,"2,02,403"
IDFC,Exp Qtr Sales Var,-3.34 %
IDFC,Exp Qtr Sales,₹ 25.9 Cr.
IDFC,Exp Qtr OP,₹ Cr.
IDFC,Exp Qtr NP,₹ Cr.
IDFC,Exp Qtr EPS,₹
IDFC,Sales Prev Qtr,₹ -7.65 Cr.
IDFC,OP Prev Qtr,₹ -12.7 Cr.
IDFC,Other Inc Prev Qtr,₹ 218 Cr.
IDFC,EBIDT Prev Qtr,₹ 205 Cr.
IDFC,Dep Prev Qtr,₹ 0.01 Cr.
IDFC,EBIT Prev Qtr,₹ 205 Cr.
IDFC,Interest Prev Qtr,₹ 0.00 Cr.
IDFC,PBT Prev Qtr,₹ 205 Cr.
IDFC,Tax Prev Qtr,₹ -5.22 Cr.
IDFC,PAT Prev Qtr,₹ 210 Cr.
IDFC,Extra Ord Prev Qtr,₹ 0.00 Cr.
IDFC,NP Prev Qtr,₹ 210 Cr.
IDFC,OPM Prev Qtr,%
IDFC,NPM Prev Qtr,%
IDFC,Eq Cap Prev Qtr,"₹ 1,600 Cr."
IDFC,EPS Prev Qtr,₹ 1.31
IDFC,Sales PY Qtr,₹ 52.6 Cr.
IDFC,OP PY Qtr,₹ 3.86 Cr.
IDFC,Other Inc PY Qtr,"₹ 3,754 Cr."
IDFC,EBIDT PY Qtr,₹ 272 Cr.
IDFC,Dep PY Qtr,₹ 0.01 Cr.
IDFC,EBIT PY Qtr,₹ 272 Cr.
IDFC,Interest PY Qtr,₹ 0.00 Cr.
IDFC,PBT PY Qtr,"₹ 3,758 Cr."
IDFC,Tax PY Qtr,₹ 371 Cr.
IDFC,Market Cap,"₹ 17,992 Cr."
IDFC,Current Price,₹ 112
IDFC,High / Low,₹ 137 / 105
IDFC,Stock P/E,17.2
IDFC,Book Value,₹ 83.6
IDFC,Dividend Yield,0.92 %
IDFC,ROCE,8.49 %
IDFC,ROE,8.37 %
IDFC,Face Value,₹ 10.0
IDFC,Equity capital,"₹ 1,600 Cr."
IDFC,Preference capital,₹ 0.00 Cr.
IDFC,Reserves,"₹ 11,781 Cr."
IDFC,Secured loan,₹ 0.00 Cr.
IDFC,Unsecured loan,₹ 0.00 Cr.
IDFC,Balance sheet total,"₹ 13,429 Cr."
IDFC,Gross block,₹ 0.31 Cr.
IDFC,Revaluation reserve,₹ 0.00 Cr.
IDFC,Accum Dep,₹ 0.24 Cr.
IDFC,Net block,₹ 0.05 Cr.
IDFC,CWIP,₹ 0.00 Cr.
IDFC,Investments,"₹ 12,964 Cr."
IDFC,Current assets,₹ 464 Cr.
IDFC,Current liabilities,₹ 9.61 Cr.
IDFC,BV Unq Invest,"₹ 11,221 Cr."
IDFC,MV Quoted Inv,₹ 0.00 Cr.
IDFC,Cont Liab,₹ 248 Cr.
IDFC,Total Assets,"₹ 13,429 Cr."
IDFC,Working capital,₹ 454 Cr.
IDFC,Lease liabilities,₹ 0.00 Cr.
IDFC,Inventory,₹ 0.00 Cr.
IDFC,Trade receivables,₹ 0.00 Cr.
IDFC,Face value,₹ 10.0
IDFC,Cash Equivalents,₹ 241 Cr.
IDFC,Adv Cust,₹ 0.00 Cr.
IDFC,Trade Payables,₹ 0.00 Cr.
IDFC,No. Eq. Shares PY,160
IDFC,Debt preceding year,₹ 0.00 Cr.
IDFC,Work Cap PY,₹ 413 Cr.
IDFC,Net Block PY,₹ 0.07 Cr.
IDFC,Gross Block PY,₹ 0.31 Cr.
IDFC,CWIP PY,₹ 0.00 Cr.
IDFC,Work Cap 3Yr,₹ 30.6 Cr.
IDFC,Work Cap 5Yr,₹ 840 Cr.
IDFC,Work Cap 7Yr,"₹ 13,477 Cr."
IDFC,Work Cap 10Yr,"₹ -1,002 Cr."
IDFC,Debt 3Years back,₹ 37.5 Cr.
IDFC,Debt 5Years back,₹ 0.00 Cr.
IDFC,Debt 7Years back,"₹ 92,153 Cr."
IDFC,Debt 10Years back,"₹ 56,565 Cr."
IDFC,Net Block 3Yrs Back,₹ 834 Cr.
IDFC,Net Block 5Yrs Back,₹ 885 Cr.
IDFC,Net Block 7Yrs Back,"₹ 2,202 Cr."
IDFC,Market Cap,"₹ 17,992 Cr."
IDFC,Current Price,₹ 112
IDFC,High / Low,₹ 137 / 105
IDFC,Stock P/E,17.2
IDFC,Book Value,₹ 83.6
IDFC,Dividend Yield,0.92 %
IDFC,ROCE,8.49 %
IDFC,ROE,8.37 %
IDFC,Face Value,₹ 10.0
IDFC,CF Operations,₹ 860 Cr.
IDFC,Free Cash Flow,₹ 860 Cr.
IDFC,CF Investing,₹ -906 Cr.
IDFC,CF Financing,₹ 0.00 Cr.
IDFC,Net CF,₹ -46.6 Cr.
IDFC,Cash Beginning,₹ 158 Cr.
IDFC,Cash End,₹ 241 Cr.
IDFC,FCF Prev Ann,"₹ 4,128 Cr."
IDFC,CF Operations PY,"₹ 4,128 Cr."
IDFC,CF Investing PY,"₹ -2,356 Cr."
IDFC,CF Financing PY,"₹ -1,900 Cr."
IDFC,Net CF PY,₹ -129 Cr.
IDFC,Cash Beginning PY,₹ 286 Cr.
IDFC,Cash End PY,₹ 377 Cr.
IDFC,Free Cash Flow 3Yrs,"₹ 5,086 Cr."
IDFC,Free Cash Flow 5Yrs,"₹ 3,822 Cr."
IDFC,Free Cash Flow 7Yrs,"₹ 6,473 Cr."
IDFC,Free Cash Flow 10Yrs,"₹ 12,431 Cr."
IDFC,CF Opr 3Yrs,"₹ 5,031 Cr."
IDFC,CF Opr 5Yrs,"₹ 3,723 Cr."
IDFC,CF Opr 7Yrs,"₹ 6,380 Cr."
IDFC,CF Opr 10Yrs,"₹ 13,092 Cr."
IDFC,CF Inv 10Yrs,"₹ -31,090 Cr."
IDFC,CF Inv 7Yrs,"₹ -1,741 Cr."
IDFC,CF Inv 5Yrs,"₹ -1,182 Cr."
IDFC,CF Inv 3Yrs,"₹ -3,059 Cr."
IDFC,Cash 3Years back,₹ 65.5 Cr.
IDFC,Cash 5Years back,₹ 264 Cr.
IDFC,Cash 7Years back,"₹ 5,282 Cr."
IDFC,Market Cap,"₹ 17,992 Cr."
IDFC,Current Price,₹ 112
IDFC,High / Low,₹ 137 / 105
IDFC,Stock P/E,17.2
IDFC,Book Value,₹ 83.6
IDFC,Dividend Yield,0.92 %
IDFC,ROCE,8.49 %
IDFC,ROE,8.37 %
IDFC,Face Value,₹ 10.0
IDFC,No. Eq. Shares,160
IDFC,Book value,₹ 83.6
IDFC,Inven TO,
IDFC,Quick ratio,48.3
IDFC,Exports percentage,0.00 %
IDFC,Piotroski score,7.00
IDFC,G Factor,4.00
IDFC,Asset Turnover,0.01
IDFC,Financial leverage,0.94
IDFC,No. of Share Holders,"6,78,676"
IDFC,Unpledged Prom Hold,0.00 %
IDFC,ROIC,232 %
IDFC,Debtor days,0.00
IDFC,Industry PBV,1.79
IDFC,Credit rating,
IDFC,WC Days,"1,186"
IDFC,Earning Power,7.90 %
IDFC,Graham Number,₹ 111
IDFC,Cash Cycle,0.00
IDFC,Days Payable,
IDFC,Days Receivable,0.00
IDFC,Inventory Days,
IDFC,Public holding,48.2 %
IDFC,FII holding,20.8 %
IDFC,Chg in FII Hold,-0.17 %
IDFC,DII holding,14.6 %
IDFC,Chg in DII Hold,0.89 %
IDFC,B.V. Prev Ann,₹ 72.5
IDFC,ROCE Prev Yr,-24.4 %
IDFC,ROA Prev Yr,-24.9 %
IDFC,ROE Prev Ann,-25.3 %
IDFC,No. of Share Holders Prev Qtr,"6,73,915"
IDFC,No. Eq. Shares 10 Yrs,159
IDFC,BV 3yrs back,₹ 51.5
IDFC,BV 5yrs back,₹ 52.1
IDFC,BV 10yrs back,₹ 108
IDFC,Inven TO 3Yr,
IDFC,Inven TO 5Yr,
IDFC,Inven TO 7Yr,
IDFC,Inven TO 10Yr,
IDFC,Export 3Yr,0.00 %
IDFC,Export 5Yr,0.00 %
IDFC,Div 5Yrs,₹ 516 Cr.
IDFC,ROCE 3Yr,-5.22 %
IDFC,ROCE 5Yr,-6.15 %
IDFC,ROCE 7Yr,-4.95 %
IDFC,ROCE 10Yr,-0.66 %
IDFC,ROE 10Yr,0.84 %
IDFC,ROE 7Yr,-3.96 %
IDFC,ROE 5Yr Var,29.1 %
IDFC,OPM 5Year,-176 %
IDFC,OPM 10Year,71.8 %
IDFC,No. of Share Holders 1Yr,"4,52,842"
IDFC,Avg Div Payout 3Yrs,98.2 %
IDFC,Debtor days 3yrs,0.00
IDFC,Debtor days 3yrs back,135
IDFC,Debtor days 5yrs back,14.0
IDFC,ROA 5Yr,-6.52 %
IDFC,ROA 3Yr,-5.57 %
IDFC,Market Cap,"₹ 17,992 Cr."
IDFC,Current Price,₹ 112
IDFC,High / Low,₹ 137 / 105
IDFC,Stock P/E,17.2
IDFC,Book Value,₹ 83.6
IDFC,Dividend Yield,0.92 %
IDFC,ROCE,8.49 %
IDFC,ROE,8.37 %
IDFC,Face Value,₹ 10.0
IDFC,Avg Vol 1Mth,"53,10,619"
IDFC,Avg Vol 1Wk,"52,62,570"
IDFC,Volume,"57,19,304"
IDFC,High price,₹ 137
IDFC,Low price,₹ 105
IDFC,High price all time,₹ 137
IDFC,Low price all time,₹ 13.2
IDFC,Return over 1day,0.73 %
IDFC,Return over 1week,-1.60 %
IDFC,Return over 1month,-8.65 %
IDFC,DMA 50,₹ 117
IDFC,DMA 200,₹ 116
IDFC,DMA 50 previous day,₹ 117
IDFC,200 DMA prev.,₹ 116
IDFC,RSI,35.4
IDFC,MACD,-1.41
IDFC,MACD Previous Day,-1.15
IDFC,MACD Signal,-0.58
IDFC,MACD Signal Prev,-0.37
IDFC,Avg Vol 1Yr,"71,79,562"
IDFC,Return over 7years,9.39 %
IDFC,Return over 10years,4.29 %
IDFC,Market Cap,"₹ 17,992 Cr."
IDFC,Current Price,₹ 112
IDFC,High / Low,₹ 137 / 105
IDFC,Stock P/E,17.2
IDFC,Book Value,₹ 83.6
IDFC,Dividend Yield,0.92 %
IDFC,ROCE,8.49 %
IDFC,ROE,8.37 %
IDFC,Face Value,₹ 10.0
IDFC,WC to Sales,693 %
IDFC,QoQ Profits,65.6 %
IDFC,QoQ Sales,-228 %
IDFC,Net worth,"₹ 13,381 Cr."
IDFC,Market Cap to Sales,275
IDFC,Interest Coverage,146
IDFC,EV / EBIT,16.7
IDFC,Debt Capacity,0.86
IDFC,Debt To Profit,0.00
IDFC,Capital Employed,₹ 454 Cr.
IDFC,CROIC,13.6 %
IDFC,debtplus,0.02
IDFC,Leverage,₹ 0.94
IDFC,Dividend Payout,0.00 %
IDFC,Intrinsic Value,₹ 66.1
IDFC,CDL,-0.04 %
IDFC,Cash by market cap,0.02
IDFC,52w Index,23.3 %
IDFC,Down from 52w high,17.9 %
IDFC,Up from 52w low,7.10 %
IDFC,From 52w high,0.82
IDFC,Mkt Cap To Debt Cap,1.93
IDFC,Dividend Payout,0.00 %
IDFC,Graham,₹ 111
IDFC,Price to Cash Flow,20.9
IDFC,ROCE3yr avg,-5.22 %
IDFC,PB X PE,22.8
IDFC,NCAVPS,₹ 2.84
IDFC,Mar Cap to CF,20.9
IDFC,Altman Z Score,3.84
IDFC,M.Cap / Qtr Profit,51.7
