Ticker,Label,Value
HDFCBANK,Market Cap,"₹ 12,29,473 Cr."
HDFCBANK,Current Price,"₹ 1,616"
HDFCBANK,High / Low,"₹ 1,794 / 1,363"
HDFCBANK,Stock P/E,18.0
HDFCBANK,Book Value,₹ 601
HDFCBANK,Dividend Yield,1.22 %
HDFCBANK,ROCE,7.67 %
HDFCBANK,ROE,17.1 %
HDFCBANK,Face Value,₹ 1.00
HDFCBANK,Sales,"₹ 3,14,027 Cr."
HDFCBANK,OPM,33.6 %
HDFCBANK,Profit after tax,"₹ 68,167 Cr."
HDFCBANK,Mar Cap,"₹ 12,29,473 Cr."
HDFCBANK,Sales Qtr,"₹ 81,546 Cr."
HDFCBANK,PAT Qtr,"₹ 16,475 Cr."
HDFCBANK,Qtr Sales Var,59.4 %
HDFCBANK,Qtr Profit Var,33.2 %
HDFCBANK,Price to Earning,18.0
HDFCBANK,Dividend yield,1.22 %
HDFCBANK,Price to book value,2.69
HDFCBANK,ROCE,7.67 %
HDFCBANK,Return on assets,1.99 %
HDFCBANK,Debt to equity,6.81
HDFCBANK,Return on equity,17.1 %
HDFCBANK,EPS,₹ 89.8
HDFCBANK,Debt,"₹ 31,07,503 Cr."
HDFCBANK,Promoter holding,0.00 %
HDFCBANK,Change in Prom Hold,0.00 %
HDFCBANK,Earnings yield,6.22 %
HDFCBANK,Pledged percentage,0.00 %
HDFCBANK,Industry PE,12.0
HDFCBANK,Sales growth,70.1 %
HDFCBANK,Profit growth,39.7 %
HDFCBANK,Current Price,"₹ 1,616"
HDFCBANK,Price to Sales,3.92
HDFCBANK,CMP / FCF,204
HDFCBANK,EVEBITDA,16.1
HDFCBANK,Enterprise Value,"₹ 41,08,141 Cr."
HDFCBANK,Current ratio,2.50
HDFCBANK,Int Coverage,1.48
HDFCBANK,PEG Ratio,0.77
HDFCBANK,Return over 3months,7.07 %
HDFCBANK,Return over 6months,12.7 %
HDFCBANK,No. Eq. Shares,761
HDFCBANK,Sales growth 3Years,30.2 %
HDFCBANK,Sales growth 5Years,22.0 %
HDFCBANK,Profit Var 3Yrs,26.2 %
HDFCBANK,Profit Var 5Yrs,23.4 %
HDFCBANK,ROE 5Yr,16.8 %
HDFCBANK,ROE 3Yr,17.0 %
HDFCBANK,Return over 1year,-3.38 %
HDFCBANK,Return over 3years,3.94 %
HDFCBANK,Return over 5years,7.26 %
HDFCBANK,Market Cap,"₹ 12,29,473 Cr."
HDFCBANK,Current Price,"₹ 1,616"
HDFCBANK,High / Low,"₹ 1,794 / 1,363"
HDFCBANK,Stock P/E,18.0
HDFCBANK,Book Value,₹ 601
HDFCBANK,Dividend Yield,1.22 %
HDFCBANK,ROCE,7.67 %
HDFCBANK,ROE,17.1 %
HDFCBANK,Face Value,₹ 1.00
HDFCBANK,Sales last year,"₹ 2,83,649 Cr."
HDFCBANK,OP Ann,"₹ 1,09,453 Cr."
HDFCBANK,Other Inc Ann,"₹ 1,24,346 Cr."
HDFCBANK,EBIDT last year,"₹ 2,33,599 Cr."
HDFCBANK,Dep Ann,"₹ 3,092 Cr."
HDFCBANK,EBIT last year,"₹ 2,30,507 Cr."
HDFCBANK,Interest last year,"₹ 1,54,139 Cr."
HDFCBANK,PBT Ann,"₹ 76,569 Cr."
HDFCBANK,Tax last year,"₹ 11,122 Cr."
HDFCBANK,PAT Ann,"₹ 63,902 Cr."
HDFCBANK,Extra Ord Item Ann,₹ 200 Cr.
HDFCBANK,NP Ann,"₹ 65,446 Cr."
HDFCBANK,Dividend last year,"₹ 14,814 Cr."
HDFCBANK,Raw Material,0.00 %
HDFCBANK,Employee cost,"₹ 31,050 Cr."
HDFCBANK,OPM last year,38.6 %
HDFCBANK,NPM last year,23.0 %
HDFCBANK,Operating profit,"₹ 1,05,520 Cr."
HDFCBANK,Interest,"₹ 1,72,763 Cr."
HDFCBANK,Depreciation,₹ 0.00 Cr.
HDFCBANK,EPS last year,₹ 84.3
HDFCBANK,EBIT,"₹ 2,55,463 Cr."
HDFCBANK,Net profit,"₹ 70,231 Cr."
HDFCBANK,Current Tax,"₹ 12,468 Cr."
HDFCBANK,Tax,"₹ 12,468 Cr."
HDFCBANK,Other income,"₹ 1,49,943 Cr."
HDFCBANK,Ann Date,"2,02,403"
HDFCBANK,Sales Prev Ann,"₹ 1,70,754 Cr."
HDFCBANK,OP Prev Ann,"₹ 1,07,712 Cr."
HDFCBANK,Other Inc Prev Ann,"₹ 33,912 Cr."
HDFCBANK,EBIDT Prev Ann,"₹ 1,41,530 Cr."
HDFCBANK,Dep Prev Ann,"₹ 2,345 Cr."
HDFCBANK,EBIT preceding year,"₹ 1,39,185 Cr."
HDFCBANK,Interest Prev Ann,"₹ 77,780 Cr."
HDFCBANK,PBT Prev Ann,"₹ 61,498 Cr."
HDFCBANK,Tax preceding year,"₹ 15,350 Cr."
HDFCBANK,PAT Prev Ann,"₹ 45,927 Cr."
HDFCBANK,Extra Ord Prev Ann,₹ 93.4 Cr.
HDFCBANK,NP Prev Ann,"₹ 46,149 Cr."
HDFCBANK,Dividend Prev Ann,"₹ 10,601 Cr."
HDFCBANK,OPM preceding year,63.1 %
HDFCBANK,NPM preceding year,27.0 %
HDFCBANK,EPS preceding year,₹ 82.4
HDFCBANK,Sales Prev 12M,"₹ 2,83,649 Cr."
HDFCBANK,Profit Prev 12M,"₹ 65,446 Cr."
HDFCBANK,Med Sales Gwth 10Yrs,16.4 %
HDFCBANK,Med Sales Gwth 5Yrs,16.2 %
HDFCBANK,Sales growth 7Years,21.3 %
HDFCBANK,Sales Var 10Yrs,20.9 %
HDFCBANK,EBIDT growth 3Years,31.2 %
HDFCBANK,EBIDT growth 5Years,21.2 %
HDFCBANK,EBIDT growth 7Years,20.8 %
HDFCBANK,EBIDT Var 10Yrs,20.1 %
HDFCBANK,EPS growth 3Years,13.4 %
HDFCBANK,EPS growth 5Years,15.5 %
HDFCBANK,EPS growth 7Years,16.0 %
HDFCBANK,EPS growth 10Years,16.5 %
HDFCBANK,Profit Var 7Yrs,22.7 %
HDFCBANK,Profit Var 10Yrs,22.0 %
HDFCBANK,Chg in Prom Hold 3Yr,-25.9 %
HDFCBANK,Market Cap,"₹ 12,29,473 Cr."
HDFCBANK,Current Price,"₹ 1,616"
HDFCBANK,High / Low,"₹ 1,794 / 1,363"
HDFCBANK,Stock P/E,18.0
HDFCBANK,Book Value,₹ 601
HDFCBANK,Dividend Yield,1.22 %
HDFCBANK,ROCE,7.67 %
HDFCBANK,ROE,17.1 %
HDFCBANK,Face Value,₹ 1.00
HDFCBANK,OP Qtr,"₹ 31,857 Cr."
HDFCBANK,Other Inc Qtr,"₹ 35,450 Cr."
HDFCBANK,EBIDT Qtr,"₹ 67,307 Cr."
HDFCBANK,Dep Qtr,₹ 0.00 Cr.
HDFCBANK,EBIT latest quarter,"₹ 67,307 Cr."
HDFCBANK,Interest Qtr,"₹ 44,580 Cr."
HDFCBANK,PBT Qtr,"₹ 22,727 Cr."
HDFCBANK,Tax latest quarter,"₹ 5,539 Cr."
HDFCBANK,Extra Ord Item Qtr,₹ 0.00 Cr.
HDFCBANK,NP Qtr,"₹ 17,188 Cr."
HDFCBANK,GPM latest quarter,100 %
HDFCBANK,OPM latest quarter,39.1 %
HDFCBANK,NPM latest quarter,21.1 %
HDFCBANK,Eq Cap Qtr,₹ 761 Cr.
HDFCBANK,EPS latest quarter,₹ 21.6
HDFCBANK,OP 2Qtr Bk,"₹ 27,478 Cr."
HDFCBANK,OP 3Qtr Bk,"₹ 29,690 Cr."
HDFCBANK,Sales 2Qtr Bk,"₹ 78,008 Cr."
HDFCBANK,Sales 3Qtr Bk,"₹ 75,039 Cr."
HDFCBANK,NP 2Qtr Bk,"₹ 17,718 Cr."
HDFCBANK,NP 3Qtr Bk,"₹ 17,312 Cr."
HDFCBANK,Opert Prft Gwth,-8.89 %
HDFCBANK,Last result date,"2,02,406"
HDFCBANK,Exp Qtr Sales Var,70.5 %
HDFCBANK,Exp Qtr Sales,"₹ 1,27,951 Cr."
HDFCBANK,Exp Qtr OP,"₹ 45,583 Cr."
HDFCBANK,Exp Qtr NP,"₹ 1,002 Cr."
HDFCBANK,Exp Qtr EPS,₹ 1.26
HDFCBANK,Sales Prev Qtr,"₹ 79,434 Cr."
HDFCBANK,OP Prev Qtr,"₹ 16,495 Cr."
HDFCBANK,Other Inc Prev Qtr,"₹ 44,958 Cr."
HDFCBANK,EBIDT Prev Qtr,"₹ 61,453 Cr."
HDFCBANK,Dep Prev Qtr,₹ 0.00 Cr.
HDFCBANK,EBIT Prev Qtr,"₹ 61,453 Cr."
HDFCBANK,Interest Prev Qtr,"₹ 43,692 Cr."
HDFCBANK,PBT Prev Qtr,"₹ 17,761 Cr."
HDFCBANK,Tax Prev Qtr,₹ -251 Cr.
HDFCBANK,PAT Prev Qtr,"₹ 17,622 Cr."
HDFCBANK,Extra Ord Prev Qtr,₹ 0.00 Cr.
HDFCBANK,NP Prev Qtr,"₹ 18,013 Cr."
HDFCBANK,OPM Prev Qtr,20.8 %
HDFCBANK,NPM Prev Qtr,22.7 %
HDFCBANK,Eq Cap Prev Qtr,₹ Cr.
HDFCBANK,EPS Prev Qtr,₹ 23.2
HDFCBANK,Sales PY Qtr,"₹ 51,168 Cr."
HDFCBANK,OP PY Qtr,"₹ 32,698 Cr."
HDFCBANK,Other Inc PY Qtr,"₹ 9,853 Cr."
HDFCBANK,EBIDT PY Qtr,"₹ 42,551 Cr."
HDFCBANK,Dep PY Qtr,₹ 0.00 Cr.
HDFCBANK,EBIT PY Qtr,"₹ 42,551 Cr."
HDFCBANK,Interest PY Qtr,"₹ 25,955 Cr."
HDFCBANK,PBT PY Qtr,"₹ 16,597 Cr."
HDFCBANK,Tax PY Qtr,"₹ 4,193 Cr."
HDFCBANK,Market Cap,"₹ 12,29,473 Cr."
HDFCBANK,Current Price,"₹ 1,616"
HDFCBANK,High / Low,"₹ 1,794 / 1,363"
HDFCBANK,Stock P/E,18.0
HDFCBANK,Book Value,₹ 601
HDFCBANK,Dividend Yield,1.22 %
HDFCBANK,ROCE,7.67 %
HDFCBANK,ROE,17.1 %
HDFCBANK,Face Value,₹ 1.00
HDFCBANK,Equity capital,₹ 760 Cr.
HDFCBANK,Preference capital,₹ 0.00 Cr.
HDFCBANK,Reserves,"₹ 4,55,636 Cr."
HDFCBANK,Secured loan,"₹ 7,30,615 Cr."
HDFCBANK,Unsecured loan,"₹ 23,76,887 Cr."
HDFCBANK,Balance sheet total,"₹ 40,30,194 Cr."
HDFCBANK,Gross block,"₹ 30,266 Cr."
HDFCBANK,Revaluation reserve,₹ 0.00 Cr.
HDFCBANK,Accum Dep,"₹ 17,663 Cr."
HDFCBANK,Net block,"₹ 12,604 Cr."
HDFCBANK,CWIP,₹ 0.00 Cr.
HDFCBANK,Investments,"₹ 10,05,682 Cr."
HDFCBANK,Current assets,"₹ 4,36,716 Cr."
HDFCBANK,Current liabilities,"₹ 1,74,832 Cr."
HDFCBANK,BV Unq Invest,"₹ 3,23,206 Cr."
HDFCBANK,MV Quoted Inv,₹ 0.00 Cr.
HDFCBANK,Cont Liab,"₹ 24,09,821 Cr."
HDFCBANK,Total Assets,"₹ 40,30,194 Cr."
HDFCBANK,Working capital,"₹ 2,61,883 Cr."
HDFCBANK,Lease liabilities,₹ 0.00 Cr.
HDFCBANK,Inventory,₹ 0.00 Cr.
HDFCBANK,Trade receivables,₹ 0.00 Cr.
HDFCBANK,Face value,₹ 1.00
HDFCBANK,Cash Equivalents,"₹ 2,28,835 Cr."
HDFCBANK,Adv Cust,₹ 0.00 Cr.
HDFCBANK,Trade Payables,"₹ 13,933 Cr."
HDFCBANK,No. Eq. Shares PY,558
HDFCBANK,Debt preceding year,"₹ 21,39,212 Cr."
HDFCBANK,Work Cap PY,"₹ 2,40,255 Cr."
HDFCBANK,Net Block PY,"₹ 8,431 Cr."
HDFCBANK,Gross Block PY,"₹ 21,822 Cr."
HDFCBANK,CWIP PY,₹ 0.00 Cr.
HDFCBANK,Work Cap 3Yr,"₹ 86,964 Cr."
HDFCBANK,Work Cap 5Yr,"₹ 66,752 Cr."
HDFCBANK,Work Cap 7Yr,"₹ 30,790 Cr."
HDFCBANK,Work Cap 10Yr,"₹ 21,061 Cr."
HDFCBANK,Debt 3Years back,"₹ 15,11,418 Cr."
HDFCBANK,Debt 5Years back,"₹ 10,80,235 Cr."
HDFCBANK,Debt 7Years back,"₹ 7,41,550 Cr."
HDFCBANK,Debt 10Years back,"₹ 4,16,677 Cr."
HDFCBANK,Net Block 3Yrs Back,"₹ 5,248 Cr."
HDFCBANK,Net Block 5Yrs Back,"₹ 4,369 Cr."
HDFCBANK,Net Block 7Yrs Back,"₹ 4,000 Cr."
HDFCBANK,Market Cap,"₹ 12,29,473 Cr."
HDFCBANK,Current Price,"₹ 1,616"
HDFCBANK,High / Low,"₹ 1,794 / 1,363"
HDFCBANK,Stock P/E,18.0
HDFCBANK,Book Value,₹ 601
HDFCBANK,Dividend Yield,1.22 %
HDFCBANK,ROCE,7.67 %
HDFCBANK,ROE,17.1 %
HDFCBANK,Face Value,₹ 1.00
HDFCBANK,CF Operations,"₹ 19,069 Cr."
HDFCBANK,Free Cash Flow,"₹ 14,882 Cr."
HDFCBANK,CF Investing,"₹ 16,600 Cr."
HDFCBANK,CF Financing,"₹ -3,983 Cr."
HDFCBANK,Net CF,"₹ 31,687 Cr."
HDFCBANK,Cash Beginning,"₹ 1,97,148 Cr."
HDFCBANK,Cash End,"₹ 2,28,835 Cr."
HDFCBANK,FCF Prev Ann,"₹ 17,390 Cr."
HDFCBANK,CF Operations PY,"₹ 20,814 Cr."
HDFCBANK,CF Investing PY,"₹ -2,992 Cr."
HDFCBANK,CF Financing PY,"₹ 23,941 Cr."
HDFCBANK,Net CF PY,"₹ 41,762 Cr."
HDFCBANK,Cash Beginning PY,"₹ 1,55,386 Cr."
HDFCBANK,Cash End PY,"₹ 1,97,148 Cr."
HDFCBANK,Free Cash Flow 3Yrs,"₹ 18,096 Cr."
HDFCBANK,Free Cash Flow 5Yrs,"₹ 40,406 Cr."
HDFCBANK,Free Cash Flow 7Yrs,"₹ -7,688 Cr."
HDFCBANK,Free Cash Flow 10Yrs,"₹ -48,875 Cr."
HDFCBANK,CF Opr 3Yrs,"₹ 27,923 Cr."
HDFCBANK,CF Opr 5Yrs,"₹ 53,531 Cr."
HDFCBANK,CF Opr 7Yrs,"₹ 7,874 Cr."
HDFCBANK,CF Opr 10Yrs,"₹ -30,561 Cr."
HDFCBANK,CF Inv 10Yrs,"₹ 3,203 Cr."
HDFCBANK,CF Inv 7Yrs,"₹ 5,987 Cr."
HDFCBANK,CF Inv 5Yrs,"₹ 8,331 Cr."
HDFCBANK,CF Inv 3Yrs,"₹ 11,557 Cr."
HDFCBANK,Cash 3Years back,"₹ 1,21,273 Cr."
HDFCBANK,Cash 5Years back,"₹ 81,818 Cr."
HDFCBANK,Cash 7Years back,"₹ 49,311 Cr."
HDFCBANK,Market Cap,"₹ 12,29,473 Cr."
HDFCBANK,Current Price,"₹ 1,616"
HDFCBANK,High / Low,"₹ 1,794 / 1,363"
HDFCBANK,Stock P/E,18.0
HDFCBANK,Book Value,₹ 601
HDFCBANK,Dividend Yield,1.22 %
HDFCBANK,ROCE,7.67 %
HDFCBANK,ROE,17.1 %
HDFCBANK,Face Value,₹ 1.00
HDFCBANK,No. Eq. Shares,761
HDFCBANK,Book value,₹ 601
HDFCBANK,Inven TO,
HDFCBANK,Quick ratio,2.50
HDFCBANK,Exports percentage,0.00 %
HDFCBANK,Piotroski score,5.00
HDFCBANK,G Factor,5.00
HDFCBANK,Asset Turnover,0.09
HDFCBANK,Financial leverage,7.19
HDFCBANK,No. of Share Holders,"36,64,325"
HDFCBANK,Unpledged Prom Hold,0.00 %
HDFCBANK,ROIC,7.67 %
HDFCBANK,Debtor days,0.00
HDFCBANK,Industry PBV,1.87
HDFCBANK,Credit rating,
HDFCBANK,WC Days,42.5
HDFCBANK,Earning Power,6.34 %
HDFCBANK,Graham Number,"₹ 1,101"
HDFCBANK,Cash Cycle,0.00
HDFCBANK,Days Payable,
HDFCBANK,Days Receivable,0.00
HDFCBANK,Inventory Days,
HDFCBANK,Public holding,17.4 %
HDFCBANK,FII holding,47.2 %
HDFCBANK,Chg in FII Hold,-0.66 %
HDFCBANK,DII holding,35.2 %
HDFCBANK,Chg in DII Hold,1.87 %
HDFCBANK,B.V. Prev Ann,₹ 519
HDFCBANK,ROCE Prev Yr,6.24 %
HDFCBANK,ROA Prev Yr,1.98 %
HDFCBANK,ROE Prev Ann,17.1 %
HDFCBANK,No. of Share Holders Prev Qtr,"41,21,815"
HDFCBANK,No. Eq. Shares 10 Yrs,501
HDFCBANK,BV 3yrs back,₹ 381
HDFCBANK,BV 5yrs back,₹ 322
HDFCBANK,BV 10yrs back,₹ 126
HDFCBANK,Inven TO 3Yr,
HDFCBANK,Inven TO 5Yr,
HDFCBANK,Inven TO 7Yr,
HDFCBANK,Inven TO 10Yr,
HDFCBANK,Export 3Yr,0.00 %
HDFCBANK,Export 5Yr,0.00 %
HDFCBANK,Div 5Yrs,"₹ 7,793 Cr."
HDFCBANK,ROCE 3Yr,6.58 %
HDFCBANK,ROCE 5Yr,6.67 %
HDFCBANK,ROCE 7Yr,6.94 %
HDFCBANK,ROCE 10Yr,7.31 %
HDFCBANK,ROE 10Yr,17.2 %
HDFCBANK,ROE 7Yr,17.0 %
HDFCBANK,ROE 5Yr Var,0.22 %
HDFCBANK,OPM 5Year,53.4 %
HDFCBANK,OPM 10Year,57.6 %
HDFCBANK,No. of Share Holders 1Yr,"23,45,672"
HDFCBANK,Avg Div Payout 3Yrs,22.9 %
HDFCBANK,Debtor days 3yrs,0.00
HDFCBANK,Debtor days 3yrs back,0.00
HDFCBANK,Debtor days 5yrs back,0.00
HDFCBANK,ROA 5Yr,1.94 %
HDFCBANK,ROA 3Yr,1.97 %
HDFCBANK,Market Cap,"₹ 12,29,473 Cr."
HDFCBANK,Current Price,"₹ 1,616"
HDFCBANK,High / Low,"₹ 1,794 / 1,363"
HDFCBANK,Stock P/E,18.0
HDFCBANK,Book Value,₹ 601
HDFCBANK,Dividend Yield,1.22 %
HDFCBANK,ROCE,7.67 %
HDFCBANK,ROE,17.1 %
HDFCBANK,Face Value,₹ 1.00
HDFCBANK,Avg Vol 1Mth,"2,44,92,617"
HDFCBANK,Avg Vol 1Wk,"2,47,65,787"
HDFCBANK,Volume,"1,31,90,428"
HDFCBANK,High price,"₹ 1,794"
HDFCBANK,Low price,"₹ 1,363"
HDFCBANK,High price all time,"₹ 1,794"
HDFCBANK,Low price all time,₹ 44.8
HDFCBANK,Return over 1day,-0.04 %
HDFCBANK,Return over 1week,0.58 %
HDFCBANK,Return over 1month,-4.99 %
HDFCBANK,DMA 50,"₹ 1,603"
HDFCBANK,DMA 200,"₹ 1,556"
HDFCBANK,DMA 50 previous day,"₹ 1,603"
HDFCBANK,200 DMA prev.,"₹ 1,556"
HDFCBANK,RSI,47.6
HDFCBANK,MACD,-1.05
HDFCBANK,MACD Previous Day,-0.10
HDFCBANK,MACD Signal,7.74
HDFCBANK,MACD Signal Prev,9.94
HDFCBANK,Avg Vol 1Yr,"2,15,86,013"
HDFCBANK,Return over 7years,8.91 %
HDFCBANK,Return over 10years,14.6 %
HDFCBANK,Market Cap,"₹ 12,29,473 Cr."
HDFCBANK,Current Price,"₹ 1,616"
HDFCBANK,High / Low,"₹ 1,794 / 1,363"
HDFCBANK,Stock P/E,18.0
HDFCBANK,Book Value,₹ 601
HDFCBANK,Dividend Yield,1.22 %
HDFCBANK,ROCE,7.67 %
HDFCBANK,ROE,17.1 %
HDFCBANK,Face Value,₹ 1.00
HDFCBANK,WC to Sales,83.4 %
HDFCBANK,QoQ Profits,-4.58 %
HDFCBANK,QoQ Sales,2.66 %
HDFCBANK,Net worth,"₹ 4,56,395 Cr."
HDFCBANK,Market Cap to Sales,3.92
HDFCBANK,Interest Coverage,1.48
HDFCBANK,EV / EBIT,16.1
HDFCBANK,Debt Capacity,-1.50
HDFCBANK,Debt To Profit,47.5
HDFCBANK,Capital Employed,"₹ 2,74,487 Cr."
HDFCBANK,CROIC,0.20 %
HDFCBANK,debtplus,12.1
HDFCBANK,Leverage,₹ 7.19
HDFCBANK,Dividend Payout,23.1 %
HDFCBANK,Intrinsic Value,"₹ 1,144"
HDFCBANK,CDL,-430 %
HDFCBANK,Cash by market cap,0.17
HDFCBANK,52w Index,58.7 %
HDFCBANK,Down from 52w high,9.92 %
HDFCBANK,Up from 52w low,18.5 %
HDFCBANK,From 52w high,0.90
HDFCBANK,Mkt Cap To Debt Cap,9.19
HDFCBANK,Dividend Payout,23.1 %
HDFCBANK,Graham,"₹ 1,101"
HDFCBANK,Price to Cash Flow,64.5
HDFCBANK,ROCE3yr avg,6.58 %
HDFCBANK,PB X PE,48.5
HDFCBANK,NCAVPS,₹ 344
HDFCBANK,Mar Cap to CF,64.5
HDFCBANK,Altman Z Score,1.01
HDFCBANK,M.Cap / Qtr Profit,74.6
