Ticker,Label,Value
VOLTAS,Market Cap,"₹ 49,037 Cr."
VOLTAS,Current Price,"₹ 1,484"
VOLTAS,High / Low,"₹ 1,560 / 757"
VOLTAS,Stock P/E,198
VOLTAS,Book Value,₹ 176
VOLTAS,Dividend Yield,0.37 %
VOLTAS,ROCE,8.51 %
VOLTAS,ROE,4.40 %
VOLTAS,Face Value,₹ 1.00
VOLTAS,Sales,"₹ 12,481 Cr."
VOLTAS,OPM,2.69 %
VOLTAS,Profit after tax,₹ 248 Cr.
VOLTAS,Mar Cap,"₹ 49,037 Cr."
VOLTAS,Sales Qtr,"₹ 4,203 Cr."
VOLTAS,PAT Qtr,₹ 111 Cr.
VOLTAS,Qtr Sales Var,42.1 %
VOLTAS,Qtr Profit Var,-22.8 %
VOLTAS,Price to Earning,198
VOLTAS,Dividend yield,0.37 %
VOLTAS,Price to book value,8.43
VOLTAS,ROCE,8.51 %
VOLTAS,Return on assets,2.23 %
VOLTAS,Debt to equity,0.13
VOLTAS,Return on equity,4.40 %
VOLTAS,EPS,₹ 7.62
VOLTAS,Debt,₹ 744 Cr.
VOLTAS,Promoter holding,30.3 %
VOLTAS,Change in Prom Hold,0.00 %
VOLTAS,Earnings yield,1.11 %
VOLTAS,Pledged percentage,0.00 %
VOLTAS,Industry PE,82.9
VOLTAS,Sales growth,31.4 %
VOLTAS,Profit growth,2.48 %
VOLTAS,Current Price,"₹ 1,484"
VOLTAS,Price to Sales,3.93
VOLTAS,CMP / FCF,148
VOLTAS,EVEBITDA,83.0
VOLTAS,Enterprise Value,"₹ 48,928 Cr."
VOLTAS,Current ratio,1.25
VOLTAS,Int Coverage,9.70
VOLTAS,PEG Ratio,-14.5
VOLTAS,Return over 3months,4.90 %
VOLTAS,Return over 6months,47.6 %
VOLTAS,No. Eq. Shares,33.1
VOLTAS,Sales growth 3Years,18.2 %
VOLTAS,Sales growth 5Years,11.9 %
VOLTAS,Profit Var 3Yrs,-22.1 %
VOLTAS,Profit Var 5Yrs,-13.6 %
VOLTAS,ROE 5Yr,8.22 %
VOLTAS,ROE 3Yr,6.09 %
VOLTAS,Return over 1year,93.8 %
VOLTAS,Return over 3years,12.4 %
VOLTAS,Return over 5years,20.7 %
VOLTAS,Market Cap,"₹ 49,037 Cr."
VOLTAS,Current Price,"₹ 1,484"
VOLTAS,High / Low,"₹ 1,560 / 757"
VOLTAS,Stock P/E,198
VOLTAS,Book Value,₹ 176
VOLTAS,Dividend Yield,0.37 %
VOLTAS,ROCE,8.51 %
VOLTAS,ROE,4.40 %
VOLTAS,Face Value,₹ 1.00
VOLTAS,Sales last year,"₹ 12,481 Cr."
VOLTAS,OP Ann,₹ 336 Cr.
VOLTAS,Other Inc Ann,₹ 253 Cr.
VOLTAS,EBIDT last year,₹ 590 Cr.
VOLTAS,Dep Ann,₹ 47.6 Cr.
VOLTAS,EBIT last year,₹ 542 Cr.
VOLTAS,Interest last year,₹ 55.9 Cr.
VOLTAS,PBT Ann,₹ 486 Cr.
VOLTAS,Tax last year,₹ 238 Cr.
VOLTAS,PAT Ann,₹ 248 Cr.
VOLTAS,Extra Ord Item Ann,₹ -0.34 Cr.
VOLTAS,NP Ann,₹ 248 Cr.
VOLTAS,Dividend last year,₹ 182 Cr.
VOLTAS,Raw Material,78.6 %
VOLTAS,Employee cost,₹ 779 Cr.
VOLTAS,OPM last year,2.69 %
VOLTAS,NPM last year,1.99 %
VOLTAS,Operating profit,₹ 336 Cr.
VOLTAS,Interest,₹ 55.9 Cr.
VOLTAS,Depreciation,₹ 47.6 Cr.
VOLTAS,EPS last year,₹ 7.62
VOLTAS,EBIT,₹ 542 Cr.
VOLTAS,Net profit,₹ 248 Cr.
VOLTAS,Current Tax,₹ 220 Cr.
VOLTAS,Tax,₹ 238 Cr.
VOLTAS,Other income,₹ 253 Cr.
VOLTAS,Ann Date,"2,02,403"
VOLTAS,Sales Prev Ann,"₹ 9,499 Cr."
VOLTAS,OP Prev Ann,₹ 454 Cr.
VOLTAS,Other Inc Prev Ann,₹ -77.3 Cr.
VOLTAS,EBIDT Prev Ann,₹ 622 Cr.
VOLTAS,Dep Prev Ann,₹ 39.6 Cr.
VOLTAS,EBIT preceding year,₹ 582 Cr.
VOLTAS,Interest Prev Ann,₹ 29.6 Cr.
VOLTAS,PBT Prev Ann,₹ 307 Cr.
VOLTAS,Tax preceding year,₹ 171 Cr.
VOLTAS,PAT Prev Ann,₹ 242 Cr.
VOLTAS,Extra Ord Prev Ann,₹ -246 Cr.
VOLTAS,NP Prev Ann,₹ 136 Cr.
VOLTAS,Dividend Prev Ann,₹ 149 Cr.
VOLTAS,OPM preceding year,4.78 %
VOLTAS,NPM preceding year,2.57 %
VOLTAS,EPS preceding year,₹ 4.08
VOLTAS,Sales Prev 12M,"₹ 11,235 Cr."
VOLTAS,Profit Prev 12M,₹ 281 Cr.
VOLTAS,Med Sales Gwth 10Yrs,6.16 %
VOLTAS,Med Sales Gwth 5Yrs,7.50 %
VOLTAS,Sales growth 7Years,10.9 %
VOLTAS,Sales Var 10Yrs,9.01 %
VOLTAS,EBIDT growth 3Years,-8.46 %
VOLTAS,EBIDT growth 5Years,-4.61 %
VOLTAS,EBIDT growth 7Years,-3.58 %
VOLTAS,EBIDT Var 10Yrs,4.89 %
VOLTAS,EPS growth 3Years,-22.1 %
VOLTAS,EPS growth 5Years,-13.6 %
VOLTAS,EPS growth 7Years,-9.96 %
VOLTAS,EPS growth 10Years,0.75 %
VOLTAS,Profit Var 7Yrs,-9.96 %
VOLTAS,Profit Var 10Yrs,0.75 %
VOLTAS,Chg in Prom Hold 3Yr,0.00 %
VOLTAS,Market Cap,"₹ 49,037 Cr."
VOLTAS,Current Price,"₹ 1,484"
VOLTAS,High / Low,"₹ 1,560 / 757"
VOLTAS,Stock P/E,198
VOLTAS,Book Value,₹ 176
VOLTAS,Dividend Yield,0.37 %
VOLTAS,ROCE,8.51 %
VOLTAS,ROE,4.40 %
VOLTAS,Face Value,₹ 1.00
VOLTAS,OP Qtr,₹ 152 Cr.
VOLTAS,Other Inc Qtr,₹ 54.4 Cr.
VOLTAS,EBIDT Qtr,₹ 207 Cr.
VOLTAS,Dep Qtr,₹ 11.8 Cr.
VOLTAS,EBIT latest quarter,₹ 195 Cr.
VOLTAS,Interest Qtr,₹ 20.8 Cr.
VOLTAS,PBT Qtr,₹ 174 Cr.
VOLTAS,Tax latest quarter,₹ 63.4 Cr.
VOLTAS,Extra Ord Item Qtr,₹ 0.00 Cr.
VOLTAS,NP Qtr,₹ 111 Cr.
VOLTAS,GPM latest quarter,19.8 %
VOLTAS,OPM latest quarter,3.62 %
VOLTAS,NPM latest quarter,2.63 %
VOLTAS,Eq Cap Qtr,₹ 33.1 Cr.
VOLTAS,EPS latest quarter,₹ 3.52
VOLTAS,OP 2Qtr Bk,₹ 37.1 Cr.
VOLTAS,OP 3Qtr Bk,₹ 154 Cr.
VOLTAS,Sales 2Qtr Bk,"₹ 2,293 Cr."
VOLTAS,Sales 3Qtr Bk,"₹ 3,360 Cr."
VOLTAS,NP 2Qtr Bk,₹ 35.6 Cr.
VOLTAS,NP 3Qtr Bk,₹ 129 Cr.
VOLTAS,Opert Prft Gwth,-25.8 %
VOLTAS,Last result date,"2,02,403"
VOLTAS,Exp Qtr Sales Var,31.9 %
VOLTAS,Exp Qtr Sales,"₹ 4,432 Cr."
VOLTAS,Exp Qtr OP,₹ 138 Cr.
VOLTAS,Exp Qtr NP,₹ 98.8 Cr.
VOLTAS,Exp Qtr EPS,₹ 2.99
VOLTAS,Sales Prev Qtr,"₹ 2,626 Cr."
VOLTAS,OP Prev Qtr,₹ -7.67 Cr.
VOLTAS,Other Inc Prev Qtr,₹ 57.9 Cr.
VOLTAS,EBIDT Prev Qtr,₹ 50.2 Cr.
VOLTAS,Dep Prev Qtr,₹ 12.8 Cr.
VOLTAS,EBIT Prev Qtr,₹ 37.4 Cr.
VOLTAS,Interest Prev Qtr,₹ 13.5 Cr.
VOLTAS,PBT Prev Qtr,₹ 23.8 Cr.
VOLTAS,Tax Prev Qtr,₹ 51.4 Cr.
VOLTAS,PAT Prev Qtr,₹ -27.6 Cr.
VOLTAS,Extra Ord Prev Qtr,₹ 0.00 Cr.
VOLTAS,NP Prev Qtr,₹ -27.6 Cr.
VOLTAS,OPM Prev Qtr,-0.29 %
VOLTAS,NPM Prev Qtr,-1.05 %
VOLTAS,Eq Cap Prev Qtr,₹ 33.1 Cr.
VOLTAS,EPS Prev Qtr,₹ -0.92
VOLTAS,Sales PY Qtr,"₹ 2,957 Cr."
VOLTAS,OP PY Qtr,₹ 190 Cr.
VOLTAS,Other Inc PY Qtr,₹ 46.7 Cr.
VOLTAS,EBIDT PY Qtr,₹ 237 Cr.
VOLTAS,Dep PY Qtr,₹ 10.4 Cr.
VOLTAS,EBIT PY Qtr,₹ 226 Cr.
VOLTAS,Interest PY Qtr,₹ 12.4 Cr.
VOLTAS,PBT PY Qtr,₹ 214 Cr.
VOLTAS,Tax PY Qtr,₹ 70.6 Cr.
VOLTAS,Market Cap,"₹ 49,037 Cr."
VOLTAS,Current Price,"₹ 1,484"
VOLTAS,High / Low,"₹ 1,560 / 757"
VOLTAS,Stock P/E,198
VOLTAS,Book Value,₹ 176
VOLTAS,Dividend Yield,0.37 %
VOLTAS,ROCE,8.51 %
VOLTAS,ROE,4.40 %
VOLTAS,Face Value,₹ 1.00
VOLTAS,Equity capital,₹ 33.1 Cr.
VOLTAS,Preference capital,₹ 0.00 Cr.
VOLTAS,Reserves,"₹ 5,787 Cr."
VOLTAS,Secured loan,₹ 0.00 Cr.
VOLTAS,Unsecured loan,₹ 744 Cr.
VOLTAS,Balance sheet total,"₹ 11,994 Cr."
VOLTAS,Gross block,₹ 965 Cr.
VOLTAS,Revaluation reserve,₹ 0.00 Cr.
VOLTAS,Accum Dep,₹ 418 Cr.
VOLTAS,Net block,₹ 548 Cr.
VOLTAS,CWIP,₹ 368 Cr.
VOLTAS,Investments,"₹ 3,508 Cr."
VOLTAS,Current assets,"₹ 7,223 Cr."
VOLTAS,Current liabilities,"₹ 5,756 Cr."
VOLTAS,BV Unq Invest,₹ 0.00 Cr.
VOLTAS,MV Quoted Inv,"₹ 1,148 Cr."
VOLTAS,Cont Liab,"₹ 6,115 Cr."
VOLTAS,Total Assets,"₹ 11,994 Cr."
VOLTAS,Working capital,"₹ 1,961 Cr."
VOLTAS,Lease liabilities,₹ 30.3 Cr.
VOLTAS,Inventory,"₹ 2,135 Cr."
VOLTAS,Trade receivables,"₹ 2,533 Cr."
VOLTAS,Face value,₹ 1.00
VOLTAS,Cash Equivalents,₹ 852 Cr.
VOLTAS,Adv Cust,₹ 0.00 Cr.
VOLTAS,Trade Payables,"₹ 3,856 Cr."
VOLTAS,No. Eq. Shares PY,33.1
VOLTAS,Debt preceding year,₹ 651 Cr.
VOLTAS,Work Cap PY,"₹ 2,124 Cr."
VOLTAS,Net Block PY,₹ 525 Cr.
VOLTAS,Gross Block PY,₹ 907 Cr.
VOLTAS,CWIP PY,₹ 98.2 Cr.
VOLTAS,Work Cap 3Yr,"₹ 1,691 Cr."
VOLTAS,Work Cap 5Yr,"₹ 1,441 Cr."
VOLTAS,Work Cap 7Yr,₹ 919 Cr.
VOLTAS,Work Cap 10Yr,₹ 894 Cr.
VOLTAS,Debt 3Years back,₹ 261 Cr.
VOLTAS,Debt 5Years back,₹ 315 Cr.
VOLTAS,Debt 7Years back,₹ 171 Cr.
VOLTAS,Debt 10Years back,₹ 264 Cr.
VOLTAS,Net Block 3Yrs Back,₹ 388 Cr.
VOLTAS,Net Block 5Yrs Back,₹ 343 Cr.
VOLTAS,Net Block 7Yrs Back,₹ 300 Cr.
VOLTAS,Market Cap,"₹ 49,037 Cr."
VOLTAS,Current Price,"₹ 1,484"
VOLTAS,High / Low,"₹ 1,560 / 757"
VOLTAS,Stock P/E,198
VOLTAS,Book Value,₹ 176
VOLTAS,Dividend Yield,0.37 %
VOLTAS,ROCE,8.51 %
VOLTAS,ROE,4.40 %
VOLTAS,Face Value,₹ 1.00
VOLTAS,CF Operations,₹ 762 Cr.
VOLTAS,Free Cash Flow,₹ 473 Cr.
VOLTAS,CF Investing,₹ -522 Cr.
VOLTAS,CF Financing,₹ -116 Cr.
VOLTAS,Net CF,₹ 123 Cr.
VOLTAS,Cash Beginning,₹ 693 Cr.
VOLTAS,Cash End,₹ 852 Cr.
VOLTAS,FCF Prev Ann,₹ -18.1 Cr.
VOLTAS,CF Operations PY,₹ 159 Cr.
VOLTAS,CF Investing PY,₹ -81.6 Cr.
VOLTAS,CF Financing PY,₹ 55.0 Cr.
VOLTAS,Net CF PY,₹ 133 Cr.
VOLTAS,Cash Beginning PY,₹ 561 Cr.
VOLTAS,Cash End PY,₹ 708 Cr.
VOLTAS,Free Cash Flow 3Yrs,₹ 992 Cr.
VOLTAS,Free Cash Flow 5Yrs,"₹ 1,909 Cr."
VOLTAS,Free Cash Flow 7Yrs,"₹ 1,800 Cr."
VOLTAS,Free Cash Flow 10Yrs,"₹ 2,924 Cr."
VOLTAS,CF Opr 3Yrs,"₹ 1,505 Cr."
VOLTAS,CF Opr 5Yrs,"₹ 2,524 Cr."
VOLTAS,CF Opr 7Yrs,"₹ 2,528 Cr."
VOLTAS,CF Opr 10Yrs,"₹ 3,485 Cr."
VOLTAS,CF Inv 10Yrs,"₹ -1,733 Cr."
VOLTAS,CF Inv 7Yrs,"₹ -1,241 Cr."
VOLTAS,CF Inv 5Yrs,"₹ -1,435 Cr."
VOLTAS,CF Inv 3Yrs,₹ -969 Cr.
VOLTAS,Cash 3Years back,₹ 459 Cr.
VOLTAS,Cash 5Years back,₹ 321 Cr.
VOLTAS,Cash 7Years back,₹ 331 Cr.
VOLTAS,Market Cap,"₹ 49,037 Cr."
VOLTAS,Current Price,"₹ 1,484"
VOLTAS,High / Low,"₹ 1,560 / 757"
VOLTAS,Stock P/E,198
VOLTAS,Book Value,₹ 176
VOLTAS,Dividend Yield,0.37 %
VOLTAS,ROCE,8.51 %
VOLTAS,ROE,4.40 %
VOLTAS,Face Value,₹ 1.00
VOLTAS,No. Eq. Shares,33.1
VOLTAS,Book value,₹ 176
VOLTAS,Inven TO,5.28
VOLTAS,Quick ratio,0.88
VOLTAS,Exports percentage,0.00 %
VOLTAS,Piotroski score,6.00
VOLTAS,G Factor,2.00
VOLTAS,Asset Turnover,1.12
VOLTAS,Financial leverage,1.91
VOLTAS,No. of Share Holders,"2,47,775"
VOLTAS,Unpledged Prom Hold,30.3 %
VOLTAS,ROIC,11.0 %
VOLTAS,Debtor days,74.1
VOLTAS,Industry PBV,9.02
VOLTAS,Credit rating,
VOLTAS,WC Days,32.4
VOLTAS,Earning Power,4.52 %
VOLTAS,Graham Number,₹ 174
VOLTAS,Cash Cycle,10.1
VOLTAS,Days Payable,143
VOLTAS,Days Receivable,74.1
VOLTAS,Inventory Days,79.4
VOLTAS,Public holding,14.2 %
VOLTAS,FII holding,15.1 %
VOLTAS,Chg in FII Hold,0.37 %
VOLTAS,DII holding,40.2 %
VOLTAS,Chg in DII Hold,-0.17 %
VOLTAS,B.V. Prev Ann,₹ 165
VOLTAS,ROCE Prev Yr,9.67 %
VOLTAS,ROA Prev Yr,2.44 %
VOLTAS,ROE Prev Ann,4.42 %
VOLTAS,No. of Share Holders Prev Qtr,"2,41,794"
VOLTAS,No. Eq. Shares 10 Yrs,33.1
VOLTAS,BV 3yrs back,₹ 151
VOLTAS,BV 5yrs back,₹ 129
VOLTAS,BV 10yrs back,₹ 63.5
VOLTAS,Inven TO 3Yr,4.07
VOLTAS,Inven TO 5Yr,4.35
VOLTAS,Inven TO 7Yr,5.32
VOLTAS,Inven TO 10Yr,4.08
VOLTAS,Export 3Yr,0.00 %
VOLTAS,Export 5Yr,0.00 %
VOLTAS,Div 5Yrs,₹ 162 Cr.
VOLTAS,ROCE 3Yr,10.4 %
VOLTAS,ROCE 5Yr,12.8 %
VOLTAS,ROCE 7Yr,14.7 %
VOLTAS,ROCE 10Yr,16.6 %
VOLTAS,ROE 10Yr,10.8 %
VOLTAS,ROE 7Yr,9.63 %
VOLTAS,ROE 5Yr Var,-19.3 %
VOLTAS,OPM 5Year,5.67 %
VOLTAS,OPM 10Year,6.73 %
VOLTAS,No. of Share Holders 1Yr,"2,99,270"
VOLTAS,Avg Div Payout 3Yrs,72.8 %
VOLTAS,Debtor days 3yrs,85.1
VOLTAS,Debtor days 3yrs back,87.0
VOLTAS,Debtor days 5yrs back,92.4
VOLTAS,ROA 5Yr,4.71 %
VOLTAS,ROA 3Yr,3.40 %
VOLTAS,Market Cap,"₹ 49,037 Cr."
VOLTAS,Current Price,"₹ 1,484"
VOLTAS,High / Low,"₹ 1,560 / 757"
VOLTAS,Stock P/E,198
VOLTAS,Book Value,₹ 176
VOLTAS,Dividend Yield,0.37 %
VOLTAS,ROCE,8.51 %
VOLTAS,ROE,4.40 %
VOLTAS,Face Value,₹ 1.00
VOLTAS,Avg Vol 1Mth,"11,96,769"
VOLTAS,Avg Vol 1Wk,"12,23,447"
VOLTAS,Volume,"6,65,750"
VOLTAS,High price,"₹ 1,560"
VOLTAS,Low price,₹ 757
VOLTAS,High price all time,"₹ 1,560"
VOLTAS,Low price all time,₹ 21.5
VOLTAS,Return over 1day,0.02 %
VOLTAS,Return over 1week,-2.51 %
VOLTAS,Return over 1month,-0.25 %
VOLTAS,DMA 50,"₹ 1,434"
VOLTAS,DMA 200,"₹ 1,200"
VOLTAS,DMA 50 previous day,"₹ 1,432"
VOLTAS,200 DMA prev.,"₹ 1,197"
VOLTAS,RSI,52.6
VOLTAS,MACD,14.2
VOLTAS,MACD Previous Day,16.0
VOLTAS,MACD Signal,18.1
VOLTAS,MACD Signal Prev,19.0
VOLTAS,Avg Vol 1Yr,"16,56,804"
VOLTAS,Return over 7years,16.7 %
VOLTAS,Return over 10years,22.9 %
VOLTAS,Market Cap,"₹ 49,037 Cr."
VOLTAS,Current Price,"₹ 1,484"
VOLTAS,High / Low,"₹ 1,560 / 757"
VOLTAS,Stock P/E,198
VOLTAS,Book Value,₹ 176
VOLTAS,Dividend Yield,0.37 %
VOLTAS,ROCE,8.51 %
VOLTAS,ROE,4.40 %
VOLTAS,Face Value,₹ 1.00
VOLTAS,WC to Sales,15.7 %
VOLTAS,QoQ Profits,501 %
VOLTAS,QoQ Sales,60.1 %
VOLTAS,Net worth,"₹ 5,820 Cr."
VOLTAS,Market Cap to Sales,3.93
VOLTAS,Interest Coverage,9.70
VOLTAS,EV / EBIT,90.3
VOLTAS,Debt Capacity,0.11
VOLTAS,Debt To Profit,3.00
VOLTAS,Capital Employed,"₹ 2,877 Cr."
VOLTAS,CROIC,5.19 %
VOLTAS,debtplus,1.18
VOLTAS,Leverage,₹ 1.91
VOLTAS,Dividend Payout,72.2 %
VOLTAS,Intrinsic Value,₹ 155
VOLTAS,CDL,-12.2 %
VOLTAS,Cash by market cap,0.02
VOLTAS,52w Index,90.5 %
VOLTAS,Down from 52w high,4.90 %
VOLTAS,Up from 52w low,96.0 %
VOLTAS,From 52w high,0.95
VOLTAS,Mkt Cap To Debt Cap,7.77
VOLTAS,Dividend Payout,72.2 %
VOLTAS,Graham,₹ 174
VOLTAS,Price to Cash Flow,64.5
VOLTAS,ROCE3yr avg,10.4 %
VOLTAS,PB X PE,"1,665"
VOLTAS,NCAVPS,₹ 59.3
VOLTAS,Mar Cap to CF,64.4
VOLTAS,Altman Z Score,8.61
VOLTAS,M.Cap / Qtr Profit,443
