Ticker,Label,Value
CIPLA,Market Cap,"₹ 1,28,416 Cr."
CIPLA,Current Price,"₹ 1,590"
CIPLA,High / Low,"₹ 1,592 / 1,132"
CIPLA,Stock P/E,30.2
CIPLA,Book Value,₹ 331
CIPLA,Dividend Yield,0.86 %
CIPLA,ROCE,23.1 %
CIPLA,ROE,17.0 %
CIPLA,Face Value,₹ 2.00
CIPLA,Sales,"₹ 25,774 Cr."
CIPLA,OPM,24.4 %
CIPLA,Profit after tax,"₹ 4,257 Cr."
CIPLA,Mar Cap,"₹ 1,28,416 Cr."
CIPLA,Sales Qtr,"₹ 6,163 Cr."
CIPLA,PAT Qtr,₹ 932 Cr.
CIPLA,Qtr Sales Var,7.39 %
CIPLA,Qtr Profit Var,48.8 %
CIPLA,Price to Earning,30.2
CIPLA,Dividend yield,0.86 %
CIPLA,Price to book value,4.83
CIPLA,ROCE,23.1 %
CIPLA,Return on assets,13.8 %
CIPLA,Debt to equity,0.02
CIPLA,Return on equity,17.0 %
CIPLA,EPS,₹ 51.0
CIPLA,Debt,₹ 559 Cr.
CIPLA,Promoter holding,30.9 %
CIPLA,Change in Prom Hold,-2.56 %
CIPLA,Earnings yield,4.96 %
CIPLA,Pledged percentage,0.00 %
CIPLA,Industry PE,38.3
CIPLA,Sales growth,13.3 %
CIPLA,Profit growth,49.8 %
CIPLA,Current Price,"₹ 1,590"
CIPLA,Price to Sales,4.98
CIPLA,CMP / FCF,50.9
CIPLA,EVEBITDA,18.2
CIPLA,Enterprise Value,"₹ 1,28,100 Cr."
CIPLA,Current ratio,3.70
CIPLA,Int Coverage,66.6
CIPLA,PEG Ratio,1.19
CIPLA,Return over 3months,6.45 %
CIPLA,Return over 6months,9.52 %
CIPLA,No. Eq. Shares,80.8
CIPLA,Sales growth 3Years,10.4 %
CIPLA,Sales growth 5Years,9.51 %
CIPLA,Profit Var 3Yrs,21.8 %
CIPLA,Profit Var 5Yrs,25.4 %
CIPLA,ROE 5Yr,13.6 %
CIPLA,ROE 3Yr,14.5 %
CIPLA,Return over 1year,28.0 %
CIPLA,Return over 3years,18.0 %
CIPLA,Return over 5years,23.0 %
CIPLA,Market Cap,"₹ 1,28,416 Cr."
CIPLA,Current Price,"₹ 1,590"
CIPLA,High / Low,"₹ 1,592 / 1,132"
CIPLA,Stock P/E,30.2
CIPLA,Book Value,₹ 331
CIPLA,Dividend Yield,0.86 %
CIPLA,ROCE,23.1 %
CIPLA,ROE,17.0 %
CIPLA,Face Value,₹ 2.00
CIPLA,Sales last year,"₹ 25,774 Cr."
CIPLA,OP Ann,"₹ 6,291 Cr."
CIPLA,Other Inc Ann,₹ 552 Cr.
CIPLA,EBIDT last year,"₹ 7,038 Cr."
CIPLA,Dep Ann,"₹ 1,051 Cr."
CIPLA,EBIT last year,"₹ 5,987 Cr."
CIPLA,Interest last year,₹ 89.9 Cr.
CIPLA,PBT Ann,"₹ 5,702 Cr."
CIPLA,Tax last year,"₹ 1,547 Cr."
CIPLA,PAT Ann,"₹ 4,257 Cr."
CIPLA,Extra Ord Item Ann,₹ -195 Cr.
CIPLA,NP Ann,"₹ 4,154 Cr."
CIPLA,Dividend last year,"₹ 1,050 Cr."
CIPLA,Raw Material,34.2 %
CIPLA,Employee cost,"₹ 4,310 Cr."
CIPLA,OPM last year,24.4 %
CIPLA,NPM last year,16.6 %
CIPLA,Operating profit,"₹ 6,291 Cr."
CIPLA,Interest,₹ 89.9 Cr.
CIPLA,Depreciation,"₹ 1,051 Cr."
CIPLA,EPS last year,₹ 51.0
CIPLA,EBIT,"₹ 5,987 Cr."
CIPLA,Net profit,"₹ 4,154 Cr."
CIPLA,Current Tax,"₹ 1,697 Cr."
CIPLA,Tax,"₹ 1,547 Cr."
CIPLA,Other income,₹ 552 Cr.
CIPLA,Ann Date,"2,02,403"
CIPLA,Sales Prev Ann,"₹ 22,753 Cr."
CIPLA,OP Prev Ann,"₹ 5,027 Cr."
CIPLA,Other Inc Prev Ann,₹ 293 Cr.
CIPLA,EBIDT Prev Ann,"₹ 5,378 Cr."
CIPLA,Dep Prev Ann,"₹ 1,172 Cr."
CIPLA,EBIT preceding year,"₹ 4,206 Cr."
CIPLA,Interest Prev Ann,₹ 110 Cr.
CIPLA,PBT Prev Ann,"₹ 4,038 Cr."
CIPLA,Tax preceding year,"₹ 1,203 Cr."
CIPLA,PAT Prev Ann,"₹ 2,842 Cr."
CIPLA,Extra Ord Prev Ann,₹ -58.4 Cr.
CIPLA,NP Prev Ann,"₹ 2,833 Cr."
CIPLA,Dividend Prev Ann,₹ 686 Cr.
CIPLA,OPM preceding year,22.1 %
CIPLA,NPM preceding year,12.6 %
CIPLA,EPS preceding year,₹ 34.7
CIPLA,Sales Prev 12M,"₹ 25,350 Cr."
CIPLA,Profit Prev 12M,"₹ 3,743 Cr."
CIPLA,Med Sales Gwth 10Yrs,7.96 %
CIPLA,Med Sales Gwth 5Yrs,11.8 %
CIPLA,Sales growth 7Years,8.68 %
CIPLA,Sales Var 10Yrs,9.74 %
CIPLA,EBIDT growth 3Years,16.4 %
CIPLA,EBIDT growth 5Years,15.8 %
CIPLA,EBIDT growth 7Years,15.6 %
CIPLA,EBIDT Var 10Yrs,11.3 %
CIPLA,EPS growth 3Years,21.8 %
CIPLA,EPS growth 5Years,25.4 %
CIPLA,EPS growth 7Years,24.5 %
CIPLA,EPS growth 10Years,11.8 %
CIPLA,Profit Var 7Yrs,24.6 %
CIPLA,Profit Var 10Yrs,11.8 %
CIPLA,Chg in Prom Hold 3Yr,-5.81 %
CIPLA,Market Cap,"₹ 1,28,169 Cr."
CIPLA,Current Price,"₹ 1,587"
CIPLA,High / Low,"₹ 1,592 / 1,132"
CIPLA,Stock P/E,30.1
CIPLA,Book Value,₹ 331
CIPLA,Dividend Yield,0.86 %
CIPLA,ROCE,23.1 %
CIPLA,ROE,17.0 %
CIPLA,Face Value,₹ 2.00
CIPLA,OP Qtr,"₹ 1,316 Cr."
CIPLA,Other Inc Qtr,₹ 249 Cr.
CIPLA,EBIDT Qtr,"₹ 1,565 Cr."
CIPLA,Dep Qtr,₹ 288 Cr.
CIPLA,EBIT latest quarter,"₹ 1,277 Cr."
CIPLA,Interest Qtr,₹ 17.6 Cr.
CIPLA,PBT Qtr,"₹ 1,259 Cr."
CIPLA,Tax latest quarter,₹ 325 Cr.
CIPLA,Extra Ord Item Qtr,₹ 0.00 Cr.
CIPLA,NP Qtr,₹ 932 Cr.
CIPLA,GPM latest quarter,66.7 %
CIPLA,OPM latest quarter,21.4 %
CIPLA,NPM latest quarter,15.1 %
CIPLA,Eq Cap Qtr,₹ 161 Cr.
CIPLA,EPS latest quarter,₹ 11.6
CIPLA,OP 2Qtr Bk,"₹ 1,734 Cr."
CIPLA,OP 3Qtr Bk,"₹ 1,494 Cr."
CIPLA,Sales 2Qtr Bk,"₹ 6,678 Cr."
CIPLA,Sales 3Qtr Bk,"₹ 6,329 Cr."
CIPLA,NP 2Qtr Bk,"₹ 1,155 Cr."
CIPLA,NP 3Qtr Bk,₹ 998 Cr.
CIPLA,Opert Prft Gwth,25.2 %
CIPLA,Last result date,"2,02,403"
CIPLA,Exp Qtr Sales Var,13.4 %
CIPLA,Exp Qtr Sales,"₹ 7,177 Cr."
CIPLA,Exp Qtr OP,"₹ 1,730 Cr."
CIPLA,Exp Qtr NP,"₹ 1,409 Cr."
CIPLA,Exp Qtr EPS,₹ 17.4
CIPLA,Sales Prev Qtr,"₹ 6,604 Cr."
CIPLA,OP Prev Qtr,"₹ 1,748 Cr."
CIPLA,Other Inc Prev Qtr,₹ -10.2 Cr.
CIPLA,EBIDT Prev Qtr,"₹ 1,932 Cr."
CIPLA,Dep Prev Qtr,₹ 233 Cr.
CIPLA,EBIT Prev Qtr,"₹ 1,699 Cr."
CIPLA,Interest Prev Qtr,₹ 30.1 Cr.
CIPLA,PBT Prev Qtr,"₹ 1,474 Cr."
CIPLA,Tax Prev Qtr,₹ 405 Cr.
CIPLA,PAT Prev Qtr,"₹ 1,195 Cr."
CIPLA,Extra Ord Prev Qtr,₹ -195 Cr.
CIPLA,NP Prev Qtr,"₹ 1,068 Cr."
CIPLA,OPM Prev Qtr,26.5 %
CIPLA,NPM Prev Qtr,18.3 %
CIPLA,Eq Cap Prev Qtr,₹ 161 Cr.
CIPLA,EPS Prev Qtr,₹ 13.1
CIPLA,Sales PY Qtr,"₹ 5,739 Cr."
CIPLA,OP PY Qtr,"₹ 1,174 Cr."
CIPLA,Other Inc PY Qtr,₹ -47.8 Cr.
CIPLA,EBIDT PY Qtr,"₹ 1,308 Cr."
CIPLA,Dep PY Qtr,₹ 346 Cr.
CIPLA,EBIT PY Qtr,₹ 962 Cr.
CIPLA,Interest PY Qtr,₹ 34.4 Cr.
CIPLA,PBT PY Qtr,₹ 745 Cr.
CIPLA,Tax PY Qtr,₹ 222 Cr.
CIPLA,Market Cap,"₹ 1,28,169 Cr."
CIPLA,Current Price,"₹ 1,587"
CIPLA,High / Low,"₹ 1,592 / 1,132"
CIPLA,Stock P/E,30.1
CIPLA,Book Value,₹ 331
CIPLA,Dividend Yield,0.86 %
CIPLA,ROCE,23.1 %
CIPLA,ROE,17.0 %
CIPLA,Face Value,₹ 2.00
CIPLA,Equity capital,₹ 161 Cr.
CIPLA,Preference capital,₹ 0.00 Cr.
CIPLA,Reserves,"₹ 26,545 Cr."
CIPLA,Secured loan,₹ 429 Cr.
CIPLA,Unsecured loan,₹ 374 Cr.
CIPLA,Balance sheet total,"₹ 32,718 Cr."
CIPLA,Gross block,"₹ 17,122 Cr."
CIPLA,Revaluation reserve,₹ 0.00 Cr.
CIPLA,Accum Dep,"₹ 7,962 Cr."
CIPLA,Net block,"₹ 9,896 Cr."
CIPLA,CWIP,₹ 864 Cr.
CIPLA,Investments,"₹ 5,449 Cr."
CIPLA,Current assets,"₹ 19,392 Cr."
CIPLA,Current liabilities,"₹ 5,246 Cr."
CIPLA,BV Unq Invest,₹ 0.00 Cr.
CIPLA,MV Quoted Inv,"₹ 3,090 Cr."
CIPLA,Cont Liab,₹ 567 Cr.
CIPLA,Total Assets,"₹ 32,718 Cr."
CIPLA,Working capital,"₹ 14,481 Cr."
CIPLA,Lease liabilities,₹ 312 Cr.
CIPLA,Inventory,"₹ 5,238 Cr."
CIPLA,Trade receivables,"₹ 4,771 Cr."
CIPLA,Face value,₹ 2.00
CIPLA,Cash Equivalents,₹ 875 Cr.
CIPLA,Adv Cust,₹ 62.6 Cr.
CIPLA,Trade Payables,"₹ 2,474 Cr."
CIPLA,No. Eq. Shares PY,80.7
CIPLA,Debt preceding year,₹ 803 Cr.
CIPLA,Work Cap PY,"₹ 9,200 Cr."
CIPLA,Net Block PY,"₹ 9,160 Cr."
CIPLA,Gross Block PY,"₹ 17,122 Cr."
CIPLA,CWIP PY,"₹ 1,093 Cr."
CIPLA,Work Cap 3Yr,"₹ 6,946 Cr."
CIPLA,Work Cap 5Yr,"₹ 7,015 Cr."
CIPLA,Work Cap 7Yr,"₹ 4,992 Cr."
CIPLA,Work Cap 10Yr,"₹ 3,687 Cr."
CIPLA,Debt 3Years back,"₹ 2,014 Cr."
CIPLA,Debt 5Years back,"₹ 4,316 Cr."
CIPLA,Debt 7Years back,"₹ 4,113 Cr."
CIPLA,Debt 10Years back,"₹ 1,248 Cr."
CIPLA,Net Block 3Yrs Back,"₹ 9,516 Cr."
CIPLA,Net Block 5Yrs Back,"₹ 9,608 Cr."
CIPLA,Net Block 7Yrs Back,"₹ 9,492 Cr."
CIPLA,Market Cap,"₹ 1,28,169 Cr."
CIPLA,Current Price,"₹ 1,587"
CIPLA,High / Low,"₹ 1,592 / 1,132"
CIPLA,Stock P/E,30.1
CIPLA,Book Value,₹ 331
CIPLA,Dividend Yield,0.86 %
CIPLA,ROCE,23.1 %
CIPLA,ROE,17.0 %
CIPLA,Face Value,₹ 2.00
CIPLA,CF Operations,"₹ 4,134 Cr."
CIPLA,Free Cash Flow,"₹ 2,819 Cr."
CIPLA,CF Investing,"₹ -2,988 Cr."
CIPLA,CF Financing,"₹ -1,200 Cr."
CIPLA,Net CF,₹ -54.6 Cr.
CIPLA,Cash Beginning,₹ 561 Cr.
CIPLA,Cash End,₹ 875 Cr.
CIPLA,FCF Prev Ann,"₹ 2,102 Cr."
CIPLA,CF Operations PY,"₹ 3,238 Cr."
CIPLA,CF Investing PY,"₹ -2,376 Cr."
CIPLA,CF Financing PY,₹ -958 Cr.
CIPLA,Net CF PY,₹ -96.8 Cr.
CIPLA,Cash Beginning PY,₹ 658 Cr.
CIPLA,Cash End PY,"₹ 1,565 Cr."
CIPLA,Free Cash Flow 3Yrs,"₹ 7,566 Cr."
CIPLA,Free Cash Flow 5Yrs,"₹ 12,612 Cr."
CIPLA,Free Cash Flow 7Yrs,"₹ 14,523 Cr."
CIPLA,Free Cash Flow 10Yrs,"₹ 17,043 Cr."
CIPLA,CF Opr 3Yrs,"₹ 10,697 Cr."
CIPLA,CF Opr 5Yrs,"₹ 17,521 Cr."
CIPLA,CF Opr 7Yrs,"₹ 20,675 Cr."
CIPLA,CF Opr 10Yrs,"₹ 25,971 Cr."
CIPLA,CF Inv 10Yrs,"₹ -18,790 Cr."
CIPLA,CF Inv 7Yrs,"₹ -12,004 Cr."
CIPLA,CF Inv 5Yrs,"₹ -9,483 Cr."
CIPLA,CF Inv 3Yrs,"₹ -7,223 Cr."
CIPLA,Cash 3Years back,"₹ 1,401 Cr."
CIPLA,Cash 5Years back,₹ 619 Cr.
CIPLA,Cash 7Years back,₹ 624 Cr.
CIPLA,Market Cap,"₹ 1,28,169 Cr."
CIPLA,Current Price,"₹ 1,587"
CIPLA,High / Low,"₹ 1,592 / 1,132"
CIPLA,Stock P/E,30.1
CIPLA,Book Value,₹ 331
CIPLA,Dividend Yield,0.86 %
CIPLA,ROCE,23.1 %
CIPLA,ROE,17.0 %
CIPLA,Face Value,₹ 2.00
CIPLA,No. Eq. Shares,80.8
CIPLA,Book value,₹ 331
CIPLA,Inven TO,1.70
CIPLA,Quick ratio,2.70
CIPLA,Exports percentage,0.00 %
CIPLA,Piotroski score,7.00
CIPLA,G Factor,4.00
CIPLA,Asset Turnover,0.83
CIPLA,Financial leverage,1.16
CIPLA,No. of Share Holders,"4,63,569"
CIPLA,Unpledged Prom Hold,30.9 %
CIPLA,ROIC,17.9 %
CIPLA,Debtor days,67.6
CIPLA,Industry PBV,3.93
CIPLA,Credit rating,
CIPLA,WC Days,193
CIPLA,Earning Power,18.3 %
CIPLA,Graham Number,₹ 616
CIPLA,Cash Cycle,182
CIPLA,Days Payable,102
CIPLA,Days Receivable,67.6
CIPLA,Inventory Days,217
CIPLA,Public holding,16.4 %
CIPLA,FII holding,27.8 %
CIPLA,Chg in FII Hold,2.00 %
CIPLA,DII holding,24.7 %
CIPLA,Chg in DII Hold,0.51 %
CIPLA,B.V. Prev Ann,₹ 290
CIPLA,ROCE Prev Yr,18.0 %
CIPLA,ROA Prev Yr,10.2 %
CIPLA,ROE Prev Ann,12.8 %
CIPLA,No. of Share Holders Prev Qtr,"4,36,154"
CIPLA,No. Eq. Shares 10 Yrs,80.3
CIPLA,BV 3yrs back,₹ 227
CIPLA,BV 5yrs back,₹ 196
CIPLA,BV 10yrs back,₹ 135
CIPLA,Inven TO 3Yr,1.69
CIPLA,Inven TO 5Yr,1.51
CIPLA,Inven TO 7Yr,1.52
CIPLA,Inven TO 10Yr,1.32
CIPLA,Export 3Yr,0.00 %
CIPLA,Export 5Yr,58.1 %
CIPLA,Div 5Yrs,₹ 573 Cr.
CIPLA,ROCE 3Yr,19.5 %
CIPLA,ROCE 5Yr,17.4 %
CIPLA,ROCE 7Yr,15.4 %
CIPLA,ROCE 10Yr,14.2 %
CIPLA,ROE 10Yr,12.2 %
CIPLA,ROE 7Yr,12.7 %
CIPLA,ROE 5Yr Var,12.6 %
CIPLA,OPM 5Year,21.9 %
CIPLA,OPM 10Year,20.5 %
CIPLA,No. of Share Holders 1Yr,"4,66,515"
CIPLA,Avg Div Payout 3Yrs,22.0 %
CIPLA,Debtor days 3yrs,63.4
CIPLA,Debtor days 3yrs back,65.6
CIPLA,Debtor days 5yrs back,92.6
CIPLA,ROA 5Yr,9.98 %
CIPLA,ROA 3Yr,11.4 %
CIPLA,Market Cap,"₹ 1,28,169 Cr."
CIPLA,Current Price,"₹ 1,587"
CIPLA,High / Low,"₹ 1,592 / 1,132"
CIPLA,Stock P/E,30.1
CIPLA,Book Value,₹ 331
CIPLA,Dividend Yield,0.86 %
CIPLA,ROCE,23.1 %
CIPLA,ROE,17.0 %
CIPLA,Face Value,₹ 2.00
CIPLA,Avg Vol 1Mth,"16,09,139"
CIPLA,Avg Vol 1Wk,"18,09,926"
CIPLA,Volume,"22,77,436"
CIPLA,High price,"₹ 1,592"
CIPLA,Low price,"₹ 1,132"
CIPLA,High price all time,"₹ 1,592"
CIPLA,Low price all time,₹ 84.7
CIPLA,Return over 1day,5.81 %
CIPLA,Return over 1week,0.98 %
CIPLA,Return over 1month,1.42 %
CIPLA,DMA 50,"₹ 1,487"
CIPLA,DMA 200,"₹ 1,378"
CIPLA,DMA 50 previous day,"₹ 1,487"
CIPLA,200 DMA prev.,"₹ 1,377"
CIPLA,RSI,50.4
CIPLA,MACD,1.55
CIPLA,MACD Previous Day,1.75
CIPLA,MACD Signal,3.16
CIPLA,MACD Signal Prev,3.56
CIPLA,Avg Vol 1Yr,"18,61,459"
CIPLA,Return over 7years,14.9 %
CIPLA,Return over 10years,13.0 %
CIPLA,Market Cap,"₹ 1,28,169 Cr."
CIPLA,Current Price,"₹ 1,587"
CIPLA,High / Low,"₹ 1,592 / 1,132"
CIPLA,Stock P/E,30.1
CIPLA,Book Value,₹ 331
CIPLA,Dividend Yield,0.86 %
CIPLA,ROCE,23.1 %
CIPLA,ROE,17.0 %
CIPLA,Face Value,₹ 2.00
CIPLA,WC to Sales,56.2 %
CIPLA,QoQ Profits,-12.8 %
CIPLA,QoQ Sales,-6.67 %
CIPLA,Net worth,"₹ 26,706 Cr."
CIPLA,Market Cap to Sales,4.97
CIPLA,Interest Coverage,66.6
CIPLA,EV / EBIT,21.4
CIPLA,Debt Capacity,0.13
CIPLA,Debt To Profit,0.13
CIPLA,Capital Employed,"₹ 25,241 Cr."
CIPLA,CROIC,9.72 %
CIPLA,debtplus,0.04
CIPLA,Leverage,₹ 1.16
CIPLA,Dividend Payout,25.5 %
CIPLA,Intrinsic Value,₹ 809
CIPLA,CDL,-0.20 %
CIPLA,Cash by market cap,0.01
CIPLA,52w Index,99.0 %
CIPLA,Down from 52w high,0.28 %
CIPLA,Up from 52w low,40.2 %
CIPLA,From 52w high,1.00
CIPLA,Mkt Cap To Debt Cap,2.93
CIPLA,Dividend Payout,25.5 %
CIPLA,Graham,₹ 616
CIPLA,Price to Cash Flow,31.0
CIPLA,ROCE3yr avg,19.5 %
CIPLA,PB X PE,145
CIPLA,NCAVPS,₹ 179
CIPLA,Mar Cap to CF,31.0
CIPLA,Altman Z Score,9.33
CIPLA,M.Cap / Qtr Profit,138
