Ticker,Label,Value
ITC,Market Cap,"₹ 6,32,041 Cr."
ITC,Current Price,₹ 506
ITC,High / Low,₹ 511 / 399
ITC,Stock P/E,31.0
ITC,Book Value,₹ 59.7
ITC,Dividend Yield,2.73 %
ITC,ROCE,37.5 %
ITC,ROE,28.4 %
ITC,Face Value,₹ 1.00
ITC,Sales,"₹ 70,866 Cr."
ITC,OPM,37.0 %
ITC,Profit after tax,"₹ 20,422 Cr."
ITC,Mar Cap,"₹ 6,32,041 Cr."
ITC,Sales Qtr,"₹ 17,923 Cr."
ITC,PAT Qtr,"₹ 5,122 Cr."
ITC,Qtr Sales Var,1.63 %
ITC,Qtr Profit Var,0.02 %
ITC,Price to Earning,31.0
ITC,Dividend yield,2.73 %
ITC,Price to book value,8.49
ITC,ROCE,37.5 %
ITC,Return on assets,23.3 %
ITC,Debt to equity,0.00
ITC,Return on equity,28.4 %
ITC,EPS,₹ 16.4
ITC,Debt,₹ 303 Cr.
ITC,Promoter holding,0.00 %
ITC,Change in Prom Hold,0.00 %
ITC,Earnings yield,4.49 %
ITC,Pledged percentage,0.00 %
ITC,Industry PE,24.6
ITC,Sales growth,-0.07 %
ITC,Profit growth,6.69 %
ITC,Current Price,₹ 506
ITC,Price to Sales,8.92
ITC,CMP / FCF,43.4
ITC,EVEBITDA,21.6
ITC,Enterprise Value,"₹ 6,25,127 Cr."
ITC,Current ratio,2.05
ITC,Int Coverage,339
ITC,PEG Ratio,3.08
ITC,Return over 3months,11.4 %
ITC,Return over 6months,7.53 %
ITC,No. Eq. Shares,"1,250"
ITC,Sales growth 3Years,12.9 %
ITC,Sales growth 5Years,7.95 %
ITC,Profit Var 3Yrs,15.6 %
ITC,Profit Var 5Yrs,10.0 %
ITC,ROE 5Yr,25.7 %
ITC,ROE 3Yr,27.5 %
ITC,Return over 1year,5.35 %
ITC,Return over 3years,32.9 %
ITC,Return over 5years,12.6 %
ITC,Market Cap,"₹ 6,32,041 Cr."
ITC,Current Price,₹ 506
ITC,High / Low,₹ 511 / 399
ITC,Stock P/E,31.0
ITC,Book Value,₹ 59.7
ITC,Dividend Yield,2.73 %
ITC,ROCE,37.5 %
ITC,ROE,28.4 %
ITC,Face Value,₹ 1.00
ITC,Sales last year,"₹ 70,866 Cr."
ITC,OP Ann,"₹ 26,233 Cr."
ITC,Other Inc Ann,"₹ 2,804 Cr."
ITC,EBIDT last year,"₹ 28,988 Cr."
ITC,Dep Ann,"₹ 1,816 Cr."
ITC,EBIT last year,"₹ 27,172 Cr."
ITC,Interest last year,₹ 80.1 Cr.
ITC,PBT Ann,"₹ 27,140 Cr."
ITC,Tax last year,"₹ 6,389 Cr."
ITC,PAT Ann,"₹ 20,422 Cr."
ITC,Extra Ord Item Ann,₹ 48.3 Cr.
ITC,NP Ann,"₹ 20,751 Cr."
ITC,Dividend last year,"₹ 17,166 Cr."
ITC,Raw Material,38.4 %
ITC,Employee cost,"₹ 6,134 Cr."
ITC,OPM last year,37.0 %
ITC,NPM last year,29.2 %
ITC,Operating profit,"₹ 26,233 Cr."
ITC,Interest,₹ 80.1 Cr.
ITC,Depreciation,"₹ 1,816 Cr."
ITC,EPS last year,₹ 16.4
ITC,EBIT,"₹ 27,172 Cr."
ITC,Net profit,"₹ 20,751 Cr."
ITC,Current Tax,"₹ 6,165 Cr."
ITC,Tax,"₹ 6,389 Cr."
ITC,Other income,"₹ 2,804 Cr."
ITC,Ann Date,"2,02,403"
ITC,Sales Prev Ann,"₹ 70,919 Cr."
ITC,OP Prev Ann,"₹ 25,704 Cr."
ITC,Other Inc Prev Ann,"₹ 2,098 Cr."
ITC,EBIDT Prev Ann,"₹ 27,734 Cr."
ITC,Dep Prev Ann,"₹ 1,809 Cr."
ITC,EBIT preceding year,"₹ 25,925 Cr."
ITC,Interest Prev Ann,₹ 77.8 Cr.
ITC,PBT Prev Ann,"₹ 25,915 Cr."
ITC,Tax preceding year,"₹ 6,438 Cr."
ITC,PAT Prev Ann,"₹ 19,141 Cr."
ITC,Extra Ord Prev Ann,₹ 68.1 Cr.
ITC,NP Prev Ann,"₹ 19,477 Cr."
ITC,Dividend Prev Ann,"₹ 19,263 Cr."
ITC,OPM preceding year,36.2 %
ITC,NPM preceding year,27.4 %
ITC,EPS preceding year,₹ 15.4
ITC,Sales Prev 12M,"₹ 70,593 Cr."
ITC,Profit Prev 12M,"₹ 20,803 Cr."
ITC,Med Sales Gwth 10Yrs,2.17 %
ITC,Med Sales Gwth 5Yrs,2.17 %
ITC,Sales growth 7Years,7.48 %
ITC,Sales Var 10Yrs,7.22 %
ITC,EBIDT growth 3Years,13.8 %
ITC,EBIDT growth 5Years,6.95 %
ITC,EBIDT growth 7Years,7.84 %
ITC,EBIDT Var 10Yrs,7.77 %
ITC,EPS growth 3Years,15.1 %
ITC,EPS growth 5Years,9.64 %
ITC,EPS growth 7Years,9.99 %
ITC,EPS growth 10Years,8.45 %
ITC,Profit Var 7Yrs,10.4 %
ITC,Profit Var 10Yrs,8.94 %
ITC,Chg in Prom Hold 3Yr,0.00 %
ITC,Market Cap,"₹ 6,32,041 Cr."
ITC,Current Price,₹ 506
ITC,High / Low,₹ 511 / 399
ITC,Stock P/E,31.0
ITC,Book Value,₹ 59.7
ITC,Dividend Yield,2.73 %
ITC,ROCE,37.5 %
ITC,ROE,28.4 %
ITC,Face Value,₹ 1.00
ITC,OP Qtr,"₹ 6,626 Cr."
ITC,Other Inc Qtr,₹ 682 Cr.
ITC,EBIDT Qtr,"₹ 7,310 Cr."
ITC,Dep Qtr,₹ 461 Cr.
ITC,EBIT latest quarter,"₹ 6,849 Cr."
ITC,Interest Qtr,₹ 12.6 Cr.
ITC,PBT Qtr,"₹ 6,834 Cr."
ITC,Tax latest quarter,"₹ 1,647 Cr."
ITC,Extra Ord Item Qtr,₹ -2.05 Cr.
ITC,NP Qtr,"₹ 5,191 Cr."
ITC,GPM latest quarter,63.2 %
ITC,OPM latest quarter,37.0 %
ITC,NPM latest quarter,29.0 %
ITC,Eq Cap Qtr,"₹ 1,248 Cr."
ITC,EPS latest quarter,₹ 4.10
ITC,OP 2Qtr Bk,"₹ 6,454 Cr."
ITC,OP 3Qtr Bk,"₹ 6,670 Cr."
ITC,Sales 2Qtr Bk,"₹ 17,774 Cr."
ITC,Sales 3Qtr Bk,"₹ 17,164 Cr."
ITC,NP 2Qtr Bk,"₹ 4,965 Cr."
ITC,NP 3Qtr Bk,"₹ 5,190 Cr."
ITC,Opert Prft Gwth,2.06 %
ITC,Last result date,"2,02,403"
ITC,Exp Qtr Sales Var,0.11 %
ITC,Exp Qtr Sales,"₹ 17,183 Cr."
ITC,Exp Qtr OP,"₹ 6,471 Cr."
ITC,Exp Qtr NP,"₹ 6,004 Cr."
ITC,Exp Qtr EPS,₹ 4.74
ITC,Sales Prev Qtr,"₹ 18,019 Cr."
ITC,OP Prev Qtr,"₹ 6,504 Cr."
ITC,Other Inc Prev Qtr,₹ 651 Cr.
ITC,EBIDT Prev Qtr,"₹ 7,161 Cr."
ITC,Dep Prev Qtr,₹ 459 Cr.
ITC,EBIT Prev Qtr,"₹ 6,701 Cr."
ITC,Interest Prev Qtr,₹ 13.6 Cr.
ITC,PBT Prev Qtr,"₹ 6,682 Cr."
ITC,Tax Prev Qtr,"₹ 1,282 Cr."
ITC,PAT Prev Qtr,"₹ 5,340 Cr."
ITC,Extra Ord Prev Qtr,₹ -5.52 Cr.
ITC,NP Prev Qtr,"₹ 5,407 Cr."
ITC,OPM Prev Qtr,36.1 %
ITC,NPM Prev Qtr,30.0 %
ITC,Eq Cap Prev Qtr,"₹ 1,247 Cr."
ITC,EPS Prev Qtr,₹ 4.28
ITC,Sales PY Qtr,"₹ 17,635 Cr."
ITC,OP PY Qtr,"₹ 6,624 Cr."
ITC,Other Inc PY Qtr,₹ 683 Cr.
ITC,EBIDT PY Qtr,"₹ 7,234 Cr."
ITC,Dep PY Qtr,₹ 461 Cr.
ITC,EBIT PY Qtr,"₹ 6,772 Cr."
ITC,Interest PY Qtr,₹ 12.2 Cr.
ITC,PBT PY Qtr,"₹ 6,833 Cr."
ITC,Tax PY Qtr,"₹ 1,608 Cr."
ITC,Market Cap,"₹ 6,31,292 Cr."
ITC,Current Price,₹ 505
ITC,High / Low,₹ 511 / 399
ITC,Stock P/E,30.9
ITC,Book Value,₹ 59.7
ITC,Dividend Yield,2.73 %
ITC,ROCE,37.5 %
ITC,ROE,28.4 %
ITC,Face Value,₹ 1.00
ITC,Equity capital,"₹ 1,248 Cr."
ITC,Preference capital,₹ 0.00 Cr.
ITC,Reserves,"₹ 73,259 Cr."
ITC,Secured loan,₹ 0.00 Cr.
ITC,Unsecured loan,₹ 303 Cr.
ITC,Balance sheet total,"₹ 91,754 Cr."
ITC,Gross block,"₹ 40,189 Cr."
ITC,Revaluation reserve,₹ 0.00 Cr.
ITC,Accum Dep,"₹ 12,368 Cr."
ITC,Net block,"₹ 27,820 Cr."
ITC,CWIP,"₹ 2,861 Cr."
ITC,Investments,"₹ 31,114 Cr."
ITC,Current assets,"₹ 28,121 Cr."
ITC,Current liabilities,"₹ 13,690 Cr."
ITC,BV Unq Invest,"₹ 2,596 Cr."
ITC,MV Quoted Inv,₹ 0.00 Cr.
ITC,Cont Liab,"₹ 1,145 Cr."
ITC,Total Assets,"₹ 91,754 Cr."
ITC,Working capital,"₹ 14,502 Cr."
ITC,Lease liabilities,₹ 292 Cr.
ITC,Inventory,"₹ 14,153 Cr."
ITC,Trade receivables,"₹ 4,026 Cr."
ITC,Face value,₹ 1.00
ITC,Cash Equivalents,"₹ 7,218 Cr."
ITC,Adv Cust,₹ 886 Cr.
ITC,Trade Payables,"₹ 4,798 Cr."
ITC,No. Eq. Shares PY,"1,243"
ITC,Debt preceding year,₹ 306 Cr.
ITC,Work Cap PY,"₹ 8,788 Cr."
ITC,Net Block PY,"₹ 25,851 Cr."
ITC,Gross Block PY,"₹ 36,608 Cr."
ITC,CWIP PY,"₹ 3,003 Cr."
ITC,Work Cap 3Yr,"₹ 9,514 Cr."
ITC,Work Cap 5Yr,"₹ 8,390 Cr."
ITC,Work Cap 7Yr,"₹ 8,280 Cr."
ITC,Work Cap 10Yr,"₹ 4,360 Cr."
ITC,Debt 3Years back,₹ 271 Cr.
ITC,Debt 5Years back,₹ 13.4 Cr.
ITC,Debt 7Years back,₹ 45.7 Cr.
ITC,Debt 10Years back,₹ 242 Cr.
ITC,Net Block 3Yrs Back,"₹ 23,298 Cr."
ITC,Net Block 5Yrs Back,"₹ 19,374 Cr."
ITC,Net Block 7Yrs Back,"₹ 15,893 Cr."
ITC,Market Cap,"₹ 6,31,292 Cr."
ITC,Current Price,₹ 505
ITC,High / Low,₹ 511 / 399
ITC,Stock P/E,30.9
ITC,Book Value,₹ 59.7
ITC,Dividend Yield,2.73 %
ITC,ROCE,37.5 %
ITC,ROE,28.4 %
ITC,Face Value,₹ 1.00
ITC,CF Operations,"₹ 17,179 Cr."
ITC,Free Cash Flow,"₹ 13,724 Cr."
ITC,CF Investing,"₹ 1,563 Cr."
ITC,CF Financing,"₹ -18,551 Cr."
ITC,Net CF,₹ 191 Cr.
ITC,Cash Beginning,₹ 406 Cr.
ITC,Cash End,"₹ 7,218 Cr."
ITC,FCF Prev Ann,"₹ 16,184 Cr."
ITC,CF Operations PY,"₹ 18,878 Cr."
ITC,CF Investing PY,"₹ -5,732 Cr."
ITC,CF Financing PY,"₹ -13,006 Cr."
ITC,Net CF PY,₹ 139 Cr.
ITC,Cash Beginning PY,₹ 267 Cr.
ITC,Cash End PY,"₹ 4,880 Cr."
ITC,Free Cash Flow 3Yrs,"₹ 43,675 Cr."
ITC,Free Cash Flow 5Yrs,"₹ 66,643 Cr."
ITC,Free Cash Flow 7Yrs,"₹ 86,456 Cr."
ITC,Free Cash Flow 10Yrs,"₹ 1,08,022 Cr."
ITC,CF Opr 3Yrs,"₹ 51,832 Cr."
ITC,CF Opr 5Yrs,"₹ 79,049 Cr."
ITC,CF Opr 7Yrs,"₹ 1,04,801 Cr."
ITC,CF Opr 10Yrs,"₹ 1,35,071 Cr."
ITC,CF Inv 10Yrs,"₹ -31,949 Cr."
ITC,CF Inv 7Yrs,"₹ -19,502 Cr."
ITC,CF Inv 5Yrs,"₹ -6,842 Cr."
ITC,CF Inv 3Yrs,"₹ -6,408 Cr."
ITC,Cash 3Years back,"₹ 4,659 Cr."
ITC,Cash 5Years back,"₹ 4,152 Cr."
ITC,Cash 7Years back,"₹ 2,967 Cr."
ITC,Market Cap,"₹ 6,31,292 Cr."
ITC,Current Price,₹ 505
ITC,High / Low,₹ 511 / 399
ITC,Stock P/E,30.9
ITC,Book Value,₹ 59.7
ITC,Dividend Yield,2.73 %
ITC,ROCE,37.5 %
ITC,ROE,28.4 %
ITC,Face Value,₹ 1.00
ITC,No. Eq. Shares,"1,250"
ITC,Book value,₹ 59.7
ITC,Inven TO,2.19
ITC,Quick ratio,1.02
ITC,Exports percentage,0.00 %
ITC,Piotroski score,5.00
ITC,G Factor,5.00
ITC,Asset Turnover,0.80
ITC,Financial leverage,1.19
ITC,No. of Share Holders,"37,56,541"
ITC,Unpledged Prom Hold,0.00 %
ITC,ROIC,49.1 %
ITC,Debtor days,20.7
ITC,Industry PBV,5.10
ITC,Credit rating,
ITC,WC Days,37.5
ITC,Earning Power,29.6 %
ITC,Graham Number,₹ 148
ITC,Cash Cycle,146
ITC,Days Payable,64.3
ITC,Days Receivable,20.7
ITC,Inventory Days,190
ITC,Public holding,15.5 %
ITC,FII holding,40.5 %
ITC,Chg in FII Hold,-0.48 %
ITC,DII holding,44.0 %
ITC,Chg in DII Hold,0.26 %
ITC,B.V. Prev Ann,₹ 55.6
ITC,ROCE Prev Yr,39.0 %
ITC,ROA Prev Yr,23.8 %
ITC,ROE Prev Ann,29.1 %
ITC,No. of Share Holders Prev Qtr,"36,48,537"
ITC,No. Eq. Shares 10 Yrs,"1,202"
ITC,BV 3yrs back,₹ 49.0
ITC,BV 5yrs back,₹ 53.1
ITC,BV 10yrs back,₹ 26.4
ITC,Inven TO 3Yr,2.16
ITC,Inven TO 5Yr,2.17
ITC,Inven TO 7Yr,2.12
ITC,Inven TO 10Yr,1.83
ITC,Export 3Yr,0.00 %
ITC,Export 5Yr,0.00 %
ITC,Div 5Yrs,"₹ 15,262 Cr."
ITC,ROCE 3Yr,36.6 %
ITC,ROCE 5Yr,34.2 %
ITC,ROCE 7Yr,34.2 %
ITC,ROCE 10Yr,36.2 %
ITC,ROE 10Yr,25.2 %
ITC,ROE 7Yr,24.9 %
ITC,ROE 5Yr Var,4.63 %
ITC,OPM 5Year,36.2 %
ITC,OPM 10Year,36.7 %
ITC,No. of Share Holders 1Yr,"30,13,793"
ITC,Avg Div Payout 3Yrs,92.4 %
ITC,Debtor days 3yrs,16.9
ITC,Debtor days 3yrs back,18.5
ITC,Debtor days 5yrs back,30.5
ITC,ROA 5Yr,21.3 %
ITC,ROA 3Yr,22.6 %
ITC,Market Cap,"₹ 6,31,292 Cr."
ITC,Current Price,₹ 505
ITC,High / Low,₹ 511 / 399
ITC,Stock P/E,30.9
ITC,Book Value,₹ 59.7
ITC,Dividend Yield,2.73 %
ITC,ROCE,37.5 %
ITC,ROE,28.4 %
ITC,Face Value,₹ 1.00
ITC,Avg Vol 1Mth,"2,15,03,941"
ITC,Avg Vol 1Wk,"3,42,75,141"
ITC,Volume,"1,90,30,901"
ITC,High price,₹ 511
ITC,Low price,₹ 399
ITC,High price all time,₹ 511
ITC,Low price all time,₹ 29.4
ITC,Return over 1day,3.11 %
ITC,Return over 1week,3.25 %
ITC,Return over 1month,15.6 %
ITC,DMA 50,₹ 446
ITC,DMA 200,₹ 434
ITC,DMA 50 previous day,₹ 444
ITC,200 DMA prev.,₹ 434
ITC,RSI,75.3
ITC,MACD,15.0
ITC,MACD Previous Day,14.3
ITC,MACD Signal,10.7
ITC,MACD Signal Prev,9.66
ITC,Avg Vol 1Yr,"1,66,57,269"
ITC,Return over 7years,7.70 %
ITC,Return over 10years,7.48 %
ITC,Market Cap,"₹ 6,31,292 Cr."
ITC,Current Price,₹ 505
ITC,High / Low,₹ 511 / 399
ITC,Stock P/E,30.9
ITC,Book Value,₹ 59.7
ITC,Dividend Yield,2.73 %
ITC,ROCE,37.5 %
ITC,ROE,28.4 %
ITC,Face Value,₹ 1.00
ITC,WC to Sales,20.5 %
ITC,QoQ Profits,-3.99 %
ITC,QoQ Sales,-0.54 %
ITC,Net worth,"₹ 74,507 Cr."
ITC,Market Cap to Sales,8.91
ITC,Interest Coverage,339
ITC,EV / EBIT,23.0
ITC,Debt Capacity,0.14
ITC,Debt To Profit,0.01
ITC,Capital Employed,"₹ 45,183 Cr."
ITC,CROIC,20.1 %
ITC,debtplus,0.02
ITC,Leverage,₹ 1.19
ITC,Dividend Payout,83.9 %
ITC,Intrinsic Value,₹ 183
ITC,CDL,0.91 %
ITC,Cash by market cap,0.01
ITC,52w Index,95.1 %
ITC,Down from 52w high,1.07 %
ITC,Up from 52w low,26.5 %
ITC,From 52w high,0.99
ITC,Mkt Cap To Debt Cap,3.19
ITC,Dividend Payout,83.9 %
ITC,Graham,₹ 148
ITC,Price to Cash Flow,36.8
ITC,ROCE3yr avg,36.6 %
ITC,PB X PE,262
ITC,NCAVPS,₹ 11.6
ITC,Mar Cap to CF,36.8
ITC,Altman Z Score,14.1
ITC,M.Cap / Qtr Profit,123
