Ticker,Label,Value
RELIANCE,Market Cap,"₹ 20,36,510 Cr."
RELIANCE,Current Price,"₹ 3,010"
RELIANCE,High / Low,"₹ 3,218 / 2,220"
RELIANCE,Stock P/E,29.6
RELIANCE,Book Value,"₹ 1,173"
RELIANCE,Dividend Yield,0.30 %
RELIANCE,ROCE,9.99 %
RELIANCE,ROE,9.23 %
RELIANCE,Face Value,₹ 10.0
RELIANCE,Sales,"₹ 9,25,289 Cr."
RELIANCE,OPM,17.6 %
RELIANCE,Profit after tax,"₹ 68,748 Cr."
RELIANCE,Mar Cap,"₹ 20,36,510 Cr."
RELIANCE,Sales Qtr,"₹ 2,31,784 Cr."
RELIANCE,PAT Qtr,"₹ 15,138 Cr."
RELIANCE,Qtr Sales Var,11.7 %
RELIANCE,Qtr Profit Var,-5.45 %
RELIANCE,Price to Earning,29.6
RELIANCE,Dividend yield,0.30 %
RELIANCE,Price to book value,2.56
RELIANCE,ROCE,9.99 %
RELIANCE,Return on assets,4.70 %
RELIANCE,Debt to equity,0.44
RELIANCE,Return on equity,9.23 %
RELIANCE,EPS,₹ 102
RELIANCE,Debt,"₹ 3,46,142 Cr."
RELIANCE,Promoter holding,50.3 %
RELIANCE,Change in Prom Hold,0.02 %
RELIANCE,Earnings yield,5.59 %
RELIANCE,Pledged percentage,0.00 %
RELIANCE,Industry PE,10.8
RELIANCE,Sales growth,6.78 %
RELIANCE,Profit growth,6.72 %
RELIANCE,Current Price,"₹ 3,010"
RELIANCE,Price to Sales,2.20
RELIANCE,CMP / FCF,338
RELIANCE,EVEBITDA,12.7
RELIANCE,Enterprise Value,"₹ 22,85,427 Cr."
RELIANCE,Current ratio,1.18
RELIANCE,Int Coverage,5.46
RELIANCE,PEG Ratio,2.48
RELIANCE,Return over 3months,2.74 %
RELIANCE,Return over 6months,10.3 %
RELIANCE,No. Eq. Shares,677
RELIANCE,Sales growth 3Years,24.6 %
RELIANCE,Sales growth 5Years,9.66 %
RELIANCE,Profit Var 3Yrs,16.3 %
RELIANCE,Profit Var 5Yrs,11.9 %
RELIANCE,ROE 5Yr,8.72 %
RELIANCE,ROE 3Yr,8.70 %
RELIANCE,Return over 1year,19.3 %
RELIANCE,Return over 3years,16.6 %
RELIANCE,Return over 5years,22.0 %
RELIANCE,Market Cap,"₹ 20,36,510 Cr."
RELIANCE,Current Price,"₹ 3,010"
RELIANCE,High / Low,"₹ 3,218 / 2,220"
RELIANCE,Stock P/E,29.6
RELIANCE,Book Value,"₹ 1,173"
RELIANCE,Dividend Yield,0.30 %
RELIANCE,ROCE,9.99 %
RELIANCE,ROE,9.23 %
RELIANCE,Face Value,₹ 10.0
RELIANCE,Sales last year,"₹ 9,01,064 Cr."
RELIANCE,OP Ann,"₹ 1,62,233 Cr."
RELIANCE,Other Inc Ann,"₹ 16,057 Cr."
RELIANCE,EBIDT last year,"₹ 1,78,290 Cr."
RELIANCE,Dep Ann,"₹ 50,832 Cr."
RELIANCE,EBIT last year,"₹ 1,27,458 Cr."
RELIANCE,Interest last year,"₹ 23,118 Cr."
RELIANCE,PBT Ann,"₹ 1,04,340 Cr."
RELIANCE,Tax last year,"₹ 25,707 Cr."
RELIANCE,PAT Ann,"₹ 69,621 Cr."
RELIANCE,Extra Ord Item Ann,₹ 0.00 Cr.
RELIANCE,NP Ann,"₹ 79,020 Cr."
RELIANCE,Dividend last year,"₹ 6,766 Cr."
RELIANCE,Raw Material,65.0 %
RELIANCE,Employee cost,"₹ 25,679 Cr."
RELIANCE,OPM last year,18.0 %
RELIANCE,NPM last year,8.77 %
RELIANCE,Operating profit,"₹ 1,62,905 Cr."
RELIANCE,Interest,"₹ 23,199 Cr."
RELIANCE,Depreciation,"₹ 52,653 Cr."
RELIANCE,EPS last year,₹ 103
RELIANCE,EBIT,"₹ 1,26,690 Cr."
RELIANCE,Net profit,"₹ 78,207 Cr."
RELIANCE,Current Tax,"₹ 13,268 Cr."
RELIANCE,Tax,"₹ 25,381 Cr."
RELIANCE,Other income,"₹ 16,438 Cr."
RELIANCE,Ann Date,"2,02,403"
RELIANCE,Sales Prev Ann,"₹ 8,76,396 Cr."
RELIANCE,OP Prev Ann,"₹ 1,42,318 Cr."
RELIANCE,Other Inc Prev Ann,"₹ 12,020 Cr."
RELIANCE,EBIDT Prev Ann,"₹ 1,54,076 Cr."
RELIANCE,Dep Prev Ann,"₹ 40,303 Cr."
RELIANCE,EBIT preceding year,"₹ 1,13,773 Cr."
RELIANCE,Interest Prev Ann,"₹ 19,571 Cr."
RELIANCE,PBT Prev Ann,"₹ 94,464 Cr."
RELIANCE,Tax preceding year,"₹ 20,376 Cr."
RELIANCE,PAT Prev Ann,"₹ 66,812 Cr."
RELIANCE,Extra Ord Prev Ann,₹ 262 Cr.
RELIANCE,NP Prev Ann,"₹ 74,088 Cr."
RELIANCE,Dividend Prev Ann,"₹ 6,089 Cr."
RELIANCE,OPM preceding year,16.2 %
RELIANCE,NPM preceding year,8.47 %
RELIANCE,EPS preceding year,₹ 98.6
RELIANCE,Sales Prev 12M,"₹ 9,01,064 Cr."
RELIANCE,Profit Prev 12M,"₹ 79,020 Cr."
RELIANCE,Med Sales Gwth 10Yrs,4.99 %
RELIANCE,Med Sales Gwth 5Yrs,4.99 %
RELIANCE,Sales growth 7Years,16.8 %
RELIANCE,Sales Var 10Yrs,7.59 %
RELIANCE,EBIDT growth 3Years,22.2 %
RELIANCE,EBIDT growth 5Years,14.0 %
RELIANCE,EBIDT growth 7Years,18.1 %
RELIANCE,EBIDT Var 10Yrs,15.7 %
RELIANCE,EPS growth 3Years,13.8 %
RELIANCE,EPS growth 5Years,11.9 %
RELIANCE,EPS growth 7Years,13.2 %
RELIANCE,EPS growth 10Years,13.1 %
RELIANCE,Profit Var 7Yrs,12.8 %
RELIANCE,Profit Var 10Yrs,12.9 %
RELIANCE,Chg in Prom Hold 3Yr,-0.26 %
RELIANCE,Market Cap,"₹ 20,36,510 Cr."
RELIANCE,Current Price,"₹ 3,010"
RELIANCE,High / Low,"₹ 3,218 / 2,220"
RELIANCE,Stock P/E,29.6
RELIANCE,Book Value,"₹ 1,173"
RELIANCE,Dividend Yield,0.30 %
RELIANCE,ROCE,9.99 %
RELIANCE,ROE,9.23 %
RELIANCE,Face Value,₹ 10.0
RELIANCE,OP Qtr,"₹ 38,765 Cr."
RELIANCE,Other Inc Qtr,"₹ 3,983 Cr."
RELIANCE,EBIDT Qtr,"₹ 42,748 Cr."
RELIANCE,Dep Qtr,"₹ 13,596 Cr."
RELIANCE,EBIT latest quarter,"₹ 29,152 Cr."
RELIANCE,Interest Qtr,"₹ 5,918 Cr."
RELIANCE,PBT Qtr,"₹ 23,234 Cr."
RELIANCE,Tax latest quarter,"₹ 5,786 Cr."
RELIANCE,Extra Ord Item Qtr,₹ 0.00 Cr.
RELIANCE,NP Qtr,"₹ 17,445 Cr."
RELIANCE,GPM latest quarter,33.8 %
RELIANCE,OPM latest quarter,16.7 %
RELIANCE,NPM latest quarter,7.53 %
RELIANCE,Eq Cap Qtr,"₹ 6,766 Cr."
RELIANCE,EPS latest quarter,₹ 22.4
RELIANCE,OP 2Qtr Bk,"₹ 40,656 Cr."
RELIANCE,OP 3Qtr Bk,"₹ 40,968 Cr."
RELIANCE,Sales 2Qtr Bk,"₹ 2,25,086 Cr."
RELIANCE,Sales 3Qtr Bk,"₹ 2,31,886 Cr."
RELIANCE,NP 2Qtr Bk,"₹ 19,641 Cr."
RELIANCE,NP 3Qtr Bk,"₹ 19,878 Cr."
RELIANCE,Opert Prft Gwth,14.4 %
RELIANCE,Last result date,"2,02,406"
RELIANCE,Exp Qtr Sales Var,6.98 %
RELIANCE,Exp Qtr Sales,"₹ 2,48,066 Cr."
RELIANCE,Exp Qtr OP,"₹ 43,727 Cr."
RELIANCE,Exp Qtr NP,"₹ 23,635 Cr."
RELIANCE,Exp Qtr EPS,₹ 30.3
RELIANCE,Sales Prev Qtr,"₹ 2,36,533 Cr."
RELIANCE,OP Prev Qtr,"₹ 42,516 Cr."
RELIANCE,Other Inc Prev Qtr,"₹ 4,534 Cr."
RELIANCE,EBIDT Prev Qtr,"₹ 47,050 Cr."
RELIANCE,Dep Prev Qtr,"₹ 13,569 Cr."
RELIANCE,EBIT Prev Qtr,"₹ 33,481 Cr."
RELIANCE,Interest Prev Qtr,"₹ 5,761 Cr."
RELIANCE,PBT Prev Qtr,"₹ 27,720 Cr."
RELIANCE,Tax Prev Qtr,"₹ 6,577 Cr."
RELIANCE,PAT Prev Qtr,"₹ 18,951 Cr."
RELIANCE,Extra Ord Prev Qtr,₹ 0.00 Cr.
RELIANCE,NP Prev Qtr,"₹ 21,243 Cr."
RELIANCE,OPM Prev Qtr,18.0 %
RELIANCE,NPM Prev Qtr,8.98 %
RELIANCE,Eq Cap Prev Qtr,"₹ 6,766 Cr."
RELIANCE,EPS Prev Qtr,₹ 28.0
RELIANCE,Sales PY Qtr,"₹ 2,07,559 Cr."
RELIANCE,OP PY Qtr,"₹ 38,093 Cr."
RELIANCE,Other Inc PY Qtr,"₹ 3,813 Cr."
RELIANCE,EBIDT PY Qtr,"₹ 41,906 Cr."
RELIANCE,Dep PY Qtr,"₹ 11,775 Cr."
RELIANCE,EBIT PY Qtr,"₹ 30,131 Cr."
RELIANCE,Interest PY Qtr,"₹ 5,837 Cr."
RELIANCE,PBT PY Qtr,"₹ 24,294 Cr."
RELIANCE,Tax PY Qtr,"₹ 6,112 Cr."
RELIANCE,Market Cap,"₹ 20,36,510 Cr."
RELIANCE,Current Price,"₹ 3,010"
RELIANCE,High / Low,"₹ 3,218 / 2,220"
RELIANCE,Stock P/E,29.6
RELIANCE,Book Value,"₹ 1,173"
RELIANCE,Dividend Yield,0.30 %
RELIANCE,ROCE,9.99 %
RELIANCE,ROE,9.23 %
RELIANCE,Face Value,₹ 10.0
RELIANCE,Equity capital,"₹ 6,766 Cr."
RELIANCE,Preference capital,₹ 0.00 Cr.
RELIANCE,Reserves,"₹ 7,86,715 Cr."
RELIANCE,Secured loan,"₹ 69,924 Cr."
RELIANCE,Unsecured loan,"₹ 3,81,740 Cr."
RELIANCE,Balance sheet total,"₹ 17,55,986 Cr."
RELIANCE,Gross block,"₹ 10,17,992 Cr."
RELIANCE,Revaluation reserve,₹ 0.00 Cr.
RELIANCE,Accum Dep,"₹ 2,93,187 Cr."
RELIANCE,Net block,"₹ 9,66,458 Cr."
RELIANCE,CWIP,"₹ 1,52,382 Cr."
RELIANCE,Investments,"₹ 2,25,672 Cr."
RELIANCE,Current assets,"₹ 4,70,100 Cr."
RELIANCE,Current liabilities,"₹ 3,97,367 Cr."
RELIANCE,BV Unq Invest,"₹ 17,926 Cr."
RELIANCE,MV Quoted Inv,₹ 0.00 Cr.
RELIANCE,Cont Liab,"₹ 32,635 Cr."
RELIANCE,Total Assets,"₹ 17,55,986 Cr."
RELIANCE,Working capital,"₹ 1,78,748 Cr."
RELIANCE,Lease liabilities,"₹ 21,520 Cr."
RELIANCE,Inventory,"₹ 1,52,770 Cr."
RELIANCE,Trade receivables,"₹ 31,628 Cr."
RELIANCE,Face value,₹ 10.0
RELIANCE,Cash Equivalents,"₹ 97,225 Cr."
RELIANCE,Adv Cust,₹ 0.00 Cr.
RELIANCE,Trade Payables,"₹ 1,78,377 Cr."
RELIANCE,No. Eq. Shares PY,677
RELIANCE,Debt preceding year,"₹ 4,51,664 Cr."
RELIANCE,Work Cap PY,"₹ 46,066 Cr."
RELIANCE,Net Block PY,"₹ 7,24,805 Cr."
RELIANCE,Gross Block PY,"₹ 10,17,992 Cr."
RELIANCE,CWIP PY,"₹ 2,93,752 Cr."
RELIANCE,Work Cap 3Yr,"₹ 32,491 Cr."
RELIANCE,Work Cap 5Yr,"₹ -93,224 Cr."
RELIANCE,Work Cap 7Yr,"₹ -1,14,234 Cr."
RELIANCE,Work Cap 10Yr,"₹ 34,970 Cr."
RELIANCE,Debt 3Years back,"₹ 2,78,962 Cr."
RELIANCE,Debt 5Years back,"₹ 3,07,714 Cr."
RELIANCE,Debt 7Years back,"₹ 2,17,475 Cr."
RELIANCE,Debt 10Years back,"₹ 1,38,761 Cr."
RELIANCE,Net Block 3Yrs Back,"₹ 5,41,258 Cr."
RELIANCE,Net Block 5Yrs Back,"₹ 3,98,374 Cr."
RELIANCE,Net Block 7Yrs Back,"₹ 1,98,526 Cr."
RELIANCE,Market Cap,"₹ 20,36,510 Cr."
RELIANCE,Current Price,"₹ 3,010"
RELIANCE,High / Low,"₹ 3,218 / 2,220"
RELIANCE,Stock P/E,29.6
RELIANCE,Book Value,"₹ 1,173"
RELIANCE,Dividend Yield,0.30 %
RELIANCE,ROCE,9.99 %
RELIANCE,ROE,9.23 %
RELIANCE,Face Value,₹ 10.0
RELIANCE,CF Operations,"₹ 1,58,788 Cr."
RELIANCE,Free Cash Flow,"₹ 21,212 Cr."
RELIANCE,CF Investing,"₹ -1,14,301 Cr."
RELIANCE,CF Financing,"₹ -16,646 Cr."
RELIANCE,Net CF,"₹ 27,841 Cr."
RELIANCE,Cash Beginning,"₹ 68,664 Cr."
RELIANCE,Cash End,"₹ 97,225 Cr."
RELIANCE,FCF Prev Ann,"₹ -16,770 Cr."
RELIANCE,CF Operations PY,"₹ 1,15,032 Cr."
RELIANCE,CF Investing PY,"₹ -93,001 Cr."
RELIANCE,CF Financing PY,"₹ 10,455 Cr."
RELIANCE,Net CF PY,"₹ 32,486 Cr."
RELIANCE,Cash Beginning PY,"₹ 36,178 Cr."
RELIANCE,Cash End PY,"₹ 68,664 Cr."
RELIANCE,Free Cash Flow 3Yrs,"₹ 18,088 Cr."
RELIANCE,Free Cash Flow 5Yrs,"₹ -39,148 Cr."
RELIANCE,Free Cash Flow 7Yrs,"₹ -91,074 Cr."
RELIANCE,Free Cash Flow 10Yrs,"₹ -1,55,159 Cr."
RELIANCE,CF Opr 3Yrs,"₹ 3,84,474 Cr."
RELIANCE,CF Opr 5Yrs,"₹ 5,06,309 Cr."
RELIANCE,CF Opr 7Yrs,"₹ 6,20,114 Cr."
RELIANCE,CF Opr 10Yrs,"₹ 7,42,172 Cr."
RELIANCE,CF Inv 10Yrs,"₹ -8,61,138 Cr."
RELIANCE,CF Inv 7Yrs,"₹ -6,94,045 Cr."
RELIANCE,CF Inv 5Yrs,"₹ -5,31,346 Cr."
RELIANCE,CF Inv 3Yrs,"₹ -3,16,464 Cr."
RELIANCE,Cash 3Years back,"₹ 17,397 Cr."
RELIANCE,Cash 5Years back,"₹ 11,081 Cr."
RELIANCE,Cash 7Years back,"₹ 3,023 Cr."
RELIANCE,Market Cap,"₹ 20,36,510 Cr."
RELIANCE,Current Price,"₹ 3,010"
RELIANCE,High / Low,"₹ 3,218 / 2,220"
RELIANCE,Stock P/E,29.6
RELIANCE,Book Value,"₹ 1,173"
RELIANCE,Dividend Yield,0.30 %
RELIANCE,ROCE,9.99 %
RELIANCE,ROE,9.23 %
RELIANCE,Face Value,₹ 10.0
RELIANCE,No. Eq. Shares,677
RELIANCE,Book value,"₹ 1,173"
RELIANCE,Inven TO,4.00
RELIANCE,Quick ratio,0.80
RELIANCE,Exports percentage,0.00 %
RELIANCE,Piotroski score,6.00
RELIANCE,G Factor,3.00
RELIANCE,Asset Turnover,0.54
RELIANCE,Financial leverage,2.12
RELIANCE,No. of Share Holders,"34,93,125"
RELIANCE,Unpledged Prom Hold,50.3 %
RELIANCE,ROIC,8.39 %
RELIANCE,Debtor days,12.8
RELIANCE,Industry PBV,1.87
RELIANCE,Credit rating,
RELIANCE,WC Days,33.0
RELIANCE,Earning Power,7.21 %
RELIANCE,Graham Number,"₹ 1,637"
RELIANCE,Cash Cycle,-3.16
RELIANCE,Days Payable,111
RELIANCE,Days Receivable,12.8
RELIANCE,Inventory Days,95.3
RELIANCE,Public holding,10.4 %
RELIANCE,FII holding,21.8 %
RELIANCE,Chg in FII Hold,-0.31 %
RELIANCE,DII holding,17.3 %
RELIANCE,Chg in DII Hold,0.32 %
RELIANCE,B.V. Prev Ann,"₹ 1,058"
RELIANCE,ROCE Prev Yr,9.14 %
RELIANCE,ROA Prev Yr,4.78 %
RELIANCE,ROE Prev Ann,8.94 %
RELIANCE,No. of Share Holders Prev Qtr,"34,63,276"
RELIANCE,No. Eq. Shares 10 Yrs,690
RELIANCE,BV 3yrs back,"₹ 1,104"
RELIANCE,BV 5yrs back,₹ 664
RELIANCE,BV 10yrs back,₹ 317
RELIANCE,Inven TO 3Yr,3.93
RELIANCE,Inven TO 5Yr,5.94
RELIANCE,Inven TO 7Yr,5.14
RELIANCE,Inven TO 10Yr,5.59
RELIANCE,Export 3Yr,0.00 %
RELIANCE,Export 5Yr,0.00 %
RELIANCE,Div 5Yrs,"₹ 5,380 Cr."
RELIANCE,ROCE 3Yr,9.12 %
RELIANCE,ROCE 5Yr,9.09 %
RELIANCE,ROCE 7Yr,9.76 %
RELIANCE,ROCE 10Yr,9.73 %
RELIANCE,ROE 10Yr,9.70 %
RELIANCE,ROE 7Yr,9.29 %
RELIANCE,ROE 5Yr Var,-4.56 %
RELIANCE,OPM 5Year,16.5 %
RELIANCE,OPM 10Year,15.7 %
RELIANCE,No. of Share Holders 1Yr,"35,06,867"
RELIANCE,Avg Div Payout 3Yrs,9.25 %
RELIANCE,Debtor days 3yrs,12.4
RELIANCE,Debtor days 3yrs back,14.9
RELIANCE,Debtor days 5yrs back,19.3
RELIANCE,ROA 5Yr,4.41 %
RELIANCE,ROA 3Yr,4.71 %
RELIANCE,Market Cap,"₹ 20,36,510 Cr."
RELIANCE,Current Price,"₹ 3,010"
RELIANCE,High / Low,"₹ 3,218 / 2,220"
RELIANCE,Stock P/E,29.6
RELIANCE,Book Value,"₹ 1,173"
RELIANCE,Dividend Yield,0.30 %
RELIANCE,ROCE,9.99 %
RELIANCE,ROE,9.23 %
RELIANCE,Face Value,₹ 10.0
RELIANCE,Avg Vol 1Mth,"65,77,748"
RELIANCE,Avg Vol 1Wk,"79,46,344"
RELIANCE,Volume,"63,47,310"
RELIANCE,High price,"₹ 3,218"
RELIANCE,Low price,"₹ 2,220"
RELIANCE,High price all time,"₹ 3,218"
RELIANCE,Low price all time,₹ 116
RELIANCE,Return over 1day,0.84 %
RELIANCE,Return over 1week,-4.03 %
RELIANCE,Return over 1month,-1.43 %
RELIANCE,DMA 50,"₹ 3,017"
RELIANCE,DMA 200,"₹ 2,805"
RELIANCE,DMA 50 previous day,"₹ 3,018"
RELIANCE,200 DMA prev.,"₹ 2,803"
RELIANCE,RSI,41.6
RELIANCE,MACD,7.15
RELIANCE,MACD Previous Day,16.0
RELIANCE,MACD Signal,37.2
RELIANCE,MACD Signal Prev,44.7
RELIANCE,Avg Vol 1Yr,"65,15,543"
RELIANCE,Return over 7years,22.4 %
RELIANCE,Return over 10years,20.6 %
RELIANCE,Market Cap,"₹ 20,36,510 Cr."
RELIANCE,Current Price,"₹ 3,010"
RELIANCE,High / Low,"₹ 3,218 / 2,220"
RELIANCE,Stock P/E,29.6
RELIANCE,Book Value,"₹ 1,173"
RELIANCE,Dividend Yield,0.30 %
RELIANCE,ROCE,9.99 %
RELIANCE,ROE,9.23 %
RELIANCE,Face Value,₹ 10.0
RELIANCE,WC to Sales,19.3 %
RELIANCE,QoQ Profits,-17.9 %
RELIANCE,QoQ Sales,-2.01 %
RELIANCE,Net worth,"₹ 7,93,481 Cr."
RELIANCE,Market Cap to Sales,2.20
RELIANCE,Interest Coverage,5.46
RELIANCE,EV / EBIT,18.0
RELIANCE,Debt Capacity,0.14
RELIANCE,Debt To Profit,4.38
RELIANCE,Capital Employed,"₹ 12,97,588 Cr."
RELIANCE,CROIC,0.47 %
RELIANCE,debtplus,0.48
RELIANCE,Leverage,₹ 2.12
RELIANCE,Dividend Payout,9.72 %
RELIANCE,Intrinsic Value,"₹ 1,041"
RELIANCE,CDL,-13.8 %
RELIANCE,Cash by market cap,0.04
RELIANCE,52w Index,79.2 %
RELIANCE,Down from 52w high,6.46 %
RELIANCE,Up from 52w low,35.6 %
RELIANCE,From 52w high,0.94
RELIANCE,Mkt Cap To Debt Cap,1.61
RELIANCE,Dividend Payout,9.72 %
RELIANCE,Graham,"₹ 1,637"
RELIANCE,Price to Cash Flow,12.8
RELIANCE,ROCE3yr avg,9.12 %
RELIANCE,PB X PE,75.8
RELIANCE,NCAVPS,₹ 264
RELIANCE,Mar Cap to CF,12.8
RELIANCE,Altman Z Score,3.38
RELIANCE,M.Cap / Qtr Profit,135
