Ticker,Label,Value
INDIAMART,Market Cap,"₹ 18,151 Cr."
INDIAMART,Current Price,"₹ 3,026"
INDIAMART,High / Low,"₹ 3,293 / 2,229"
INDIAMART,Stock P/E,54.3
INDIAMART,Book Value,₹ 289
INDIAMART,Dividend Yield,0.67 %
INDIAMART,ROCE,23.9 %
INDIAMART,ROE,17.6 %
INDIAMART,Face Value,₹ 10.0
INDIAMART,Sales,"₹ 1,197 Cr."
INDIAMART,OPM,24.3 %
INDIAMART,Profit after tax,₹ 335 Cr.
INDIAMART,Mar Cap,"₹ 18,151 Cr."
INDIAMART,Sales Qtr,₹ 315 Cr.
INDIAMART,PAT Qtr,₹ 99.6 Cr.
INDIAMART,Qtr Sales Var,17.1 %
INDIAMART,Qtr Profit Var,78.5 %
INDIAMART,Price to Earning,54.3
INDIAMART,Dividend yield,0.67 %
INDIAMART,Price to book value,10.4
INDIAMART,ROCE,23.9 %
INDIAMART,Return on assets,9.72 %
INDIAMART,Debt to equity,0.02
INDIAMART,Return on equity,17.6 %
INDIAMART,EPS,₹ 55.7
INDIAMART,Debt,₹ 40.7 Cr.
INDIAMART,Promoter holding,49.2 %
INDIAMART,Change in Prom Hold,0.00 %
INDIAMART,Earnings yield,2.60 %
INDIAMART,Pledged percentage,0.00 %
INDIAMART,Industry PE,57.8
INDIAMART,Sales growth,21.4 %
INDIAMART,Profit growth,18.2 %
INDIAMART,Current Price,"₹ 3,026"
INDIAMART,Price to Sales,15.2
INDIAMART,CMP / FCF,38.8
INDIAMART,EVEBITDA,36.1
INDIAMART,Enterprise Value,"₹ 18,091 Cr."
INDIAMART,Current ratio,0.14
INDIAMART,Int Coverage,52.1
INDIAMART,PEG Ratio,0.72
INDIAMART,Return over 3months,13.6 %
INDIAMART,Return over 6months,22.2 %
INDIAMART,No. Eq. Shares,6.00
INDIAMART,Sales growth 3Years,21.4 %
INDIAMART,Sales growth 5Years,18.7 %
INDIAMART,Profit Var 3Yrs,6.28 %
INDIAMART,Profit Var 5Yrs,75.6 %
INDIAMART,ROE 5Yr,19.8 %
INDIAMART,ROE 3Yr,16.3 %
INDIAMART,Return over 1year,-0.28 %
INDIAMART,Return over 3years,-5.89 %
INDIAMART,Return over 5years,37.4 %
INDIAMART,Market Cap,"₹ 18,151 Cr."
INDIAMART,Current Price,"₹ 3,026"
INDIAMART,High / Low,"₹ 3,293 / 2,229"
INDIAMART,Stock P/E,54.3
INDIAMART,Book Value,₹ 289
INDIAMART,Dividend Yield,0.67 %
INDIAMART,ROCE,23.9 %
INDIAMART,ROE,17.6 %
INDIAMART,Face Value,₹ 10.0
INDIAMART,Sales last year,"₹ 1,197 Cr."
INDIAMART,OP Ann,₹ 291 Cr.
INDIAMART,Other Inc Ann,₹ 209 Cr.
INDIAMART,EBIDT last year,₹ 501 Cr.
INDIAMART,Dep Ann,₹ 36.5 Cr.
INDIAMART,EBIT last year,₹ 464 Cr.
INDIAMART,Interest last year,₹ 8.91 Cr.
INDIAMART,PBT Ann,₹ 454 Cr.
INDIAMART,Tax last year,₹ 120 Cr.
INDIAMART,PAT Ann,₹ 335 Cr.
INDIAMART,Extra Ord Item Ann,₹ -1.14 Cr.
INDIAMART,NP Ann,₹ 334 Cr.
INDIAMART,Dividend last year,₹ 120 Cr.
INDIAMART,Raw Material,0.00 %
INDIAMART,Employee cost,₹ 545 Cr.
INDIAMART,OPM last year,24.3 %
INDIAMART,NPM last year,28.0 %
INDIAMART,Operating profit,₹ 291 Cr.
INDIAMART,Interest,₹ 8.91 Cr.
INDIAMART,Depreciation,₹ 36.5 Cr.
INDIAMART,EPS last year,₹ 55.7
INDIAMART,EBIT,₹ 464 Cr.
INDIAMART,Net profit,₹ 334 Cr.
INDIAMART,Current Tax,₹ 95.4 Cr.
INDIAMART,Tax,₹ 120 Cr.
INDIAMART,Other income,₹ 209 Cr.
INDIAMART,Ann Date,"2,02,403"
INDIAMART,Sales Prev Ann,₹ 985 Cr.
INDIAMART,OP Prev Ann,₹ 230 Cr.
INDIAMART,Other Inc Prev Ann,₹ 181 Cr.
INDIAMART,EBIDT Prev Ann,₹ 410 Cr.
INDIAMART,Dep Prev Ann,₹ 31.1 Cr.
INDIAMART,EBIT preceding year,₹ 379 Cr.
INDIAMART,Interest Prev Ann,₹ 8.15 Cr.
INDIAMART,PBT Prev Ann,₹ 371 Cr.
INDIAMART,Tax preceding year,₹ 87.4 Cr.
INDIAMART,PAT Prev Ann,₹ 283 Cr.
INDIAMART,Extra Ord Prev Ann,₹ 0.79 Cr.
INDIAMART,NP Prev Ann,₹ 284 Cr.
INDIAMART,Dividend Prev Ann,₹ 61.2 Cr.
INDIAMART,OPM preceding year,23.3 %
INDIAMART,NPM preceding year,28.7 %
INDIAMART,EPS preceding year,₹ 46.4
INDIAMART,Sales Prev 12M,"₹ 1,151 Cr."
INDIAMART,Profit Prev 12M,₹ 290 Cr.
INDIAMART,Med Sales Gwth 10Yrs,25.0 %
INDIAMART,Med Sales Gwth 5Yrs,21.4 %
INDIAMART,Sales growth 7Years,20.9 %
INDIAMART,Sales Var 10Yrs,%
INDIAMART,EBIDT growth 3Years,6.82 %
INDIAMART,EBIDT growth 5Years,53.9 %
INDIAMART,EBIDT growth 7Years,39.8 %
INDIAMART,EBIDT Var 10Yrs,%
INDIAMART,EPS growth 3Years,6.70 %
INDIAMART,EPS growth 5Years,74.0 %
INDIAMART,EPS growth 7Years,20.0 %
INDIAMART,EPS growth 10Years,%
INDIAMART,Profit Var 7Yrs,32.6 %
INDIAMART,Profit Var 10Yrs,%
INDIAMART,Chg in Prom Hold 3Yr,-0.61 %
INDIAMART,Market Cap,"₹ 18,151 Cr."
INDIAMART,Current Price,"₹ 3,026"
INDIAMART,High / Low,"₹ 3,293 / 2,229"
INDIAMART,Stock P/E,54.3
INDIAMART,Book Value,₹ 289
INDIAMART,Dividend Yield,0.67 %
INDIAMART,ROCE,23.9 %
INDIAMART,ROE,17.6 %
INDIAMART,Face Value,₹ 10.0
INDIAMART,OP Qtr,₹ 76.8 Cr.
INDIAMART,Other Inc Qtr,₹ 77.2 Cr.
INDIAMART,EBIDT Qtr,₹ 154 Cr.
INDIAMART,Dep Qtr,₹ 12.7 Cr.
INDIAMART,EBIT latest quarter,₹ 141 Cr.
INDIAMART,Interest Qtr,₹ 2.20 Cr.
INDIAMART,PBT Qtr,₹ 139 Cr.
INDIAMART,Tax latest quarter,₹ 39.5 Cr.
INDIAMART,Extra Ord Item Qtr,₹ 0.00 Cr.
INDIAMART,NP Qtr,₹ 99.6 Cr.
INDIAMART,GPM latest quarter,100 %
INDIAMART,OPM latest quarter,24.4 %
INDIAMART,NPM latest quarter,31.6 %
INDIAMART,Eq Cap Qtr,₹ 59.9 Cr.
INDIAMART,EPS latest quarter,₹ 16.6
INDIAMART,OP 2Qtr Bk,₹ 69.0 Cr.
INDIAMART,OP 3Qtr Bk,₹ 66.7 Cr.
INDIAMART,Sales 2Qtr Bk,₹ 295 Cr.
INDIAMART,Sales 3Qtr Bk,₹ 282 Cr.
INDIAMART,NP 2Qtr Bk,₹ 69.4 Cr.
INDIAMART,NP 3Qtr Bk,₹ 83.1 Cr.
INDIAMART,Opert Prft Gwth,26.5 %
INDIAMART,Last result date,"2,02,403"
INDIAMART,Exp Qtr Sales Var,21.5 %
INDIAMART,Exp Qtr Sales,₹ 343 Cr.
INDIAMART,Exp Qtr OP,₹ 82.6 Cr.
INDIAMART,Exp Qtr NP,₹ 69.8 Cr.
INDIAMART,Exp Qtr EPS,₹ 11.6
INDIAMART,Sales Prev Qtr,₹ 305 Cr.
INDIAMART,OP Prev Qtr,₹ 78.5 Cr.
INDIAMART,Other Inc Prev Qtr,₹ 41.7 Cr.
INDIAMART,EBIDT Prev Qtr,₹ 120 Cr.
INDIAMART,Dep Prev Qtr,₹ 8.40 Cr.
INDIAMART,EBIT Prev Qtr,₹ 112 Cr.
INDIAMART,Interest Prev Qtr,₹ 2.20 Cr.
INDIAMART,PBT Prev Qtr,₹ 110 Cr.
INDIAMART,Tax Prev Qtr,₹ 27.7 Cr.
INDIAMART,PAT Prev Qtr,₹ 81.9 Cr.
INDIAMART,Extra Ord Prev Qtr,₹ 0.00 Cr.
INDIAMART,NP Prev Qtr,₹ 81.9 Cr.
INDIAMART,OPM Prev Qtr,25.7 %
INDIAMART,NPM Prev Qtr,26.8 %
INDIAMART,Eq Cap Prev Qtr,₹ 59.9 Cr.
INDIAMART,EPS Prev Qtr,₹ 13.6
INDIAMART,Sales PY Qtr,₹ 269 Cr.
INDIAMART,OP PY Qtr,₹ 55.6 Cr.
INDIAMART,Other Inc PY Qtr,₹ 30.7 Cr.
INDIAMART,EBIDT PY Qtr,₹ 86.3 Cr.
INDIAMART,Dep PY Qtr,₹ 8.60 Cr.
INDIAMART,EBIT PY Qtr,₹ 77.7 Cr.
INDIAMART,Interest PY Qtr,₹ 2.10 Cr.
INDIAMART,PBT PY Qtr,₹ 75.6 Cr.
INDIAMART,Tax PY Qtr,₹ 19.8 Cr.
INDIAMART,Market Cap,"₹ 18,151 Cr."
INDIAMART,Current Price,"₹ 3,026"
INDIAMART,High / Low,"₹ 3,293 / 2,229"
INDIAMART,Stock P/E,54.3
INDIAMART,Book Value,₹ 289
INDIAMART,Dividend Yield,0.67 %
INDIAMART,ROCE,23.9 %
INDIAMART,ROE,17.6 %
INDIAMART,Face Value,₹ 10.0
INDIAMART,Equity capital,₹ 60.0 Cr.
INDIAMART,Preference capital,₹ 0.00 Cr.
INDIAMART,Reserves,"₹ 1,676 Cr."
INDIAMART,Secured loan,₹ 0.00 Cr.
INDIAMART,Unsecured loan,₹ 40.7 Cr.
INDIAMART,Balance sheet total,"₹ 3,449 Cr."
INDIAMART,Gross block,₹ 644 Cr.
INDIAMART,Revaluation reserve,₹ 0.00 Cr.
INDIAMART,Accum Dep,₹ 108 Cr.
INDIAMART,Net block,₹ 536 Cr.
INDIAMART,CWIP,₹ 0.50 Cr.
INDIAMART,Investments,"₹ 2,746 Cr."
INDIAMART,Current assets,₹ 148 Cr.
INDIAMART,Current liabilities,"₹ 1,068 Cr."
INDIAMART,BV Unq Invest,₹ 0.00 Cr.
INDIAMART,MV Quoted Inv,"₹ 2,222 Cr."
INDIAMART,Cont Liab,₹ 31.8 Cr.
INDIAMART,Total Assets,"₹ 3,449 Cr."
INDIAMART,Working capital,₹ -908 Cr.
INDIAMART,Lease liabilities,₹ 40.7 Cr.
INDIAMART,Inventory,₹ 0.00 Cr.
INDIAMART,Trade receivables,₹ 4.78 Cr.
INDIAMART,Face value,₹ 10.0
INDIAMART,Cash Equivalents,₹ 101 Cr.
INDIAMART,Adv Cust,₹ 87.6 Cr.
INDIAMART,Trade Payables,₹ 34.4 Cr.
INDIAMART,No. Eq. Shares PY,6.12
INDIAMART,Debt preceding year,₹ 45.9 Cr.
INDIAMART,Work Cap PY,₹ -753 Cr.
INDIAMART,Net Block PY,₹ 553 Cr.
INDIAMART,Gross Block PY,₹ 630 Cr.
INDIAMART,CWIP PY,₹ 0.18 Cr.
INDIAMART,Work Cap 3Yr,₹ -363 Cr.
INDIAMART,Work Cap 5Yr,₹ -307 Cr.
INDIAMART,Work Cap 7Yr,₹ -171 Cr.
INDIAMART,Work Cap 10Yr,₹ Cr.
INDIAMART,Debt 3Years back,₹ 63.4 Cr.
INDIAMART,Debt 5Years back,₹ 0.00 Cr.
INDIAMART,Debt 7Years back,₹ 0.00 Cr.
INDIAMART,Debt 10Years back,₹ Cr.
INDIAMART,Net Block 3Yrs Back,₹ 65.1 Cr.
INDIAMART,Net Block 5Yrs Back,₹ 9.06 Cr.
INDIAMART,Net Block 7Yrs Back,₹ 8.71 Cr.
INDIAMART,Market Cap,"₹ 18,151 Cr."
INDIAMART,Current Price,"₹ 3,026"
INDIAMART,High / Low,"₹ 3,293 / 2,229"
INDIAMART,Stock P/E,54.3
INDIAMART,Book Value,₹ 289
INDIAMART,Dividend Yield,0.67 %
INDIAMART,ROCE,23.9 %
INDIAMART,ROE,17.6 %
INDIAMART,Face Value,₹ 10.0
INDIAMART,CF Operations,₹ 559 Cr.
INDIAMART,Free Cash Flow,₹ 545 Cr.
INDIAMART,CF Investing,₹ 162 Cr.
INDIAMART,CF Financing,₹ -695 Cr.
INDIAMART,Net CF,₹ 26.7 Cr.
INDIAMART,Cash Beginning,₹ 58.1 Cr.
INDIAMART,Cash End,₹ 101 Cr.
INDIAMART,FCF Prev Ann,₹ 460 Cr.
INDIAMART,CF Operations PY,₹ 476 Cr.
INDIAMART,CF Investing PY,₹ -324 Cr.
INDIAMART,CF Financing PY,₹ -143 Cr.
INDIAMART,Net CF PY,₹ 8.56 Cr.
INDIAMART,Cash Beginning PY,₹ 49.6 Cr.
INDIAMART,Cash End PY,₹ 58.3 Cr.
INDIAMART,Free Cash Flow 3Yrs,"₹ 1,403 Cr."
INDIAMART,Free Cash Flow 5Yrs,"₹ 1,982 Cr."
INDIAMART,Free Cash Flow 7Yrs,"₹ 2,408 Cr."
INDIAMART,Free Cash Flow 10Yrs,"₹ 2,347 Cr."
INDIAMART,CF Opr 3Yrs,"₹ 1,437 Cr."
INDIAMART,CF Opr 5Yrs,"₹ 2,020 Cr."
INDIAMART,CF Opr 7Yrs,"₹ 2,455 Cr."
INDIAMART,CF Opr 10Yrs,"₹ 2,406 Cr."
INDIAMART,CF Inv 10Yrs,"₹ -2,595 Cr."
INDIAMART,CF Inv 7Yrs,"₹ -2,508 Cr."
INDIAMART,CF Inv 5Yrs,"₹ -2,067 Cr."
INDIAMART,CF Inv 3Yrs,₹ -497 Cr.
INDIAMART,Cash 3Years back,₹ 77.7 Cr.
INDIAMART,Cash 5Years back,₹ 77.7 Cr.
INDIAMART,Cash 7Years back,₹ 40.7 Cr.
INDIAMART,Market Cap,"₹ 18,151 Cr."
INDIAMART,Current Price,"₹ 3,026"
INDIAMART,High / Low,"₹ 3,293 / 2,229"
INDIAMART,Stock P/E,54.3
INDIAMART,Book Value,₹ 289
INDIAMART,Dividend Yield,0.67 %
INDIAMART,ROCE,23.9 %
INDIAMART,ROE,17.6 %
INDIAMART,Face Value,₹ 10.0
INDIAMART,No. Eq. Shares,6.00
INDIAMART,Book value,₹ 289
INDIAMART,Inven TO,
INDIAMART,Quick ratio,0.14
INDIAMART,Exports percentage,0.00 %
INDIAMART,Piotroski score,9.00
INDIAMART,G Factor,5.00
INDIAMART,Asset Turnover,0.35
INDIAMART,Financial leverage,1.98
INDIAMART,No. of Share Holders,"1,59,877"
INDIAMART,Unpledged Prom Hold,49.2 %
INDIAMART,ROIC,23.9 %
INDIAMART,Debtor days,1.46
INDIAMART,Industry PBV,2.71
INDIAMART,Credit rating,
INDIAMART,WC Days,-308
INDIAMART,Earning Power,13.5 %
INDIAMART,Graham Number,₹ 602
INDIAMART,Cash Cycle,1.46
INDIAMART,Days Payable,
INDIAMART,Days Receivable,1.46
INDIAMART,Inventory Days,
INDIAMART,Public holding,15.6 %
INDIAMART,FII holding,23.4 %
INDIAMART,Chg in FII Hold,0.29 %
INDIAMART,DII holding,11.8 %
INDIAMART,Chg in DII Hold,1.21 %
INDIAMART,B.V. Prev Ann,₹ 336
INDIAMART,ROCE Prev Yr,18.8 %
INDIAMART,ROA Prev Yr,8.86 %
INDIAMART,ROE Prev Ann,14.4 %
INDIAMART,No. of Share Holders Prev Qtr,"1,61,823"
INDIAMART,No. Eq. Shares 10 Yrs,1.83
INDIAMART,BV 3yrs back,₹ 265
INDIAMART,BV 5yrs back,₹ 47.6
INDIAMART,BV 10yrs back,₹
INDIAMART,Inven TO 3Yr,
INDIAMART,Inven TO 5Yr,
INDIAMART,Inven TO 7Yr,
INDIAMART,Inven TO 10Yr,
INDIAMART,Export 3Yr,0.00 %
INDIAMART,Export 5Yr,0.00 %
INDIAMART,Div 5Yrs,₹ 52.3 Cr.
INDIAMART,ROCE 3Yr,21.6 %
INDIAMART,ROCE 5Yr,37.5 %
INDIAMART,ROCE 7Yr,37.5 %
INDIAMART,ROCE 10Yr,37.5 %
INDIAMART,ROE 10Yr,%
INDIAMART,ROE 7Yr,%
INDIAMART,ROE 5Yr Var,%
INDIAMART,OPM 5Year,30.8 %
INDIAMART,OPM 10Year,17.0 %
INDIAMART,No. of Share Holders 1Yr,"1,65,627"
INDIAMART,Avg Div Payout 3Yrs,19.8 %
INDIAMART,Debtor days 3yrs,1.57
INDIAMART,Debtor days 3yrs back,0.68
INDIAMART,Debtor days 5yrs back,0.41
INDIAMART,ROA 5Yr,12.0 %
INDIAMART,ROA 3Yr,9.82 %
INDIAMART,Market Cap,"₹ 18,151 Cr."
INDIAMART,Current Price,"₹ 3,026"
INDIAMART,High / Low,"₹ 3,293 / 2,229"
INDIAMART,Stock P/E,54.3
INDIAMART,Book Value,₹ 289
INDIAMART,Dividend Yield,0.67 %
INDIAMART,ROCE,23.9 %
INDIAMART,ROE,17.6 %
INDIAMART,Face Value,₹ 10.0
INDIAMART,Avg Vol 1Mth,"2,84,898"
INDIAMART,Avg Vol 1Wk,"3,61,168"
INDIAMART,Volume,"4,85,084"
INDIAMART,High price,"₹ 3,293"
INDIAMART,Low price,"₹ 2,229"
INDIAMART,High price all time,"₹ 4,976"
INDIAMART,Low price all time,₹ 476
INDIAMART,Return over 1day,1.13 %
INDIAMART,Return over 1week,6.94 %
INDIAMART,Return over 1month,11.5 %
INDIAMART,DMA 50,"₹ 2,714"
INDIAMART,DMA 200,"₹ 2,677"
INDIAMART,DMA 50 previous day,"₹ 2,703"
INDIAMART,200 DMA prev.,"₹ 2,674"
INDIAMART,RSI,69.2
INDIAMART,MACD,85.2
INDIAMART,MACD Previous Day,79.0
INDIAMART,MACD Signal,66.3
INDIAMART,MACD Signal Prev,61.6
INDIAMART,Avg Vol 1Yr,"2,35,366"
INDIAMART,Return over 7years,%
INDIAMART,Return over 10years,%
INDIAMART,Market Cap,"₹ 18,151 Cr."
INDIAMART,Current Price,"₹ 3,026"
INDIAMART,High / Low,"₹ 3,293 / 2,229"
INDIAMART,Stock P/E,54.3
INDIAMART,Book Value,₹ 289
INDIAMART,Dividend Yield,0.67 %
INDIAMART,ROCE,23.9 %
INDIAMART,ROE,17.6 %
INDIAMART,Face Value,₹ 10.0
INDIAMART,WC to Sales,-75.9 %
INDIAMART,QoQ Profits,21.6 %
INDIAMART,QoQ Sales,3.08 %
INDIAMART,Net worth,"₹ 1,736 Cr."
INDIAMART,Market Cap to Sales,15.2
INDIAMART,Interest Coverage,52.1
INDIAMART,EV / EBIT,39.0
INDIAMART,Debt Capacity,0.22
INDIAMART,Debt To Profit,0.12
INDIAMART,Capital Employed,₹ -372 Cr.
INDIAMART,CROIC,24.1 %
INDIAMART,debtplus,0.04
INDIAMART,Leverage,₹ 1.98
INDIAMART,Dividend Payout,35.9 %
INDIAMART,Intrinsic Value,"₹ 1,559"
INDIAMART,CDL,0.16 %
INDIAMART,Cash by market cap,0.00
INDIAMART,52w Index,74.9 %
INDIAMART,Down from 52w high,8.11 %
INDIAMART,Up from 52w low,35.8 %
INDIAMART,From 52w high,0.92
INDIAMART,Mkt Cap To Debt Cap,3.59
INDIAMART,Dividend Payout,35.9 %
INDIAMART,Graham,₹ 602
INDIAMART,Price to Cash Flow,32.5
INDIAMART,ROCE3yr avg,21.6 %
INDIAMART,PB X PE,567
INDIAMART,NCAVPS,₹ -151
INDIAMART,Mar Cap to CF,32.5
INDIAMART,Altman Z Score,9.60
INDIAMART,M.Cap / Qtr Profit,182
