Ticker,Label,Value
JSWSTEEL,Market Cap,"₹ 2,20,164 Cr."
JSWSTEEL,Current Price,₹ 900
JSWSTEEL,High / Low,₹ 959 / 723
JSWSTEEL,Stock P/E,31.6
JSWSTEEL,Book Value,₹ 318
JSWSTEEL,Dividend Yield,0.82 %
JSWSTEEL,ROCE,13.3 %
JSWSTEEL,ROE,11.8 %
JSWSTEEL,Face Value,₹ 1.00
JSWSTEEL,Sales,"₹ 1,75,736 Cr."
JSWSTEEL,OPM,15.1 %
JSWSTEEL,Profit after tax,"₹ 6,964 Cr."
JSWSTEEL,Mar Cap,"₹ 2,20,164 Cr."
JSWSTEEL,Sales Qtr,"₹ 42,943 Cr."
JSWSTEEL,PAT Qtr,₹ 845 Cr.
JSWSTEEL,Qtr Sales Var,1.73 %
JSWSTEEL,Qtr Profit Var,-63.9 %
JSWSTEEL,Price to Earning,31.6
JSWSTEEL,Dividend yield,0.82 %
JSWSTEEL,Price to book value,2.82
JSWSTEEL,ROCE,13.3 %
JSWSTEEL,Return on assets,3.92 %
JSWSTEEL,Debt to equity,1.13
JSWSTEEL,Return on equity,11.8 %
JSWSTEEL,EPS,₹ 29.9
JSWSTEEL,Debt,"₹ 87,984 Cr."
JSWSTEEL,Promoter holding,44.8 %
JSWSTEEL,Change in Prom Hold,-0.01 %
JSWSTEEL,Earnings yield,6.53 %
JSWSTEEL,Pledged percentage,15.2 %
JSWSTEEL,Industry PE,19.3
JSWSTEEL,Sales growth,3.32 %
JSWSTEEL,Profit growth,36.0 %
JSWSTEEL,Current Price,₹ 900
JSWSTEEL,Price to Sales,1.25
JSWSTEEL,CMP / FCF,31.0
JSWSTEEL,EVEBITDA,10.8
JSWSTEEL,Enterprise Value,"₹ 2,95,800 Cr."
JSWSTEEL,Current ratio,0.98
JSWSTEEL,Int Coverage,2.30
JSWSTEEL,PEG Ratio,13.4
JSWSTEEL,Return over 3months,-1.44 %
JSWSTEEL,Return over 6months,7.21 %
JSWSTEEL,No. Eq. Shares,245
JSWSTEEL,Sales growth 3Years,29.9 %
JSWSTEEL,Sales growth 5Years,15.6 %
JSWSTEEL,Profit Var 3Yrs,2.06 %
JSWSTEEL,Profit Var 5Yrs,2.36 %
JSWSTEEL,ROE 5Yr,16.8 %
JSWSTEEL,ROE 3Yr,17.1 %
JSWSTEEL,Return over 1year,10.2 %
JSWSTEEL,Return over 3years,7.16 %
JSWSTEEL,Return over 5years,28.5 %
JSWSTEEL,Market Cap,"₹ 2,20,164 Cr."
JSWSTEEL,Current Price,₹ 900
JSWSTEEL,High / Low,₹ 959 / 723
JSWSTEEL,Stock P/E,31.6
JSWSTEEL,Book Value,₹ 318
JSWSTEEL,Dividend Yield,0.82 %
JSWSTEEL,ROCE,13.3 %
JSWSTEEL,ROE,11.8 %
JSWSTEEL,Face Value,₹ 1.00
JSWSTEEL,Sales last year,"₹ 1,75,006 Cr."
JSWSTEEL,OP Ann,"₹ 28,157 Cr."
JSWSTEEL,Other Inc Ann,"₹ 1,500 Cr."
JSWSTEEL,EBIDT last year,"₹ 29,161 Cr."
JSWSTEEL,Dep Ann,"₹ 8,172 Cr."
JSWSTEEL,EBIT last year,"₹ 20,989 Cr."
JSWSTEEL,Interest last year,"₹ 8,105 Cr."
JSWSTEEL,PBT Ann,"₹ 13,380 Cr."
JSWSTEEL,Tax last year,"₹ 4,407 Cr."
JSWSTEEL,PAT Ann,"₹ 8,448 Cr."
JSWSTEEL,Extra Ord Item Ann,₹ 496 Cr.
JSWSTEEL,NP Ann,"₹ 8,973 Cr."
JSWSTEEL,Dividend last year,"₹ 2,226 Cr."
JSWSTEEL,Raw Material,52.4 %
JSWSTEEL,Employee cost,"₹ 4,591 Cr."
JSWSTEEL,OPM last year,16.1 %
JSWSTEEL,NPM last year,4.92 %
JSWSTEEL,Operating profit,"₹ 26,550 Cr."
JSWSTEEL,Interest,"₹ 8,215 Cr."
JSWSTEEL,Depreciation,"₹ 8,481 Cr."
JSWSTEEL,EPS last year,₹ 36.0
JSWSTEEL,EBIT,"₹ 18,906 Cr."
JSWSTEEL,Net profit,"₹ 7,412 Cr."
JSWSTEEL,Current Tax,"₹ 3,512 Cr."
JSWSTEEL,Tax,"₹ 3,868 Cr."
JSWSTEEL,Other income,"₹ 1,426 Cr."
JSWSTEEL,Ann Date,"2,02,403"
JSWSTEEL,Sales Prev Ann,"₹ 1,65,960 Cr."
JSWSTEEL,OP Prev Ann,"₹ 18,470 Cr."
JSWSTEEL,Other Inc Prev Ann,"₹ 1,561 Cr."
JSWSTEEL,EBIDT Prev Ann,"₹ 19,500 Cr."
JSWSTEEL,Dep Prev Ann,"₹ 7,474 Cr."
JSWSTEEL,EBIT preceding year,"₹ 12,026 Cr."
JSWSTEEL,Interest Prev Ann,"₹ 6,902 Cr."
JSWSTEEL,PBT Prev Ann,"₹ 5,655 Cr."
JSWSTEEL,Tax preceding year,"₹ 1,516 Cr."
JSWSTEEL,PAT Prev Ann,"₹ 3,750 Cr."
JSWSTEEL,Extra Ord Prev Ann,₹ 531 Cr.
JSWSTEEL,NP Prev Ann,"₹ 4,139 Cr."
JSWSTEEL,Dividend Prev Ann,"₹ 1,023 Cr."
JSWSTEEL,OPM preceding year,11.1 %
JSWSTEEL,NPM preceding year,2.26 %
JSWSTEEL,EPS preceding year,₹ 17.1
JSWSTEEL,Sales Prev 12M,"₹ 1,75,006 Cr."
JSWSTEEL,Profit Prev 12M,"₹ 8,973 Cr."
JSWSTEEL,Med Sales Gwth 10Yrs,8.88 %
JSWSTEEL,Med Sales Gwth 5Yrs,8.88 %
JSWSTEEL,Sales growth 7Years,17.8 %
JSWSTEEL,Sales Var 10Yrs,13.1 %
JSWSTEEL,EBIDT growth 3Years,12.0 %
JSWSTEEL,EBIDT growth 5Years,8.81 %
JSWSTEEL,EBIDT growth 7Years,12.9 %
JSWSTEEL,EBIDT Var 10Yrs,12.2 %
JSWSTEEL,EPS growth 3Years,1.66 %
JSWSTEEL,EPS growth 5Years,2.13 %
JSWSTEEL,EPS growth 7Years,13.0 %
JSWSTEEL,EPS growth 10Years,37.4 %
JSWSTEEL,Profit Var 7Yrs,13.2 %
JSWSTEEL,Profit Var 10Yrs,37.5 %
JSWSTEEL,Chg in Prom Hold 3Yr,0.73 %
JSWSTEEL,Market Cap,"₹ 2,20,164 Cr."
JSWSTEEL,Current Price,₹ 900
JSWSTEEL,High / Low,₹ 959 / 723
JSWSTEEL,Stock P/E,31.6
JSWSTEEL,Book Value,₹ 318
JSWSTEEL,Dividend Yield,0.82 %
JSWSTEEL,ROCE,13.3 %
JSWSTEEL,ROE,11.8 %
JSWSTEEL,Face Value,₹ 1.00
JSWSTEEL,OP Qtr,"₹ 5,498 Cr."
JSWSTEEL,Other Inc Qtr,₹ 164 Cr.
JSWSTEEL,EBIDT Qtr,"₹ 5,662 Cr."
JSWSTEEL,Dep Qtr,"₹ 2,209 Cr."
JSWSTEEL,EBIT latest quarter,"₹ 3,453 Cr."
JSWSTEEL,Interest Qtr,"₹ 2,073 Cr."
JSWSTEEL,PBT Qtr,"₹ 1,380 Cr."
JSWSTEEL,Tax latest quarter,₹ 513 Cr.
JSWSTEEL,Extra Ord Item Qtr,₹ 0.00 Cr.
JSWSTEEL,NP Qtr,₹ 867 Cr.
JSWSTEEL,GPM latest quarter,38.4 %
JSWSTEEL,OPM latest quarter,12.8 %
JSWSTEEL,NPM latest quarter,2.02 %
JSWSTEEL,Eq Cap Qtr,₹ 244 Cr.
JSWSTEEL,EPS latest quarter,₹ 3.46
JSWSTEEL,OP 2Qtr Bk,"₹ 7,164 Cr."
JSWSTEEL,OP 3Qtr Bk,"₹ 7,862 Cr."
JSWSTEEL,Sales 2Qtr Bk,"₹ 41,940 Cr."
JSWSTEEL,Sales 3Qtr Bk,"₹ 44,584 Cr."
JSWSTEEL,NP 2Qtr Bk,"₹ 2,450 Cr."
JSWSTEEL,NP 3Qtr Bk,"₹ 2,773 Cr."
JSWSTEEL,Opert Prft Gwth,25.6 %
JSWSTEEL,Last result date,"2,02,406"
JSWSTEEL,Exp Qtr Sales Var,3.45 %
JSWSTEEL,Exp Qtr Sales,"₹ 46,122 Cr."
JSWSTEEL,Exp Qtr OP,"₹ 7,365 Cr."
JSWSTEEL,Exp Qtr NP,"₹ 3,053 Cr."
JSWSTEEL,Exp Qtr EPS,₹ 12.2
JSWSTEEL,Sales Prev Qtr,"₹ 46,269 Cr."
JSWSTEEL,OP Prev Qtr,"₹ 6,026 Cr."
JSWSTEEL,Other Inc Prev Qtr,₹ 242 Cr.
JSWSTEEL,EBIDT Prev Qtr,"₹ 6,268 Cr."
JSWSTEEL,Dep Prev Qtr,"₹ 2,194 Cr."
JSWSTEEL,EBIT Prev Qtr,"₹ 4,074 Cr."
JSWSTEEL,Interest Prev Qtr,"₹ 2,062 Cr."
JSWSTEEL,PBT Prev Qtr,"₹ 2,012 Cr."
JSWSTEEL,Tax Prev Qtr,₹ 690 Cr.
JSWSTEEL,PAT Prev Qtr,"₹ 1,299 Cr."
JSWSTEEL,Extra Ord Prev Qtr,₹ 0.00 Cr.
JSWSTEEL,NP Prev Qtr,"₹ 1,322 Cr."
JSWSTEEL,OPM Prev Qtr,13.0 %
JSWSTEEL,NPM Prev Qtr,2.86 %
JSWSTEEL,Eq Cap Prev Qtr,₹ 305 Cr.
JSWSTEEL,EPS Prev Qtr,₹ 5.31
JSWSTEEL,Sales PY Qtr,"₹ 42,213 Cr."
JSWSTEEL,OP PY Qtr,"₹ 7,012 Cr."
JSWSTEEL,Other Inc PY Qtr,₹ 331 Cr.
JSWSTEEL,EBIDT PY Qtr,"₹ 7,343 Cr."
JSWSTEEL,Dep PY Qtr,"₹ 1,900 Cr."
JSWSTEEL,EBIT PY Qtr,"₹ 5,443 Cr."
JSWSTEEL,Interest PY Qtr,"₹ 1,963 Cr."
JSWSTEEL,PBT PY Qtr,"₹ 3,480 Cr."
JSWSTEEL,Tax PY Qtr,"₹ 1,052 Cr."
JSWSTEEL,Market Cap,"₹ 2,20,164 Cr."
JSWSTEEL,Current Price,₹ 900
JSWSTEEL,High / Low,₹ 959 / 723
JSWSTEEL,Stock P/E,31.6
JSWSTEEL,Book Value,₹ 318
JSWSTEEL,Dividend Yield,0.82 %
JSWSTEEL,ROCE,13.3 %
JSWSTEEL,ROE,11.8 %
JSWSTEEL,Face Value,₹ 1.00
JSWSTEEL,Equity capital,₹ 305 Cr.
JSWSTEEL,Preference capital,₹ 36.0 Cr.
JSWSTEEL,Reserves,"₹ 77,364 Cr."
JSWSTEEL,Secured loan,"₹ 34,081 Cr."
JSWSTEEL,Unsecured loan,"₹ 53,867 Cr."
JSWSTEEL,Balance sheet total,"₹ 2,27,898 Cr."
JSWSTEEL,Gross block,"₹ 1,54,695 Cr."
JSWSTEEL,Revaluation reserve,₹ 0.00 Cr.
JSWSTEEL,Accum Dep,"₹ 42,234 Cr."
JSWSTEEL,Net block,"₹ 1,12,461 Cr."
JSWSTEEL,CWIP,"₹ 29,676 Cr."
JSWSTEEL,Investments,"₹ 7,246 Cr."
JSWSTEEL,Current assets,"₹ 64,531 Cr."
JSWSTEEL,Current liabilities,"₹ 66,065 Cr."
JSWSTEEL,BV Unq Invest,₹ 0.00 Cr.
JSWSTEEL,MV Quoted Inv,"₹ 5,378 Cr."
JSWSTEEL,Cont Liab,"₹ 3,785 Cr."
JSWSTEEL,Total Assets,"₹ 2,27,898 Cr."
JSWSTEEL,Working capital,"₹ 17,036 Cr."
JSWSTEEL,Lease liabilities,"₹ 2,409 Cr."
JSWSTEEL,Inventory,"₹ 37,815 Cr."
JSWSTEEL,Trade receivables,"₹ 7,548 Cr."
JSWSTEEL,Face value,₹ 1.00
JSWSTEEL,Cash Equivalents,"₹ 12,348 Cr."
JSWSTEEL,Adv Cust,"₹ 1,005 Cr."
JSWSTEEL,Trade Payables,"₹ 33,365 Cr."
JSWSTEEL,No. Eq. Shares PY,242
JSWSTEEL,Debt preceding year,"₹ 80,853 Cr."
JSWSTEEL,Work Cap PY,"₹ 15,475 Cr."
JSWSTEEL,Net Block PY,"₹ 1,04,452 Cr."
JSWSTEEL,Gross Block PY,"₹ 1,39,236 Cr."
JSWSTEEL,CWIP PY,"₹ 22,166 Cr."
JSWSTEEL,Work Cap 3Yr,"₹ -5,051 Cr."
JSWSTEEL,Work Cap 5Yr,"₹ -2,202 Cr."
JSWSTEEL,Work Cap 7Yr,"₹ -3,703 Cr."
JSWSTEEL,Work Cap 10Yr,"₹ -5,470 Cr."
JSWSTEEL,Debt 3Years back,"₹ 62,392 Cr."
JSWSTEEL,Debt 5Years back,"₹ 47,396 Cr."
JSWSTEEL,Debt 7Years back,"₹ 43,334 Cr."
JSWSTEEL,Debt 10Years back,"₹ 35,527 Cr."
JSWSTEEL,Net Block 3Yrs Back,"₹ 64,917 Cr."
JSWSTEEL,Net Block 5Yrs Back,"₹ 62,644 Cr."
JSWSTEEL,Net Block 7Yrs Back,"₹ 58,730 Cr."
JSWSTEEL,Market Cap,"₹ 2,20,164 Cr."
JSWSTEEL,Current Price,₹ 900
JSWSTEEL,High / Low,₹ 959 / 723
JSWSTEEL,Stock P/E,31.6
JSWSTEEL,Book Value,₹ 318
JSWSTEEL,Dividend Yield,0.82 %
JSWSTEEL,ROCE,13.3 %
JSWSTEEL,ROE,11.8 %
JSWSTEEL,Face Value,₹ 1.00
JSWSTEEL,CF Operations,"₹ 12,078 Cr."
JSWSTEEL,Free Cash Flow,"₹ -3,469 Cr."
JSWSTEEL,CF Investing,"₹ -14,467 Cr."
JSWSTEEL,CF Financing,"₹ -5,005 Cr."
JSWSTEEL,Net CF,"₹ -7,394 Cr."
JSWSTEEL,Cash Beginning,"₹ 15,424 Cr."
JSWSTEEL,Cash End,"₹ 12,348 Cr."
JSWSTEEL,FCF Prev Ann,"₹ 8,574 Cr."
JSWSTEEL,CF Operations PY,"₹ 23,323 Cr."
JSWSTEEL,CF Investing PY,"₹ -10,730 Cr."
JSWSTEEL,CF Financing PY,"₹ -5,977 Cr."
JSWSTEEL,Net CF PY,"₹ 6,616 Cr."
JSWSTEEL,Cash Beginning PY,"₹ 8,808 Cr."
JSWSTEEL,Cash End PY,"₹ 20,714 Cr."
JSWSTEEL,Free Cash Flow 3Yrs,"₹ 21,327 Cr."
JSWSTEEL,Free Cash Flow 5Yrs,"₹ 30,927 Cr."
JSWSTEEL,Free Cash Flow 7Yrs,"₹ 43,101 Cr."
JSWSTEEL,Free Cash Flow 10Yrs,"₹ 49,697 Cr."
JSWSTEEL,CF Opr 3Yrs,"₹ 61,671 Cr."
JSWSTEEL,CF Opr 5Yrs,"₹ 93,245 Cr."
JSWSTEEL,CF Opr 7Yrs,"₹ 1,20,257 Cr."
JSWSTEEL,CF Opr 10Yrs,"₹ 1,42,918 Cr."
JSWSTEEL,CF Inv 10Yrs,"₹ -99,476 Cr."
JSWSTEEL,CF Inv 7Yrs,"₹ -83,152 Cr."
JSWSTEEL,CF Inv 5Yrs,"₹ -67,236 Cr."
JSWSTEEL,CF Inv 3Yrs,"₹ -39,945 Cr."
JSWSTEEL,Cash 3Years back,"₹ 12,813 Cr."
JSWSTEEL,Cash 5Years back,"₹ 6,187 Cr."
JSWSTEEL,Cash 7Years back,"₹ 1,485 Cr."
JSWSTEEL,Market Cap,"₹ 2,20,164 Cr."
JSWSTEEL,Current Price,₹ 900
JSWSTEEL,High / Low,₹ 959 / 723
JSWSTEEL,Stock P/E,31.6
JSWSTEEL,Book Value,₹ 318
JSWSTEEL,Dividend Yield,0.82 %
JSWSTEEL,ROCE,13.3 %
JSWSTEEL,ROE,11.8 %
JSWSTEEL,Face Value,₹ 1.00
JSWSTEEL,No. Eq. Shares,245
JSWSTEEL,Book value,₹ 318
JSWSTEEL,Inven TO,3.01
JSWSTEEL,Quick ratio,0.40
JSWSTEEL,Exports percentage,0.00 %
JSWSTEEL,Piotroski score,6.00
JSWSTEEL,G Factor,2.00
JSWSTEEL,Asset Turnover,0.80
JSWSTEEL,Financial leverage,2.82
JSWSTEEL,No. of Share Holders,"6,35,680"
JSWSTEEL,Unpledged Prom Hold,38.0 %
JSWSTEEL,ROIC,10.9 %
JSWSTEEL,Debtor days,15.7
JSWSTEEL,Industry PBV,2.75
JSWSTEEL,Credit rating,
JSWSTEEL,WC Days,9.78
JSWSTEEL,Earning Power,8.30 %
JSWSTEEL,Graham Number,₹ 462
JSWSTEEL,Cash Cycle,33.5
JSWSTEEL,Days Payable,133
JSWSTEEL,Days Receivable,15.7
JSWSTEEL,Inventory Days,151
JSWSTEEL,Public holding,18.3 %
JSWSTEEL,FII holding,25.5 %
JSWSTEEL,Chg in FII Hold,-0.54 %
JSWSTEEL,DII holding,10.5 %
JSWSTEEL,Chg in DII Hold,0.71 %
JSWSTEEL,B.V. Prev Ann,₹ 272
JSWSTEEL,ROCE Prev Yr,8.33 %
JSWSTEEL,ROA Prev Yr,1.84 %
JSWSTEEL,ROE Prev Ann,5.64 %
JSWSTEEL,No. of Share Holders Prev Qtr,"6,71,779"
JSWSTEEL,No. Eq. Shares 10 Yrs,242
JSWSTEEL,BV 3yrs back,₹ 193
JSWSTEEL,BV 5yrs back,₹ 151
JSWSTEEL,BV 10yrs back,₹ 92.2
JSWSTEEL,Inven TO 3Yr,2.75
JSWSTEEL,Inven TO 5Yr,3.18
JSWSTEEL,Inven TO 7Yr,3.73
JSWSTEEL,Inven TO 10Yr,3.52
JSWSTEEL,Export 3Yr,0.00 %
JSWSTEEL,Export 5Yr,0.00 %
JSWSTEEL,Div 5Yrs,"₹ 2,207 Cr."
JSWSTEEL,ROCE 3Yr,16.7 %
JSWSTEEL,ROCE 5Yr,15.0 %
JSWSTEEL,ROCE 7Yr,16.1 %
JSWSTEEL,ROCE 10Yr,14.3 %
JSWSTEEL,ROE 10Yr,16.9 %
JSWSTEEL,ROE 7Yr,18.2 %
JSWSTEEL,ROE 5Yr Var,-13.2 %
JSWSTEEL,OPM 5Year,18.4 %
JSWSTEEL,OPM 10Year,19.0 %
JSWSTEEL,No. of Share Holders 1Yr,"5,86,997"
JSWSTEEL,Avg Div Payout 3Yrs,25.1 %
JSWSTEEL,Debtor days 3yrs,16.7
JSWSTEEL,Debtor days 3yrs back,20.5
JSWSTEEL,Debtor days 5yrs back,30.8
JSWSTEEL,ROA 5Yr,5.51 %
JSWSTEEL,ROA 3Yr,6.09 %
JSWSTEEL,Market Cap,"₹ 2,20,164 Cr."
JSWSTEEL,Current Price,₹ 900
JSWSTEEL,High / Low,₹ 959 / 723
JSWSTEEL,Stock P/E,31.6
JSWSTEEL,Book Value,₹ 318
JSWSTEEL,Dividend Yield,0.82 %
JSWSTEEL,ROCE,13.3 %
JSWSTEEL,ROE,11.8 %
JSWSTEEL,Face Value,₹ 1.00
JSWSTEEL,Avg Vol 1Mth,"20,56,415"
JSWSTEEL,Avg Vol 1Wk,"19,31,212"
JSWSTEEL,Volume,"16,91,159"
JSWSTEEL,High price,₹ 959
JSWSTEEL,Low price,₹ 723
JSWSTEEL,High price all time,₹ 959
JSWSTEEL,Low price all time,₹ 16.0
JSWSTEEL,Return over 1day,2.95 %
JSWSTEEL,Return over 1week,-1.68 %
JSWSTEEL,Return over 1month,-4.86 %
JSWSTEEL,DMA 50,₹ 908
JSWSTEEL,DMA 200,₹ 853
JSWSTEEL,DMA 50 previous day,₹ 909
JSWSTEEL,200 DMA prev.,₹ 852
JSWSTEEL,RSI,34.8
JSWSTEEL,MACD,-8.38
JSWSTEEL,MACD Previous Day,-5.89
JSWSTEEL,MACD Signal,-0.23
JSWSTEEL,MACD Signal Prev,1.81
JSWSTEEL,Avg Vol 1Yr,"23,84,063"
JSWSTEEL,Return over 7years,22.1 %
JSWSTEEL,Return over 10years,22.0 %
JSWSTEEL,Market Cap,"₹ 2,20,164 Cr."
JSWSTEEL,Current Price,₹ 900
JSWSTEEL,High / Low,₹ 959 / 723
JSWSTEEL,Stock P/E,31.6
JSWSTEEL,Book Value,₹ 318
JSWSTEEL,Dividend Yield,0.82 %
JSWSTEEL,ROCE,13.3 %
JSWSTEEL,ROE,11.8 %
JSWSTEEL,Face Value,₹ 1.00
JSWSTEEL,WC to Sales,9.69 %
JSWSTEEL,QoQ Profits,-34.4 %
JSWSTEEL,QoQ Sales,-7.19 %
JSWSTEEL,Net worth,"₹ 77,669 Cr."
JSWSTEEL,Market Cap to Sales,1.25
JSWSTEEL,Interest Coverage,2.30
JSWSTEEL,EV / EBIT,15.6
JSWSTEEL,Debt Capacity,-0.05
JSWSTEEL,Debt To Profit,9.81
JSWSTEEL,Capital Employed,"₹ 1,59,173 Cr."
JSWSTEEL,CROIC,4.50 %
JSWSTEEL,debtplus,1.18
JSWSTEEL,Leverage,₹ 2.82
JSWSTEEL,Dividend Payout,25.3 %
JSWSTEEL,Intrinsic Value,₹ 487
JSWSTEEL,CDL,-36.1 %
JSWSTEEL,Cash by market cap,0.08
JSWSTEEL,52w Index,75.0 %
JSWSTEEL,Down from 52w high,6.16 %
JSWSTEEL,Up from 52w low,24.5 %
JSWSTEEL,From 52w high,0.94
JSWSTEEL,Mkt Cap To Debt Cap,0.94
JSWSTEEL,Dividend Payout,25.3 %
JSWSTEEL,Graham,₹ 462
JSWSTEEL,Price to Cash Flow,18.2
JSWSTEEL,ROCE3yr avg,16.7 %
JSWSTEEL,PB X PE,89.2
JSWSTEEL,NCAVPS,₹ 69.7
JSWSTEEL,Mar Cap to CF,18.2
JSWSTEEL,Altman Z Score,3.16
JSWSTEEL,M.Cap / Qtr Profit,261
