Ticker,Label,Value
INFY,Market Cap,"₹ 7,77,488 Cr."
INFY,Current Price,"₹ 1,873"
INFY,High / Low,"₹ 1,883 / 1,333"
INFY,Stock P/E,29.1
INFY,Book Value,₹ 200
INFY,Dividend Yield,2.06 %
INFY,ROCE,40.0 %
INFY,ROE,31.8 %
INFY,Face Value,₹ 5.00
INFY,Sales,"₹ 1,55,053 Cr."
INFY,OPM,23.7 %
INFY,Profit after tax,"₹ 26,655 Cr."
INFY,Mar Cap,"₹ 7,77,488 Cr."
INFY,Sales Qtr,"₹ 39,315 Cr."
INFY,PAT Qtr,"₹ 6,368 Cr."
INFY,Qtr Sales Var,3.64 %
INFY,Qtr Profit Var,7.12 %
INFY,Price to Earning,29.1
INFY,Dividend yield,2.06 %
INFY,Price to book value,9.29
INFY,ROCE,40.0 %
INFY,Return on assets,20.0 %
INFY,Debt to equity,0.10
INFY,Return on equity,31.8 %
INFY,EPS,₹ 64.2
INFY,Debt,"₹ 8,361 Cr."
INFY,Promoter holding,14.6 %
INFY,Change in Prom Hold,-0.10 %
INFY,Earnings yield,5.03 %
INFY,Pledged percentage,0.00 %
INFY,Industry PE,33.6
INFY,Sales growth,3.21 %
INFY,Profit growth,8.00 %
INFY,Current Price,"₹ 1,873"
INFY,Price to Sales,5.01
INFY,CMP / FCF,36.1
INFY,EVEBITDA,18.1
INFY,Enterprise Value,"₹ 7,57,792 Cr."
INFY,Current ratio,1.89
INFY,Int Coverage,76.7
INFY,PEG Ratio,2.59
INFY,Return over 3months,27.6 %
INFY,Return over 6months,9.33 %
INFY,No. Eq. Shares,415
INFY,Sales growth 3Years,15.2 %
INFY,Sales growth 5Years,13.2 %
INFY,Profit Var 3Yrs,10.5 %
INFY,Profit Var 5Yrs,11.2 %
INFY,ROE 5Yr,29.2 %
INFY,ROE 3Yr,30.9 %
INFY,Return over 1year,34.9 %
INFY,Return over 3years,4.43 %
INFY,Return over 5years,18.3 %
INFY,Market Cap,"₹ 7,77,488 Cr."
INFY,Current Price,"₹ 1,873"
INFY,High / Low,"₹ 1,883 / 1,333"
INFY,Stock P/E,29.1
INFY,Book Value,₹ 200
INFY,Dividend Yield,2.06 %
INFY,ROCE,40.0 %
INFY,ROE,31.8 %
INFY,Face Value,₹ 5.00
INFY,Sales last year,"₹ 1,53,670 Cr."
INFY,OP Ann,"₹ 36,425 Cr."
INFY,Other Inc Ann,"₹ 4,711 Cr."
INFY,EBIDT last year,"₹ 40,851 Cr."
INFY,Dep Ann,"₹ 4,678 Cr."
INFY,EBIT last year,"₹ 36,173 Cr."
INFY,Interest last year,₹ 470 Cr.
INFY,PBT Ann,"₹ 35,988 Cr."
INFY,Tax last year,"₹ 9,740 Cr."
INFY,PAT Ann,"₹ 26,025 Cr."
INFY,Extra Ord Item Ann,₹ 285 Cr.
INFY,NP Ann,"₹ 26,248 Cr."
INFY,Dividend last year,"₹ 19,053 Cr."
INFY,Raw Material,0.00 %
INFY,Employee cost,"₹ 82,636 Cr."
INFY,OPM last year,23.7 %
INFY,NPM last year,17.0 %
INFY,Operating profit,"₹ 36,798 Cr."
INFY,Interest,₹ 484 Cr.
INFY,Depreciation,"₹ 4,654 Cr."
INFY,EPS last year,₹ 63.2
INFY,EBIT,"₹ 37,132 Cr."
INFY,Net profit,"₹ 26,677 Cr."
INFY,Current Tax,"₹ 9,081 Cr."
INFY,Tax,"₹ 9,971 Cr."
INFY,Other income,"₹ 4,988 Cr."
INFY,Ann Date,"2,02,403"
INFY,Sales Prev Ann,"₹ 1,46,767 Cr."
INFY,OP Prev Ann,"₹ 35,130 Cr."
INFY,Other Inc Prev Ann,"₹ 2,701 Cr."
INFY,EBIDT Prev Ann,"₹ 37,683 Cr."
INFY,Dep Prev Ann,"₹ 4,225 Cr."
INFY,EBIT preceding year,"₹ 33,458 Cr."
INFY,Interest Prev Ann,₹ 284 Cr.
INFY,PBT Prev Ann,"₹ 33,322 Cr."
INFY,Tax preceding year,"₹ 9,214 Cr."
INFY,PAT Prev Ann,"₹ 23,988 Cr."
INFY,Extra Ord Prev Ann,₹ 148 Cr.
INFY,NP Prev Ann,"₹ 24,108 Cr."
INFY,Dividend Prev Ann,"₹ 14,069 Cr."
INFY,OPM preceding year,23.9 %
INFY,NPM preceding year,16.4 %
INFY,EPS preceding year,₹ 58.1
INFY,Sales Prev 12M,"₹ 1,53,671 Cr."
INFY,Profit Prev 12M,"₹ 26,248 Cr."
INFY,Med Sales Gwth 10Yrs,9.82 %
INFY,Med Sales Gwth 5Yrs,10.7 %
INFY,Sales growth 7Years,12.2 %
INFY,Sales Var 10Yrs,11.8 %
INFY,EBIDT growth 3Years,10.8 %
INFY,EBIDT growth 5Years,12.3 %
INFY,EBIDT growth 7Years,9.66 %
INFY,EBIDT Var 10Yrs,9.79 %
INFY,EPS growth 3Years,11.4 %
INFY,EPS growth 5Years,12.4 %
INFY,EPS growth 7Years,10.6 %
INFY,EPS growth 10Years,10.4 %
INFY,Profit Var 7Yrs,9.06 %
INFY,Profit Var 10Yrs,9.34 %
INFY,Chg in Prom Hold 3Yr,1.66 %
INFY,Market Cap,"₹ 7,77,903 Cr."
INFY,Current Price,"₹ 1,874"
INFY,High / Low,"₹ 1,883 / 1,333"
INFY,Stock P/E,29.1
INFY,Book Value,₹ 200
INFY,Dividend Yield,2.06 %
INFY,ROCE,40.0 %
INFY,ROE,31.8 %
INFY,Face Value,₹ 5.00
INFY,OP Qtr,"₹ 9,437 Cr."
INFY,Other Inc Qtr,₹ 838 Cr.
INFY,EBIDT Qtr,"₹ 10,275 Cr."
INFY,Dep Qtr,"₹ 1,149 Cr."
INFY,EBIT latest quarter,"₹ 9,126 Cr."
INFY,Interest Qtr,₹ 105 Cr.
INFY,PBT Qtr,"₹ 9,021 Cr."
INFY,Tax latest quarter,"₹ 2,647 Cr."
INFY,Extra Ord Item Qtr,₹ 0.00 Cr.
INFY,NP Qtr,"₹ 6,374 Cr."
INFY,GPM latest quarter,100 %
INFY,OPM latest quarter,24.0 %
INFY,NPM latest quarter,16.2 %
INFY,Eq Cap Qtr,"₹ 2,072 Cr."
INFY,EPS latest quarter,₹ 15.3
INFY,OP 2Qtr Bk,"₹ 9,137 Cr."
INFY,OP 3Qtr Bk,"₹ 9,440 Cr."
INFY,Sales 2Qtr Bk,"₹ 38,821 Cr."
INFY,Sales 3Qtr Bk,"₹ 38,994 Cr."
INFY,NP 2Qtr Bk,"₹ 6,113 Cr."
INFY,NP 3Qtr Bk,"₹ 6,215 Cr."
INFY,Opert Prft Gwth,1.29 %
INFY,Last result date,"2,02,406"
INFY,Exp Qtr Sales Var,3.26 %
INFY,Exp Qtr Sales,"₹ 40,264 Cr."
INFY,Exp Qtr OP,"₹ 9,618 Cr."
INFY,Exp Qtr NP,"₹ 8,282 Cr."
INFY,Exp Qtr EPS,₹ 19.9
INFY,Sales Prev Qtr,"₹ 37,923 Cr."
INFY,OP Prev Qtr,"₹ 8,784 Cr."
INFY,Other Inc Prev Qtr,"₹ 2,729 Cr."
INFY,EBIDT Prev Qtr,"₹ 11,513 Cr."
INFY,Dep Prev Qtr,"₹ 1,163 Cr."
INFY,EBIT Prev Qtr,"₹ 10,350 Cr."
INFY,Interest Prev Qtr,₹ 110 Cr.
INFY,PBT Prev Qtr,"₹ 10,240 Cr."
INFY,Tax Prev Qtr,"₹ 2,265 Cr."
INFY,PAT Prev Qtr,"₹ 7,969 Cr."
INFY,Extra Ord Prev Qtr,₹ 0.00 Cr.
INFY,NP Prev Qtr,"₹ 7,975 Cr."
INFY,OPM Prev Qtr,23.2 %
INFY,NPM Prev Qtr,21.0 %
INFY,Eq Cap Prev Qtr,"₹ 2,070 Cr."
INFY,EPS Prev Qtr,₹ 19.2
INFY,Sales PY Qtr,"₹ 37,933 Cr."
INFY,OP PY Qtr,"₹ 9,064 Cr."
INFY,Other Inc PY Qtr,₹ 561 Cr.
INFY,EBIDT PY Qtr,"₹ 9,625 Cr."
INFY,Dep PY Qtr,"₹ 1,173 Cr."
INFY,EBIT PY Qtr,"₹ 8,452 Cr."
INFY,Interest PY Qtr,₹ 90.0 Cr.
INFY,PBT PY Qtr,"₹ 8,362 Cr."
INFY,Tax PY Qtr,"₹ 2,417 Cr."
INFY,Market Cap,"₹ 7,77,903 Cr."
INFY,Current Price,"₹ 1,874"
INFY,High / Low,"₹ 1,883 / 1,333"
INFY,Stock P/E,29.1
INFY,Book Value,₹ 200
INFY,Dividend Yield,2.06 %
INFY,ROCE,40.0 %
INFY,ROE,31.8 %
INFY,Face Value,₹ 5.00
INFY,Equity capital,"₹ 2,072 Cr."
INFY,Preference capital,₹ 0.00 Cr.
INFY,Reserves,"₹ 80,997 Cr."
INFY,Secured loan,₹ 0.00 Cr.
INFY,Unsecured loan,"₹ 8,359 Cr."
INFY,Balance sheet total,"₹ 1,44,019 Cr."
INFY,Gross block,"₹ 49,195 Cr."
INFY,Revaluation reserve,"₹ 12,104 Cr."
INFY,Accum Dep,"₹ 21,573 Cr."
INFY,Net block,"₹ 27,275 Cr."
INFY,CWIP,₹ 395 Cr.
INFY,Investments,"₹ 19,936 Cr."
INFY,Current assets,"₹ 96,055 Cr."
INFY,Current liabilities,"₹ 50,751 Cr."
INFY,BV Unq Invest,"₹ 8,071 Cr."
INFY,MV Quoted Inv,₹ 0.00 Cr.
INFY,Cont Liab,"₹ 3,583 Cr."
INFY,Total Assets,"₹ 1,44,019 Cr."
INFY,Working capital,"₹ 47,491 Cr."
INFY,Lease liabilities,"₹ 8,361 Cr."
INFY,Inventory,₹ 0.00 Cr.
INFY,Trade receivables,"₹ 30,930 Cr."
INFY,Face value,₹ 5.00
INFY,Cash Equivalents,"₹ 28,057 Cr."
INFY,Adv Cust,₹ 0.00 Cr.
INFY,Trade Payables,"₹ 3,693 Cr."
INFY,No. Eq. Shares PY,415
INFY,Debt preceding year,"₹ 8,299 Cr."
INFY,Work Cap PY,"₹ 26,028 Cr."
INFY,Net Block PY,"₹ 29,225 Cr."
INFY,Gross Block PY,"₹ 48,877 Cr."
INFY,CWIP PY,₹ 288 Cr.
INFY,Work Cap 3Yr,"₹ 35,264 Cr."
INFY,Work Cap 5Yr,"₹ 27,613 Cr."
INFY,Work Cap 7Yr,"₹ 29,722 Cr."
INFY,Work Cap 10Yr,"₹ 28,023 Cr."
INFY,Debt 3Years back,"₹ 5,325 Cr."
INFY,Debt 5Years back,₹ 0.00 Cr.
INFY,Debt 7Years back,₹ 0.00 Cr.
INFY,Debt 10Years back,₹ 0.00 Cr.
INFY,Net Block 3Yrs Back,"₹ 25,505 Cr."
INFY,Net Block 5Yrs Back,"₹ 15,710 Cr."
INFY,Net Block 7Yrs Back,"₹ 14,179 Cr."
INFY,Market Cap,"₹ 7,77,903 Cr."
INFY,Current Price,"₹ 1,874"
INFY,High / Low,"₹ 1,883 / 1,333"
INFY,Stock P/E,29.1
INFY,Book Value,₹ 200
INFY,Dividend Yield,2.06 %
INFY,ROCE,40.0 %
INFY,ROE,31.8 %
INFY,Face Value,₹ 5.00
INFY,CF Operations,"₹ 25,210 Cr."
INFY,Free Cash Flow,"₹ 23,009 Cr."
INFY,CF Investing,"₹ -5,093 Cr."
INFY,CF Financing,"₹ -17,504 Cr."
INFY,Net CF,"₹ 2,613 Cr."
INFY,Cash Beginning,"₹ 12,173 Cr."
INFY,Cash End,"₹ 14,786 Cr."
INFY,FCF Prev Ann,"₹ 19,888 Cr."
INFY,CF Operations PY,"₹ 22,467 Cr."
INFY,CF Investing PY,"₹ -1,071 Cr."
INFY,CF Financing PY,"₹ -26,695 Cr."
INFY,Net CF PY,"₹ -5,299 Cr."
INFY,Cash Beginning PY,"₹ 17,472 Cr."
INFY,Cash End PY,"₹ 12,173 Cr."
INFY,Free Cash Flow 3Yrs,"₹ 64,621 Cr."
INFY,Free Cash Flow 5Yrs,"₹ 99,434 Cr."
INFY,Free Cash Flow 7Yrs,"₹ 1,23,050 Cr."
INFY,Free Cash Flow 10Yrs,"₹ 1,45,232 Cr."
INFY,CF Opr 3Yrs,"₹ 71,562 Cr."
INFY,CF Opr 5Yrs,"₹ 1,11,789 Cr."
INFY,CF Opr 7Yrs,"₹ 1,39,848 Cr."
INFY,CF Opr 10Yrs,"₹ 1,69,760 Cr."
INFY,CF Inv 10Yrs,"₹ -31,002 Cr."
INFY,CF Inv 7Yrs,"₹ -16,452 Cr."
INFY,CF Inv 5Yrs,"₹ -20,353 Cr."
INFY,CF Inv 3Yrs,"₹ -12,649 Cr."
INFY,Cash 3Years back,"₹ 24,714 Cr."
INFY,Cash 5Years back,"₹ 19,568 Cr."
INFY,Cash 7Years back,"₹ 22,625 Cr."
INFY,Market Cap,"₹ 7,77,903 Cr."
INFY,Current Price,"₹ 1,874"
INFY,High / Low,"₹ 1,883 / 1,333"
INFY,Stock P/E,29.1
INFY,Book Value,₹ 200
INFY,Dividend Yield,2.06 %
INFY,ROCE,40.0 %
INFY,ROE,31.8 %
INFY,Face Value,₹ 5.00
INFY,No. Eq. Shares,415
INFY,Book value,₹ 200
INFY,Inven TO,
INFY,Quick ratio,1.89
INFY,Exports percentage,0.00 %
INFY,Piotroski score,6.00
INFY,G Factor,3.00
INFY,Asset Turnover,1.18
INFY,Financial leverage,1.48
INFY,No. of Share Holders,"28,20,740"
INFY,Unpledged Prom Hold,14.6 %
INFY,ROIC,39.2 %
INFY,Debtor days,71.7
INFY,Industry PBV,8.28
INFY,Credit rating,
INFY,WC Days,59.1
INFY,Earning Power,25.8 %
INFY,Graham Number,₹ 538
INFY,Cash Cycle,71.7
INFY,Days Payable,
INFY,Days Receivable,71.7
INFY,Inventory Days,
INFY,Public holding,14.9 %
INFY,FII holding,32.7 %
INFY,Chg in FII Hold,-1.37 %
INFY,DII holding,37.3 %
INFY,Chg in DII Hold,1.66 %
INFY,B.V. Prev Ann,₹ 182
INFY,ROCE Prev Yr,40.5 %
INFY,ROA Prev Yr,19.9 %
INFY,ROE Prev Ann,31.8 %
INFY,No. of Share Holders Prev Qtr,"27,73,406"
INFY,No. Eq. Shares 10 Yrs,459
INFY,BV 3yrs back,₹ 179
INFY,BV 5yrs back,₹ 154
INFY,BV 10yrs back,₹ 110
INFY,Inven TO 3Yr,
INFY,Inven TO 5Yr,
INFY,Inven TO 7Yr,
INFY,Inven TO 10Yr,
INFY,Export 3Yr,0.00 %
INFY,Export 5Yr,0.00 %
INFY,Div 5Yrs,"₹ 13,005 Cr."
INFY,ROCE 3Yr,39.1 %
INFY,ROCE 5Yr,37.0 %
INFY,ROCE 7Yr,35.3 %
INFY,ROCE 10Yr,34.7 %
INFY,ROE 10Yr,26.7 %
INFY,ROE 7Yr,27.7 %
INFY,ROE 5Yr Var,6.23 %
INFY,OPM 5Year,25.0 %
INFY,OPM 10Year,25.5 %
INFY,No. of Share Holders 1Yr,"31,44,613"
INFY,Avg Div Payout 3Yrs,63.3 %
INFY,Debtor days 3yrs,67.7
INFY,Debtor days 3yrs back,70.1
INFY,Debtor days 5yrs back,65.5
INFY,ROA 5Yr,19.5 %
INFY,ROA 3Yr,19.8 %
INFY,Market Cap,"₹ 7,77,903 Cr."
INFY,Current Price,"₹ 1,874"
INFY,High / Low,"₹ 1,883 / 1,333"
INFY,Stock P/E,29.1
INFY,Book Value,₹ 200
INFY,Dividend Yield,2.06 %
INFY,ROCE,40.0 %
INFY,ROE,31.8 %
INFY,Face Value,₹ 5.00
INFY,Avg Vol 1Mth,"1,00,06,753"
INFY,Avg Vol 1Wk,"70,51,158"
INFY,Volume,"59,09,175"
INFY,High price,"₹ 1,883"
INFY,Low price,"₹ 1,333"
INFY,High price all time,"₹ 1,954"
INFY,Low price all time,₹ 117
INFY,Return over 1day,2.67 %
INFY,Return over 1week,1.78 %
INFY,Return over 1month,18.4 %
INFY,DMA 50,"₹ 1,612"
INFY,DMA 200,"₹ 1,533"
INFY,DMA 50 previous day,"₹ 1,603"
INFY,200 DMA prev.,"₹ 1,530"
INFY,RSI,83.6
INFY,MACD,78.2
INFY,MACD Previous Day,77.6
INFY,MACD Signal,66.6
INFY,MACD Signal Prev,63.7
INFY,Avg Vol 1Yr,"71,40,494"
INFY,Return over 7years,20.4 %
INFY,Return over 10years,15.8 %
INFY,Market Cap,"₹ 7,77,903 Cr."
INFY,Current Price,"₹ 1,874"
INFY,High / Low,"₹ 1,883 / 1,333"
INFY,Stock P/E,29.1
INFY,Book Value,₹ 200
INFY,Dividend Yield,2.06 %
INFY,ROCE,40.0 %
INFY,ROE,31.8 %
INFY,Face Value,₹ 5.00
INFY,WC to Sales,30.6 %
INFY,QoQ Profits,-20.1 %
INFY,QoQ Sales,3.67 %
INFY,Net worth,"₹ 83,069 Cr."
INFY,Market Cap to Sales,5.02
INFY,Interest Coverage,76.7
INFY,EV / EBIT,20.4
INFY,Debt Capacity,0.12
INFY,Debt To Profit,0.32
INFY,Capital Employed,"₹ 75,161 Cr."
INFY,CROIC,23.8 %
INFY,debtplus,0.14
INFY,Leverage,₹ 1.48
INFY,Dividend Payout,72.6 %
INFY,Intrinsic Value,₹ 974
INFY,CDL,0.37 %
INFY,Cash by market cap,0.02
INFY,52w Index,98.3 %
INFY,Down from 52w high,0.50 %
INFY,Up from 52w low,40.5 %
INFY,From 52w high,1.00
INFY,Mkt Cap To Debt Cap,2.78
INFY,Dividend Payout,72.6 %
INFY,Graham,₹ 538
INFY,Price to Cash Flow,30.9
INFY,ROCE3yr avg,39.1 %
INFY,PB X PE,270
INFY,NCAVPS,₹ 114
INFY,Mar Cap to CF,30.9
INFY,Altman Z Score,11.8
INFY,M.Cap / Qtr Profit,122
