Ticker,Label,Value
BAJAJFINSV,Market Cap,"₹ 2,52,640 Cr."
BAJAJFINSV,Current Price,"₹ 1,582"
BAJAJFINSV,High / Low,"₹ 1,742 / 1,419"
BAJAJFINSV,Stock P/E,30.3
BAJAJFINSV,Book Value,₹ 378
BAJAJFINSV,Dividend Yield,0.06 %
BAJAJFINSV,ROCE,11.7 %
BAJAJFINSV,ROE,15.3 %
BAJAJFINSV,Face Value,₹ 1.00
BAJAJFINSV,Sales,"₹ 1,18,582 Cr."
BAJAJFINSV,OPM,36.4 %
BAJAJFINSV,Profit after tax,"₹ 8,343 Cr."
BAJAJFINSV,Mar Cap,"₹ 2,52,640 Cr."
BAJAJFINSV,Sales Qtr,"₹ 31,480 Cr."
BAJAJFINSV,PAT Qtr,"₹ 2,138 Cr."
BAJAJFINSV,Qtr Sales Var,35.2 %
BAJAJFINSV,Qtr Profit Var,10.0 %
BAJAJFINSV,Price to Earning,30.3
BAJAJFINSV,Dividend yield,0.06 %
BAJAJFINSV,Price to book value,4.23
BAJAJFINSV,ROCE,11.7 %
BAJAJFINSV,Return on assets,3.31 %
BAJAJFINSV,Debt to equity,4.79
BAJAJFINSV,Return on equity,15.3 %
BAJAJFINSV,EPS,₹ 52.3
BAJAJFINSV,Debt,"₹ 2,88,933 Cr."
BAJAJFINSV,Promoter holding,60.6 %
BAJAJFINSV,Change in Prom Hold,-0.04 %
BAJAJFINSV,Earnings yield,8.00 %
BAJAJFINSV,Pledged percentage,0.01 %
BAJAJFINSV,Industry PE,23.9
BAJAJFINSV,Sales growth,32.6 %
BAJAJFINSV,Profit growth,18.3 %
BAJAJFINSV,Current Price,"₹ 1,582"
BAJAJFINSV,Price to Sales,2.13
BAJAJFINSV,CMP / FCF,-5.23
BAJAJFINSV,EVEBITDA,12.3
BAJAJFINSV,Enterprise Value,"₹ 5,29,186 Cr."
BAJAJFINSV,Current ratio,0.25
BAJAJFINSV,Int Coverage,2.11
BAJAJFINSV,PEG Ratio,1.48
BAJAJFINSV,Return over 3months,-1.59 %
BAJAJFINSV,Return over 6months,-3.57 %
BAJAJFINSV,No. Eq. Shares,160
BAJAJFINSV,Sales growth 3Years,22.1 %
BAJAJFINSV,Sales growth 5Years,21.0 %
BAJAJFINSV,Profit Var 3Yrs,22.2 %
BAJAJFINSV,Profit Var 5Yrs,20.4 %
BAJAJFINSV,ROE 5Yr,13.8 %
BAJAJFINSV,ROE 3Yr,14.2 %
BAJAJFINSV,Return over 1year,-2.64 %
BAJAJFINSV,Return over 3years,4.42 %
BAJAJFINSV,Return over 5years,16.8 %
BAJAJFINSV,Market Cap,"₹ 2,52,640 Cr."
BAJAJFINSV,Current Price,"₹ 1,582"
BAJAJFINSV,High / Low,"₹ 1,742 / 1,419"
BAJAJFINSV,Stock P/E,30.3
BAJAJFINSV,Book Value,₹ 378
BAJAJFINSV,Dividend Yield,0.06 %
BAJAJFINSV,ROCE,11.7 %
BAJAJFINSV,ROE,15.3 %
BAJAJFINSV,Face Value,₹ 1.00
BAJAJFINSV,Sales last year,"₹ 1,10,382 Cr."
BAJAJFINSV,OP Ann,"₹ 40,886 Cr."
BAJAJFINSV,Other Inc Ann,₹ -3.86 Cr.
BAJAJFINSV,EBIDT last year,"₹ 40,894 Cr."
BAJAJFINSV,Dep Ann,₹ 900 Cr.
BAJAJFINSV,EBIT last year,"₹ 39,994 Cr."
BAJAJFINSV,Interest last year,"₹ 18,607 Cr."
BAJAJFINSV,PBT Ann,"₹ 21,375 Cr."
BAJAJFINSV,Tax last year,"₹ 5,780 Cr."
BAJAJFINSV,PAT Ann,"₹ 8,153 Cr."
BAJAJFINSV,Extra Ord Item Ann,₹ -12.4 Cr.
BAJAJFINSV,NP Ann,"₹ 15,595 Cr."
BAJAJFINSV,Dividend last year,₹ 159 Cr.
BAJAJFINSV,Raw Material,0.00 %
BAJAJFINSV,Employee cost,"₹ 10,380 Cr."
BAJAJFINSV,OPM last year,37.0 %
BAJAJFINSV,NPM last year,14.1 %
BAJAJFINSV,Operating profit,"₹ 43,145 Cr."
BAJAJFINSV,Interest,"₹ 19,971 Cr."
BAJAJFINSV,Depreciation,₹ 965 Cr.
BAJAJFINSV,EPS last year,₹ 51.1
BAJAJFINSV,EBIT,"₹ 42,189 Cr."
BAJAJFINSV,Net profit,"₹ 16,095 Cr."
BAJAJFINSV,Current Tax,"₹ 6,209 Cr."
BAJAJFINSV,Tax,"₹ 6,123 Cr."
BAJAJFINSV,Other income,₹ 9.00 Cr.
BAJAJFINSV,Ann Date,"2,02,403"
BAJAJFINSV,Sales Prev Ann,"₹ 82,072 Cr."
BAJAJFINSV,OP Prev Ann,"₹ 29,868 Cr."
BAJAJFINSV,Other Inc Prev Ann,₹ 1.46 Cr.
BAJAJFINSV,EBIDT Prev Ann,"₹ 29,869 Cr."
BAJAJFINSV,Dep Prev Ann,₹ 678 Cr.
BAJAJFINSV,EBIT preceding year,"₹ 29,191 Cr."
BAJAJFINSV,Interest Prev Ann,"₹ 12,380 Cr."
BAJAJFINSV,PBT Prev Ann,"₹ 16,811 Cr."
BAJAJFINSV,Tax preceding year,"₹ 4,602 Cr."
BAJAJFINSV,PAT Prev Ann,"₹ 6,417 Cr."
BAJAJFINSV,Extra Ord Prev Ann,₹ 0.02 Cr.
BAJAJFINSV,NP Prev Ann,"₹ 12,210 Cr."
BAJAJFINSV,Dividend Prev Ann,₹ 127 Cr.
BAJAJFINSV,OPM preceding year,36.4 %
BAJAJFINSV,NPM preceding year,14.9 %
BAJAJFINSV,EPS preceding year,₹ 40.3
BAJAJFINSV,Sales Prev 12M,"₹ 1,10,382 Cr."
BAJAJFINSV,Profit Prev 12M,"₹ 15,595 Cr."
BAJAJFINSV,Med Sales Gwth 10Yrs,27.6 %
BAJAJFINSV,Med Sales Gwth 5Yrs,20.0 %
BAJAJFINSV,Sales growth 7Years,24.0 %
BAJAJFINSV,Sales Var 10Yrs,33.8 %
BAJAJFINSV,EBIDT growth 3Years,27.7 %
BAJAJFINSV,EBIDT growth 5Years,22.2 %
BAJAJFINSV,EBIDT growth 7Years,24.7 %
BAJAJFINSV,EBIDT Var 10Yrs,24.7 %
BAJAJFINSV,EPS growth 3Years,22.0 %
BAJAJFINSV,EPS growth 5Years,20.4 %
BAJAJFINSV,EPS growth 7Years,20.1 %
BAJAJFINSV,EPS growth 10Years,18.1 %
BAJAJFINSV,Profit Var 7Yrs,20.1 %
BAJAJFINSV,Profit Var 10Yrs,18.1 %
BAJAJFINSV,Chg in Prom Hold 3Yr,-0.15 %
BAJAJFINSV,Market Cap,"₹ 2,52,640 Cr."
BAJAJFINSV,Current Price,"₹ 1,582"
BAJAJFINSV,High / Low,"₹ 1,742 / 1,419"
BAJAJFINSV,Stock P/E,30.3
BAJAJFINSV,Book Value,₹ 378
BAJAJFINSV,Dividend Yield,0.06 %
BAJAJFINSV,ROCE,11.7 %
BAJAJFINSV,ROE,15.3 %
BAJAJFINSV,Face Value,₹ 1.00
BAJAJFINSV,OP Qtr,"₹ 11,825 Cr."
BAJAJFINSV,Other Inc Qtr,₹ 2.62 Cr.
BAJAJFINSV,EBIDT Qtr,"₹ 11,827 Cr."
BAJAJFINSV,Dep Qtr,₹ 267 Cr.
BAJAJFINSV,EBIT latest quarter,"₹ 11,560 Cr."
BAJAJFINSV,Interest Qtr,"₹ 5,592 Cr."
BAJAJFINSV,PBT Qtr,"₹ 5,968 Cr."
BAJAJFINSV,Tax latest quarter,"₹ 1,759 Cr."
BAJAJFINSV,Extra Ord Item Qtr,₹ 0.00 Cr.
BAJAJFINSV,NP Qtr,"₹ 4,209 Cr."
BAJAJFINSV,GPM latest quarter,100 %
BAJAJFINSV,OPM latest quarter,37.6 %
BAJAJFINSV,NPM latest quarter,13.4 %
BAJAJFINSV,Eq Cap Qtr,₹ 160 Cr.
BAJAJFINSV,EPS latest quarter,₹ 13.4
BAJAJFINSV,OP 2Qtr Bk,"₹ 10,438 Cr."
BAJAJFINSV,OP 3Qtr Bk,"₹ 9,950 Cr."
BAJAJFINSV,Sales 2Qtr Bk,"₹ 29,038 Cr."
BAJAJFINSV,Sales 3Qtr Bk,"₹ 26,023 Cr."
BAJAJFINSV,NP 2Qtr Bk,"₹ 4,045 Cr."
BAJAJFINSV,NP 3Qtr Bk,"₹ 3,756 Cr."
BAJAJFINSV,Opert Prft Gwth,31.9 %
BAJAJFINSV,Last result date,"2,02,406"
BAJAJFINSV,Exp Qtr Sales Var,32.7 %
BAJAJFINSV,Exp Qtr Sales,"₹ 34,527 Cr."
BAJAJFINSV,Exp Qtr OP,"₹ 12,794 Cr."
BAJAJFINSV,Exp Qtr NP,"₹ 6,902 Cr."
BAJAJFINSV,Exp Qtr EPS,₹ 22.0
BAJAJFINSV,Sales Prev Qtr,"₹ 32,041 Cr."
BAJAJFINSV,OP Prev Qtr,"₹ 10,933 Cr."
BAJAJFINSV,Other Inc Prev Qtr,₹ 4.42 Cr.
BAJAJFINSV,EBIDT Prev Qtr,"₹ 10,937 Cr."
BAJAJFINSV,Dep Prev Qtr,₹ 257 Cr.
BAJAJFINSV,EBIT Prev Qtr,"₹ 10,680 Cr."
BAJAJFINSV,Interest Prev Qtr,"₹ 5,154 Cr."
BAJAJFINSV,PBT Prev Qtr,"₹ 5,527 Cr."
BAJAJFINSV,Tax Prev Qtr,"₹ 1,442 Cr."
BAJAJFINSV,PAT Prev Qtr,"₹ 2,119 Cr."
BAJAJFINSV,Extra Ord Prev Qtr,₹ 0.00 Cr.
BAJAJFINSV,NP Prev Qtr,"₹ 4,085 Cr."
BAJAJFINSV,OPM Prev Qtr,34.1 %
BAJAJFINSV,NPM Prev Qtr,12.8 %
BAJAJFINSV,Eq Cap Prev Qtr,₹ 159 Cr.
BAJAJFINSV,EPS Prev Qtr,₹ 13.3
BAJAJFINSV,Sales PY Qtr,"₹ 23,280 Cr."
BAJAJFINSV,OP PY Qtr,"₹ 9,345 Cr."
BAJAJFINSV,Other Inc PY Qtr,₹ 2.80 Cr.
BAJAJFINSV,EBIDT PY Qtr,"₹ 9,348 Cr."
BAJAJFINSV,Dep PY Qtr,₹ 202 Cr.
BAJAJFINSV,EBIT PY Qtr,"₹ 9,146 Cr."
BAJAJFINSV,Interest PY Qtr,"₹ 4,020 Cr."
BAJAJFINSV,PBT PY Qtr,"₹ 5,125 Cr."
BAJAJFINSV,Tax PY Qtr,"₹ 1,416 Cr."
BAJAJFINSV,Market Cap,"₹ 2,52,640 Cr."
BAJAJFINSV,Current Price,"₹ 1,582"
BAJAJFINSV,High / Low,"₹ 1,742 / 1,419"
BAJAJFINSV,Stock P/E,30.3
BAJAJFINSV,Book Value,₹ 378
BAJAJFINSV,Dividend Yield,0.06 %
BAJAJFINSV,ROCE,11.7 %
BAJAJFINSV,ROE,15.3 %
BAJAJFINSV,Face Value,₹ 1.00
BAJAJFINSV,Equity capital,₹ 159 Cr.
BAJAJFINSV,Preference capital,₹ 0.00 Cr.
BAJAJFINSV,Reserves,"₹ 60,169 Cr."
BAJAJFINSV,Secured loan,"₹ 1,90,767 Cr."
BAJAJFINSV,Unsecured loan,"₹ 98,166 Cr."
BAJAJFINSV,Balance sheet total,"₹ 5,37,415 Cr."
BAJAJFINSV,Gross block,"₹ 8,837 Cr."
BAJAJFINSV,Revaluation reserve,₹ 0.00 Cr.
BAJAJFINSV,Accum Dep,"₹ 3,381 Cr."
BAJAJFINSV,Net block,"₹ 5,455 Cr."
BAJAJFINSV,CWIP,₹ 220 Cr.
BAJAJFINSV,Investments,"₹ 1,68,385 Cr."
BAJAJFINSV,Current assets,"₹ 36,099 Cr."
BAJAJFINSV,Current liabilities,"₹ 1,44,707 Cr."
BAJAJFINSV,BV Unq Invest,"₹ 1,68,386 Cr."
BAJAJFINSV,MV Quoted Inv,₹ 0.00 Cr.
BAJAJFINSV,Cont Liab,"₹ 3,647 Cr."
BAJAJFINSV,Total Assets,"₹ 5,37,415 Cr."
BAJAJFINSV,Working capital,"₹ -1,08,607 Cr."
BAJAJFINSV,Lease liabilities,₹ 0.00 Cr.
BAJAJFINSV,Inventory,₹ 0.00 Cr.
BAJAJFINSV,Trade receivables,"₹ 5,974 Cr."
BAJAJFINSV,Face value,₹ 1.00
BAJAJFINSV,Cash Equivalents,"₹ 12,387 Cr."
BAJAJFINSV,Adv Cust,₹ 0.00 Cr.
BAJAJFINSV,Trade Payables,"₹ 6,277 Cr."
BAJAJFINSV,No. Eq. Shares PY,159
BAJAJFINSV,Debt preceding year,"₹ 2,12,265 Cr."
BAJAJFINSV,Work Cap PY,"₹ -94,505 Cr."
BAJAJFINSV,Net Block PY,"₹ 4,336 Cr."
BAJAJFINSV,Gross Block PY,"₹ 7,048 Cr."
BAJAJFINSV,CWIP PY,₹ 191 Cr.
BAJAJFINSV,Work Cap 3Yr,"₹ -77,937 Cr."
BAJAJFINSV,Work Cap 5Yr,"₹ -61,072 Cr."
BAJAJFINSV,Work Cap 7Yr,"₹ -9,827 Cr."
BAJAJFINSV,Work Cap 10Yr,"₹ -20,009 Cr."
BAJAJFINSV,Debt 3Years back,"₹ 1,28,461 Cr."
BAJAJFINSV,Debt 5Years back,"₹ 99,754 Cr."
BAJAJFINSV,Debt 7Years back,"₹ 48,282 Cr."
BAJAJFINSV,Debt 10Years back,"₹ 19,507 Cr."
BAJAJFINSV,Net Block 3Yrs Back,"₹ 3,182 Cr."
BAJAJFINSV,Net Block 5Yrs Back,"₹ 2,097 Cr."
BAJAJFINSV,Net Block 7Yrs Back,"₹ 1,645 Cr."
BAJAJFINSV,Market Cap,"₹ 2,52,640 Cr."
BAJAJFINSV,Current Price,"₹ 1,582"
BAJAJFINSV,High / Low,"₹ 1,742 / 1,419"
BAJAJFINSV,Stock P/E,30.3
BAJAJFINSV,Book Value,₹ 378
BAJAJFINSV,Dividend Yield,0.06 %
BAJAJFINSV,ROCE,11.7 %
BAJAJFINSV,ROE,15.3 %
BAJAJFINSV,Face Value,₹ 1.00
BAJAJFINSV,CF Operations,"₹ -68,674 Cr."
BAJAJFINSV,Free Cash Flow,"₹ -69,986 Cr."
BAJAJFINSV,CF Investing,"₹ -10,960 Cr."
BAJAJFINSV,CF Financing,"₹ 82,709 Cr."
BAJAJFINSV,Net CF,"₹ 3,075 Cr."
BAJAJFINSV,Cash Beginning,"₹ 5,504 Cr."
BAJAJFINSV,Cash End,"₹ 12,387 Cr."
BAJAJFINSV,FCF Prev Ann,"₹ -40,603 Cr."
BAJAJFINSV,CF Operations PY,"₹ -39,480 Cr."
BAJAJFINSV,CF Investing PY,"₹ -13,945 Cr."
BAJAJFINSV,CF Financing PY,"₹ 51,016 Cr."
BAJAJFINSV,Net CF PY,"₹ -2,409 Cr."
BAJAJFINSV,Cash Beginning PY,"₹ 7,913 Cr."
BAJAJFINSV,Cash End PY,"₹ 5,377 Cr."
BAJAJFINSV,Free Cash Flow 3Yrs,"₹ -1,45,009 Cr."
BAJAJFINSV,Free Cash Flow 5Yrs,"₹ -1,65,152 Cr."
BAJAJFINSV,Free Cash Flow 7Yrs,"₹ -2,12,681 Cr."
BAJAJFINSV,Free Cash Flow 10Yrs,"₹ -2,44,130 Cr."
BAJAJFINSV,CF Opr 3Yrs,"₹ -1,41,824 Cr."
BAJAJFINSV,CF Opr 5Yrs,"₹ -1,60,645 Cr."
BAJAJFINSV,CF Opr 7Yrs,"₹ -2,07,302 Cr."
BAJAJFINSV,CF Opr 10Yrs,"₹ -2,38,750 Cr."
BAJAJFINSV,CF Inv 10Yrs,"₹ -41,941 Cr."
BAJAJFINSV,CF Inv 7Yrs,"₹ -44,916 Cr."
BAJAJFINSV,CF Inv 5Yrs,"₹ -37,091 Cr."
BAJAJFINSV,CF Inv 3Yrs,"₹ -23,459 Cr."
BAJAJFINSV,Cash 3Years back,"₹ 3,410 Cr."
BAJAJFINSV,Cash 5Years back,"₹ 1,589 Cr."
BAJAJFINSV,Cash 7Years back,"₹ 1,499 Cr."
BAJAJFINSV,Market Cap,"₹ 2,52,640 Cr."
BAJAJFINSV,Current Price,"₹ 1,582"
BAJAJFINSV,High / Low,"₹ 1,742 / 1,419"
BAJAJFINSV,Stock P/E,30.3
BAJAJFINSV,Book Value,₹ 378
BAJAJFINSV,Dividend Yield,0.06 %
BAJAJFINSV,ROCE,11.7 %
BAJAJFINSV,ROE,15.3 %
BAJAJFINSV,Face Value,₹ 1.00
BAJAJFINSV,No. Eq. Shares,160
BAJAJFINSV,Book value,₹ 378
BAJAJFINSV,Inven TO,
BAJAJFINSV,Quick ratio,0.25
BAJAJFINSV,Exports percentage,0.00 %
BAJAJFINSV,Piotroski score,5.00
BAJAJFINSV,G Factor,4.00
BAJAJFINSV,Asset Turnover,0.23
BAJAJFINSV,Financial leverage,7.81
BAJAJFINSV,No. of Share Holders,"7,08,432"
BAJAJFINSV,Unpledged Prom Hold,60.6 %
BAJAJFINSV,ROIC,11.7 %
BAJAJFINSV,Debtor days,19.8
BAJAJFINSV,Industry PBV,1.79
BAJAJFINSV,Credit rating,
BAJAJFINSV,WC Days,-400
BAJAJFINSV,Earning Power,7.85 %
BAJAJFINSV,Graham Number,₹ 667
BAJAJFINSV,Cash Cycle,19.8
BAJAJFINSV,Days Payable,
BAJAJFINSV,Days Receivable,19.8
BAJAJFINSV,Inventory Days,
BAJAJFINSV,Public holding,23.2 %
BAJAJFINSV,FII holding,8.39 %
BAJAJFINSV,Chg in FII Hold,-0.03 %
BAJAJFINSV,DII holding,7.60 %
BAJAJFINSV,Chg in DII Hold,0.27 %
BAJAJFINSV,B.V. Prev Ann,₹ 291
BAJAJFINSV,ROCE Prev Yr,11.3 %
BAJAJFINSV,ROA Prev Yr,3.31 %
BAJAJFINSV,ROE Prev Ann,14.8 %
BAJAJFINSV,No. of Share Holders Prev Qtr,"5,67,041"
BAJAJFINSV,No. Eq. Shares 10 Yrs,159
BAJAJFINSV,BV 3yrs back,₹ 225
BAJAJFINSV,BV 5yrs back,₹ 197
BAJAJFINSV,BV 10yrs back,₹ 69.7
BAJAJFINSV,Inven TO 3Yr,
BAJAJFINSV,Inven TO 5Yr,
BAJAJFINSV,Inven TO 7Yr,
BAJAJFINSV,Inven TO 10Yr,
BAJAJFINSV,Export 3Yr,0.00 %
BAJAJFINSV,Export 5Yr,0.00 %
BAJAJFINSV,Div 5Yrs,₹ 95.6 Cr.
BAJAJFINSV,ROCE 3Yr,11.0 %
BAJAJFINSV,ROCE 5Yr,11.0 %
BAJAJFINSV,ROCE 7Yr,11.5 %
BAJAJFINSV,ROCE 10Yr,12.2 %
BAJAJFINSV,ROE 10Yr,14.1 %
BAJAJFINSV,ROE 7Yr,13.9 %
BAJAJFINSV,ROE 5Yr Var,0.97 %
BAJAJFINSV,OPM 5Year,34.6 %
BAJAJFINSV,OPM 10Year,34.8 %
BAJAJFINSV,No. of Share Holders 1Yr,"6,91,234"
BAJAJFINSV,Avg Div Payout 3Yrs,1.78 %
BAJAJFINSV,Debtor days 3yrs,17.1
BAJAJFINSV,Debtor days 3yrs back,16.6
BAJAJFINSV,Debtor days 5yrs back,19.5
BAJAJFINSV,ROA 5Yr,2.94 %
BAJAJFINSV,ROA 3Yr,3.11 %
BAJAJFINSV,Market Cap,"₹ 2,52,640 Cr."
BAJAJFINSV,Current Price,"₹ 1,582"
BAJAJFINSV,High / Low,"₹ 1,742 / 1,419"
BAJAJFINSV,Stock P/E,30.3
BAJAJFINSV,Book Value,₹ 378
BAJAJFINSV,Dividend Yield,0.06 %
BAJAJFINSV,ROCE,11.7 %
BAJAJFINSV,ROE,15.3 %
BAJAJFINSV,Face Value,₹ 1.00
BAJAJFINSV,Avg Vol 1Mth,"19,30,050"
BAJAJFINSV,Avg Vol 1Wk,"22,82,842"
BAJAJFINSV,Volume,"17,60,753"
BAJAJFINSV,High price,"₹ 1,742"
BAJAJFINSV,Low price,"₹ 1,419"
BAJAJFINSV,High price all time,"₹ 1,933"
BAJAJFINSV,Low price all time,₹ 8.67
BAJAJFINSV,Return over 1day,0.66 %
BAJAJFINSV,Return over 1week,-4.16 %
BAJAJFINSV,Return over 1month,-1.77 %
BAJAJFINSV,DMA 50,"₹ 1,594"
BAJAJFINSV,DMA 200,"₹ 1,590"
BAJAJFINSV,DMA 50 previous day,"₹ 1,595"
BAJAJFINSV,200 DMA prev.,"₹ 1,590"
BAJAJFINSV,RSI,43.0
BAJAJFINSV,MACD,5.24
BAJAJFINSV,MACD Previous Day,8.66
BAJAJFINSV,MACD Signal,7.35
BAJAJFINSV,MACD Signal Prev,7.88
BAJAJFINSV,Avg Vol 1Yr,"15,28,072"
BAJAJFINSV,Return over 7years,18.0 %
BAJAJFINSV,Return over 10years,32.6 %
BAJAJFINSV,Market Cap,"₹ 2,52,640 Cr."
BAJAJFINSV,Current Price,"₹ 1,582"
BAJAJFINSV,High / Low,"₹ 1,742 / 1,419"
BAJAJFINSV,Stock P/E,30.3
BAJAJFINSV,Book Value,₹ 378
BAJAJFINSV,Dividend Yield,0.06 %
BAJAJFINSV,ROCE,11.7 %
BAJAJFINSV,ROE,15.3 %
BAJAJFINSV,Face Value,₹ 1.00
BAJAJFINSV,WC to Sales,-91.6 %
BAJAJFINSV,QoQ Profits,3.04 %
BAJAJFINSV,QoQ Sales,-1.75 %
BAJAJFINSV,Net worth,"₹ 60,329 Cr."
BAJAJFINSV,Market Cap to Sales,2.13
BAJAJFINSV,Interest Coverage,2.11
BAJAJFINSV,EV / EBIT,12.5
BAJAJFINSV,Debt Capacity,-0.82
BAJAJFINSV,Debt To Profit,18.5
BAJAJFINSV,Capital Employed,"₹ -1,02,932 Cr."
BAJAJFINSV,CROIC,-14.2 %
BAJAJFINSV,debtplus,4.85
BAJAJFINSV,Leverage,₹ 7.81
BAJAJFINSV,Dividend Payout,1.96 %
BAJAJFINSV,Intrinsic Value,₹ 902
BAJAJFINSV,CDL,-111 %
BAJAJFINSV,Cash by market cap,0.04
BAJAJFINSV,52w Index,50.6 %
BAJAJFINSV,Down from 52w high,9.16 %
BAJAJFINSV,Up from 52w low,11.5 %
BAJAJFINSV,From 52w high,0.91
BAJAJFINSV,Mkt Cap To Debt Cap,-0.63
BAJAJFINSV,Dividend Payout,1.96 %
BAJAJFINSV,Graham,₹ 667
BAJAJFINSV,Price to Cash Flow,-3.68
BAJAJFINSV,ROCE3yr avg,11.0 %
BAJAJFINSV,PB X PE,128
BAJAJFINSV,NCAVPS,₹ -680
BAJAJFINSV,Mar Cap to CF,-3.68
BAJAJFINSV,Altman Z Score,1.15
BAJAJFINSV,M.Cap / Qtr Profit,118
