Ticker,Label,Value
AXISBANK,Market Cap,"₹ 3,63,945 Cr."
AXISBANK,Current Price,"₹ 1,177"
AXISBANK,High / Low,"₹ 1,340 / 921"
AXISBANK,Stock P/E,13.6
AXISBANK,Book Value,₹ 509
AXISBANK,Dividend Yield,0.09 %
AXISBANK,ROCE,7.06 %
AXISBANK,ROE,18.4 %
AXISBANK,Face Value,₹ 2.00
AXISBANK,Sales,"₹ 1,17,672 Cr."
AXISBANK,OPM,63.0 %
AXISBANK,Profit after tax,"₹ 26,731 Cr."
AXISBANK,Mar Cap,"₹ 3,63,945 Cr."
AXISBANK,Sales Qtr,"₹ 31,159 Cr."
AXISBANK,PAT Qtr,"₹ 6,436 Cr."
AXISBANK,Qtr Sales Var,18.7 %
AXISBANK,Qtr Profit Var,5.67 %
AXISBANK,Price to Earning,13.6
AXISBANK,Dividend yield,0.09 %
AXISBANK,Price to book value,2.33
AXISBANK,ROCE,7.06 %
AXISBANK,Return on assets,1.85 %
AXISBANK,Debt to equity,8.25
AXISBANK,Return on equity,18.4 %
AXISBANK,EPS,₹ 86.6
AXISBANK,Debt,"₹ 12,95,302 Cr."
AXISBANK,Promoter holding,8.31 %
AXISBANK,Change in Prom Hold,0.09 %
AXISBANK,Earnings yield,6.50 %
AXISBANK,Pledged percentage,0.00 %
AXISBANK,Industry PE,12.0
AXISBANK,Sales growth,24.5 %
AXISBANK,Profit growth,17.1 %
AXISBANK,Current Price,"₹ 1,177"
AXISBANK,Price to Sales,3.09
AXISBANK,CMP / FCF,27.6
AXISBANK,EVEBITDA,15.4
AXISBANK,Enterprise Value,"₹ 15,42,754 Cr."
AXISBANK,Current ratio,2.68
AXISBANK,Int Coverage,1.55
AXISBANK,PEG Ratio,0.35
AXISBANK,Return over 3months,4.03 %
AXISBANK,Return over 6months,12.8 %
AXISBANK,No. Eq. Shares,309
AXISBANK,Sales growth 3Years,20.5 %
AXISBANK,Sales growth 5Years,15.0 %
AXISBANK,Profit Var 3Yrs,54.2 %
AXISBANK,Profit Var 5Yrs,39.2 %
AXISBANK,ROE 5Yr,11.0 %
AXISBANK,ROE 3Yr,13.6 %
AXISBANK,Return over 1year,22.5 %
AXISBANK,Return over 3years,17.1 %
AXISBANK,Return over 5years,10.0 %
AXISBANK,Market Cap,"₹ 3,63,945 Cr."
AXISBANK,Current Price,"₹ 1,177"
AXISBANK,High / Low,"₹ 1,340 / 921"
AXISBANK,Stock P/E,13.6
AXISBANK,Book Value,₹ 509
AXISBANK,Dividend Yield,0.09 %
AXISBANK,ROCE,7.06 %
AXISBANK,ROE,18.4 %
AXISBANK,Face Value,₹ 2.00
AXISBANK,Sales last year,"₹ 1,12,759 Cr."
AXISBANK,OP Ann,"₹ 72,727 Cr."
AXISBANK,Other Inc Ann,"₹ 25,230 Cr."
AXISBANK,EBIDT last year,"₹ 97,962 Cr."
AXISBANK,Dep Ann,"₹ 1,388 Cr."
AXISBANK,EBIT last year,"₹ 96,573 Cr."
AXISBANK,Interest last year,"₹ 61,391 Cr."
AXISBANK,PBT Ann,"₹ 35,178 Cr."
AXISBANK,Tax last year,"₹ 8,754 Cr."
AXISBANK,PAT Ann,"₹ 26,390 Cr."
AXISBANK,Extra Ord Item Ann,₹ -4.42 Cr.
AXISBANK,NP Ann,"₹ 26,492 Cr."
AXISBANK,Dividend last year,₹ 309 Cr.
AXISBANK,Raw Material,0.00 %
AXISBANK,Employee cost,"₹ 12,205 Cr."
AXISBANK,OPM last year,64.5 %
AXISBANK,NPM last year,23.5 %
AXISBANK,Operating profit,"₹ 74,090 Cr."
AXISBANK,Interest,"₹ 64,680 Cr."
AXISBANK,Depreciation,₹ 0.00 Cr.
AXISBANK,EPS last year,₹ 85.5
AXISBANK,EBIT,"₹ 1,00,310 Cr."
AXISBANK,Net profit,"₹ 26,846 Cr."
AXISBANK,Current Tax,"₹ 8,855 Cr."
AXISBANK,Tax,"₹ 8,855 Cr."
AXISBANK,Other income,"₹ 26,219 Cr."
AXISBANK,Ann Date,"2,02,403"
AXISBANK,Sales Prev Ann,"₹ 87,448 Cr."
AXISBANK,OP Prev Ann,"₹ 56,807 Cr."
AXISBANK,Other Inc Prev Ann,"₹ 18,349 Cr."
AXISBANK,EBIDT Prev Ann,"₹ 75,164 Cr."
AXISBANK,Dep Prev Ann,"₹ 13,146 Cr."
AXISBANK,EBIT preceding year,"₹ 62,018 Cr."
AXISBANK,Interest Prev Ann,"₹ 43,389 Cr."
AXISBANK,PBT Prev Ann,"₹ 18,621 Cr."
AXISBANK,Tax preceding year,"₹ 7,769 Cr."
AXISBANK,PAT Prev Ann,"₹ 10,823 Cr."
AXISBANK,Extra Ord Prev Ann,₹ -7.69 Cr.
AXISBANK,NP Prev Ann,"₹ 10,919 Cr."
AXISBANK,Dividend Prev Ann,₹ 308 Cr.
AXISBANK,OPM preceding year,65.0 %
AXISBANK,NPM preceding year,12.5 %
AXISBANK,EPS preceding year,₹ 35.2
AXISBANK,Sales Prev 12M,"₹ 1,12,759 Cr."
AXISBANK,Profit Prev 12M,"₹ 26,492 Cr."
AXISBANK,Med Sales Gwth 10Yrs,13.7 %
AXISBANK,Med Sales Gwth 5Yrs,13.7 %
AXISBANK,Sales growth 7Years,14.0 %
AXISBANK,Sales Var 10Yrs,13.9 %
AXISBANK,EBIDT growth 3Years,29.3 %
AXISBANK,EBIDT growth 5Years,18.3 %
AXISBANK,EBIDT growth 7Years,16.7 %
AXISBANK,EBIDT Var 10Yrs,13.1 %
AXISBANK,EPS growth 3Years,53.8 %
AXISBANK,EPS growth 5Years,34.2 %
AXISBANK,EPS growth 7Years,26.5 %
AXISBANK,EPS growth 10Years,12.3 %
AXISBANK,Profit Var 7Yrs,31.2 %
AXISBANK,Profit Var 10Yrs,15.4 %
AXISBANK,Chg in Prom Hold 3Yr,-3.38 %
AXISBANK,Market Cap,"₹ 3,63,945 Cr."
AXISBANK,Current Price,"₹ 1,177"
AXISBANK,High / Low,"₹ 1,340 / 921"
AXISBANK,Stock P/E,13.6
AXISBANK,Book Value,₹ 509
AXISBANK,Dividend Yield,0.09 %
AXISBANK,ROCE,7.06 %
AXISBANK,ROE,18.4 %
AXISBANK,Face Value,₹ 2.00
AXISBANK,OP Qtr,"₹ 19,267 Cr."
AXISBANK,Other Inc Qtr,"₹ 6,637 Cr."
AXISBANK,EBIDT Qtr,"₹ 25,904 Cr."
AXISBANK,Dep Qtr,₹ 0.00 Cr.
AXISBANK,EBIT latest quarter,"₹ 25,904 Cr."
AXISBANK,Interest Qtr,"₹ 17,261 Cr."
AXISBANK,PBT Qtr,"₹ 8,643 Cr."
AXISBANK,Tax latest quarter,"₹ 2,193 Cr."
AXISBANK,Extra Ord Item Qtr,₹ 0.00 Cr.
AXISBANK,NP Qtr,"₹ 6,467 Cr."
AXISBANK,GPM latest quarter,100 %
AXISBANK,OPM latest quarter,61.8 %
AXISBANK,NPM latest quarter,20.8 %
AXISBANK,Eq Cap Qtr,₹ 618 Cr.
AXISBANK,EPS latest quarter,₹ 20.8
AXISBANK,OP 2Qtr Bk,"₹ 18,359 Cr."
AXISBANK,OP 3Qtr Bk,"₹ 17,358 Cr."
AXISBANK,Sales 2Qtr Bk,"₹ 28,865 Cr."
AXISBANK,Sales 3Qtr Bk,"₹ 27,418 Cr."
AXISBANK,NP 2Qtr Bk,"₹ 6,520 Cr."
AXISBANK,NP 3Qtr Bk,"₹ 6,230 Cr."
AXISBANK,Opert Prft Gwth,22.2 %
AXISBANK,Last result date,"2,02,406"
AXISBANK,Exp Qtr Sales Var,24.7 %
AXISBANK,Exp Qtr Sales,"₹ 34,191 Cr."
AXISBANK,Exp Qtr OP,"₹ 21,573 Cr."
AXISBANK,Exp Qtr NP,"₹ 4,301 Cr."
AXISBANK,Exp Qtr EPS,₹ 13.8
AXISBANK,Sales Prev Qtr,"₹ 30,231 Cr."
AXISBANK,OP Prev Qtr,"₹ 19,107 Cr."
AXISBANK,Other Inc Prev Qtr,"₹ 7,606 Cr."
AXISBANK,EBIDT Prev Qtr,"₹ 26,712 Cr."
AXISBANK,Dep Prev Qtr,₹ 0.00 Cr.
AXISBANK,EBIT Prev Qtr,"₹ 26,712 Cr."
AXISBANK,Interest Prev Qtr,"₹ 16,727 Cr."
AXISBANK,PBT Prev Qtr,"₹ 9,985 Cr."
AXISBANK,Tax Prev Qtr,"₹ 2,371 Cr."
AXISBANK,PAT Prev Qtr,"₹ 7,599 Cr."
AXISBANK,Extra Ord Prev Qtr,₹ 0.00 Cr.
AXISBANK,NP Prev Qtr,"₹ 7,630 Cr."
AXISBANK,OPM Prev Qtr,63.2 %
AXISBANK,NPM Prev Qtr,25.2 %
AXISBANK,Eq Cap Prev Qtr,₹ Cr.
AXISBANK,EPS Prev Qtr,₹ 24.6
AXISBANK,Sales PY Qtr,"₹ 26,246 Cr."
AXISBANK,OP PY Qtr,"₹ 16,515 Cr."
AXISBANK,Other Inc PY Qtr,"₹ 5,648 Cr."
AXISBANK,EBIDT PY Qtr,"₹ 22,164 Cr."
AXISBANK,Dep PY Qtr,₹ 0.00 Cr.
AXISBANK,EBIT PY Qtr,"₹ 22,164 Cr."
AXISBANK,Interest PY Qtr,"₹ 13,972 Cr."
AXISBANK,PBT PY Qtr,"₹ 8,192 Cr."
AXISBANK,Tax PY Qtr,"₹ 2,093 Cr."
AXISBANK,Market Cap,"₹ 3,63,945 Cr."
AXISBANK,Current Price,"₹ 1,177"
AXISBANK,High / Low,"₹ 1,340 / 921"
AXISBANK,Stock P/E,13.6
AXISBANK,Book Value,₹ 509
AXISBANK,Dividend Yield,0.09 %
AXISBANK,ROCE,7.06 %
AXISBANK,ROE,18.4 %
AXISBANK,Face Value,₹ 2.00
AXISBANK,Equity capital,₹ 617 Cr.
AXISBANK,Preference capital,₹ 0.00 Cr.
AXISBANK,Reserves,"₹ 1,56,406 Cr."
AXISBANK,Secured loan,"₹ 2,28,200 Cr."
AXISBANK,Unsecured loan,"₹ 10,67,102 Cr."
AXISBANK,Balance sheet total,"₹ 15,18,239 Cr."
AXISBANK,Gross block,"₹ 26,505 Cr."
AXISBANK,Revaluation reserve,₹ 0.00 Cr.
AXISBANK,Accum Dep,"₹ 20,645 Cr."
AXISBANK,Net block,"₹ 5,860 Cr."
AXISBANK,CWIP,₹ 267 Cr.
AXISBANK,Investments,"₹ 3,32,354 Cr."
AXISBANK,Current assets,"₹ 1,74,990 Cr."
AXISBANK,Current liabilities,"₹ 65,414 Cr."
AXISBANK,BV Unq Invest,"₹ 7,017 Cr."
AXISBANK,MV Quoted Inv,₹ 0.00 Cr.
AXISBANK,Cont Liab,"₹ 19,85,668 Cr."
AXISBANK,Total Assets,"₹ 15,18,239 Cr."
AXISBANK,Working capital,"₹ 1,09,576 Cr."
AXISBANK,Lease liabilities,₹ 0.00 Cr.
AXISBANK,Inventory,₹ 0.00 Cr.
AXISBANK,Trade receivables,₹ 0.00 Cr.
AXISBANK,Face value,₹ 2.00
AXISBANK,Cash Equivalents,"₹ 1,16,493 Cr."
AXISBANK,Adv Cust,₹ 0.00 Cr.
AXISBANK,Trade Payables,"₹ 6,714 Cr."
AXISBANK,No. Eq. Shares PY,308
AXISBANK,Debt preceding year,"₹ 11,52,038 Cr."
AXISBANK,Work Cap PY,"₹ 1,14,183 Cr."
AXISBANK,Net Block PY,"₹ 5,000 Cr."
AXISBANK,Gross Block PY,"₹ 24,606 Cr."
AXISBANK,CWIP PY,₹ 142 Cr.
AXISBANK,Work Cap 3Yr,"₹ 90,998 Cr."
AXISBANK,Work Cap 5Yr,"₹ 87,353 Cr."
AXISBANK,Work Cap 7Yr,"₹ 64,814 Cr."
AXISBANK,Work Cap 10Yr,"₹ 22,026 Cr."
AXISBANK,Debt 3Years back,"₹ 8,50,551 Cr."
AXISBANK,Debt 5Years back,"₹ 7,11,996 Cr."
AXISBANK,Debt 7Years back,"₹ 5,27,437 Cr."
AXISBANK,Debt 10Years back,"₹ 3,33,280 Cr."
AXISBANK,Net Block 3Yrs Back,"₹ 4,501 Cr."
AXISBANK,Net Block 5Yrs Back,"₹ 3,842 Cr."
AXISBANK,Net Block 7Yrs Back,"₹ 3,518 Cr."
AXISBANK,Market Cap,"₹ 3,63,435 Cr."
AXISBANK,Current Price,"₹ 1,176"
AXISBANK,High / Low,"₹ 1,340 / 921"
AXISBANK,Stock P/E,13.6
AXISBANK,Book Value,₹ 509
AXISBANK,Dividend Yield,0.09 %
AXISBANK,ROCE,7.06 %
AXISBANK,ROE,18.4 %
AXISBANK,Face Value,₹ 2.00
AXISBANK,CF Operations,"₹ -5,555 Cr."
AXISBANK,Free Cash Flow,"₹ -7,931 Cr."
AXISBANK,CF Investing,"₹ -9,001 Cr."
AXISBANK,CF Financing,"₹ 22,341 Cr."
AXISBANK,Net CF,"₹ 7,785 Cr."
AXISBANK,Cash Beginning,"₹ 1,08,708 Cr."
AXISBANK,Cash End,"₹ 1,16,493 Cr."
AXISBANK,FCF Prev Ann,"₹ 20,697 Cr."
AXISBANK,CF Operations PY,"₹ 22,075 Cr."
AXISBANK,CF Investing PY,"₹ -32,351 Cr."
AXISBANK,CF Financing PY,"₹ 6,641 Cr."
AXISBANK,Net CF PY,"₹ -3,636 Cr."
AXISBANK,Cash Beginning PY,"₹ 1,12,344 Cr."
AXISBANK,Cash End PY,"₹ 1,08,708 Cr."
AXISBANK,Free Cash Flow 3Yrs,"₹ 39,502 Cr."
AXISBANK,Free Cash Flow 5Yrs,"₹ 80,548 Cr."
AXISBANK,Free Cash Flow 7Yrs,"₹ 77,615 Cr."
AXISBANK,Free Cash Flow 10Yrs,"₹ 57,395 Cr."
AXISBANK,CF Opr 3Yrs,"₹ 44,657 Cr."
AXISBANK,CF Opr 5Yrs,"₹ 87,706 Cr."
AXISBANK,CF Opr 7Yrs,"₹ 86,441 Cr."
AXISBANK,CF Opr 10Yrs,"₹ 68,992 Cr."
AXISBANK,CF Inv 10Yrs,"₹ -1,72,139 Cr."
AXISBANK,CF Inv 7Yrs,"₹ -1,60,919 Cr."
AXISBANK,CF Inv 5Yrs,"₹ -1,32,237 Cr."
AXISBANK,CF Inv 3Yrs,"₹ -68,464 Cr."
AXISBANK,Cash 3Years back,"₹ 63,424 Cr."
AXISBANK,Cash 5Years back,"₹ 68,004 Cr."
AXISBANK,Cash 7Years back,"₹ 50,966 Cr."
AXISBANK,Market Cap,"₹ 3,63,435 Cr."
AXISBANK,Current Price,"₹ 1,176"
AXISBANK,High / Low,"₹ 1,340 / 921"
AXISBANK,Stock P/E,13.6
AXISBANK,Book Value,₹ 509
AXISBANK,Dividend Yield,0.09 %
AXISBANK,ROCE,7.06 %
AXISBANK,ROE,18.4 %
AXISBANK,Face Value,₹ 2.00
AXISBANK,No. Eq. Shares,309
AXISBANK,Book value,₹ 509
AXISBANK,Inven TO,
AXISBANK,Quick ratio,2.68
AXISBANK,Exports percentage,0.00 %
AXISBANK,Piotroski score,4.00
AXISBANK,G Factor,5.00
AXISBANK,Asset Turnover,0.08
AXISBANK,Financial leverage,9.12
AXISBANK,No. of Share Holders,"7,69,651"
AXISBANK,Unpledged Prom Hold,8.31 %
AXISBANK,ROIC,7.06 %
AXISBANK,Debtor days,0.00
AXISBANK,Industry PBV,1.87
AXISBANK,Credit rating,
AXISBANK,WC Days,-22.4
AXISBANK,Earning Power,6.61 %
AXISBANK,Graham Number,₹ 996
AXISBANK,Cash Cycle,0.00
AXISBANK,Days Payable,
AXISBANK,Days Receivable,0.00
AXISBANK,Inventory Days,
AXISBANK,Public holding,6.63 %
AXISBANK,FII holding,53.4 %
AXISBANK,Chg in FII Hold,-0.41 %
AXISBANK,DII holding,31.6 %
AXISBANK,Chg in DII Hold,1.51 %
AXISBANK,B.V. Prev Ann,₹ 422
AXISBANK,ROCE Prev Yr,5.12 %
AXISBANK,ROA Prev Yr,0.86 %
AXISBANK,ROE Prev Ann,8.73 %
AXISBANK,No. of Share Holders Prev Qtr,"7,86,166"
AXISBANK,No. Eq. Shares 10 Yrs,237
AXISBANK,BV 3yrs back,₹ 338
AXISBANK,BV 5yrs back,₹ 306
AXISBANK,BV 10yrs back,₹ 190
AXISBANK,Inven TO 3Yr,
AXISBANK,Inven TO 5Yr,
AXISBANK,Inven TO 7Yr,
AXISBANK,Inven TO 10Yr,
AXISBANK,Export 3Yr,0.00 %
AXISBANK,Export 5Yr,0.00 %
AXISBANK,Div 5Yrs,₹ 185 Cr.
AXISBANK,ROCE 3Yr,5.78 %
AXISBANK,ROCE 5Yr,5.47 %
AXISBANK,ROCE 7Yr,5.36 %
AXISBANK,ROCE 10Yr,5.89 %
AXISBANK,ROE 10Yr,10.4 %
AXISBANK,ROE 7Yr,9.73 %
AXISBANK,ROE 5Yr Var,19.2 %
AXISBANK,OPM 5Year,57.1 %
AXISBANK,OPM 10Year,55.3 %
AXISBANK,No. of Share Holders 1Yr,"8,01,209"
AXISBANK,Avg Div Payout 3Yrs,2.06 %
AXISBANK,Debtor days 3yrs,0.00
AXISBANK,Debtor days 3yrs back,0.00
AXISBANK,Debtor days 5yrs back,0.00
AXISBANK,ROA 5Yr,0.99 %
AXISBANK,ROA 3Yr,1.33 %
AXISBANK,Market Cap,"₹ 3,63,435 Cr."
AXISBANK,Current Price,"₹ 1,176"
AXISBANK,High / Low,"₹ 1,340 / 921"
AXISBANK,Stock P/E,13.6
AXISBANK,Book Value,₹ 509
AXISBANK,Dividend Yield,0.09 %
AXISBANK,ROCE,7.06 %
AXISBANK,ROE,18.4 %
AXISBANK,Face Value,₹ 2.00
AXISBANK,Avg Vol 1Mth,"1,03,32,855"
AXISBANK,Avg Vol 1Wk,"1,50,25,442"
AXISBANK,Volume,"3,36,06,672"
AXISBANK,High price,"₹ 1,340"
AXISBANK,Low price,₹ 921
AXISBANK,High price all time,"₹ 1,340"
AXISBANK,Low price all time,₹ 43.2
AXISBANK,Return over 1day,-0.01 %
AXISBANK,Return over 1week,-9.01 %
AXISBANK,Return over 1month,-8.52 %
AXISBANK,DMA 50,"₹ 1,227"
AXISBANK,DMA 200,"₹ 1,117"
AXISBANK,DMA 50 previous day,"₹ 1,229"
AXISBANK,200 DMA prev.,"₹ 1,116"
AXISBANK,RSI,31.2
AXISBANK,MACD,5.84
AXISBANK,MACD Previous Day,15.2
AXISBANK,MACD Signal,20.8
AXISBANK,MACD Signal Prev,24.6
AXISBANK,Avg Vol 1Yr,"1,02,46,695"
AXISBANK,Return over 7years,12.5 %
AXISBANK,Return over 10years,11.5 %
AXISBANK,Market Cap,"₹ 3,63,435 Cr."
AXISBANK,Current Price,"₹ 1,176"
AXISBANK,High / Low,"₹ 1,340 / 921"
AXISBANK,Stock P/E,13.6
AXISBANK,Book Value,₹ 509
AXISBANK,Dividend Yield,0.09 %
AXISBANK,ROCE,7.06 %
AXISBANK,ROE,18.4 %
AXISBANK,Face Value,₹ 2.00
AXISBANK,WC to Sales,93.1 %
AXISBANK,QoQ Profits,-15.2 %
AXISBANK,QoQ Sales,3.07 %
AXISBANK,Net worth,"₹ 1,57,024 Cr."
AXISBANK,Market Cap to Sales,3.09
AXISBANK,Interest Coverage,1.55
AXISBANK,EV / EBIT,15.4
AXISBANK,Debt Capacity,-2.18
AXISBANK,Debt To Profit,48.9
AXISBANK,Capital Employed,"₹ 1,15,703 Cr."
AXISBANK,CROIC,0.96 %
AXISBANK,debtplus,20.9
AXISBANK,Leverage,₹ 9.12
AXISBANK,Dividend Payout,1.17 %
AXISBANK,Intrinsic Value,₹ 951
AXISBANK,CDL,-871 %
AXISBANK,Cash by market cap,0.31
AXISBANK,52w Index,60.9 %
AXISBANK,Down from 52w high,12.2 %
AXISBANK,Up from 52w low,27.7 %
AXISBANK,From 52w high,0.88
AXISBANK,Mkt Cap To Debt Cap,1.66
AXISBANK,Dividend Payout,1.17 %
AXISBANK,Graham,₹ 996
AXISBANK,Price to Cash Flow,-65.4
AXISBANK,ROCE3yr avg,5.78 %
AXISBANK,PB X PE,31.6
AXISBANK,NCAVPS,₹ 354
AXISBANK,Mar Cap to CF,-65.4
AXISBANK,Altman Z Score,0.91
AXISBANK,M.Cap / Qtr Profit,56.5
