Ticker,Label,Value
BPCL,Market Cap,"₹ 1,42,585 Cr."
BPCL,Current Price,₹ 329
BPCL,High / Low,₹ 344 / 166
BPCL,Stock P/E,7.33
BPCL,Book Value,₹ 174
BPCL,Dividend Yield,6.41 %
BPCL,ROCE,32.1 %
BPCL,ROE,41.9 %
BPCL,Face Value,₹ 10.0
BPCL,Sales,"₹ 4,48,193 Cr."
BPCL,OPM,7.52 %
BPCL,Profit after tax,"₹ 19,488 Cr."
BPCL,Mar Cap,"₹ 1,42,585 Cr."
BPCL,Sales Qtr,"₹ 1,13,095 Cr."
BPCL,PAT Qtr,"₹ 2,945 Cr."
BPCL,Qtr Sales Var,0.10 %
BPCL,Qtr Profit Var,-72.4 %
BPCL,Price to Earning,7.33
BPCL,Dividend yield,6.41 %
BPCL,Price to book value,1.91
BPCL,ROCE,32.1 %
BPCL,Return on assets,13.9 %
BPCL,Debt to equity,0.72
BPCL,Return on equity,41.9 %
BPCL,EPS,₹ 43.9
BPCL,Debt,"₹ 54,599 Cr."
BPCL,Promoter holding,53.0 %
BPCL,Change in Prom Hold,0.00 %
BPCL,Earnings yield,16.0 %
BPCL,Pledged percentage,0.00 %
BPCL,Industry PE,10.8
BPCL,Sales growth,-3.63 %
BPCL,Profit growth,-2.86 %
BPCL,Current Price,₹ 329
BPCL,Price to Sales,0.32
BPCL,CMP / FCF,9.96
BPCL,EVEBITDA,5.14
BPCL,Enterprise Value,"₹ 1,90,898 Cr."
BPCL,Current ratio,0.81
BPCL,Int Coverage,8.08
BPCL,PEG Ratio,0.26
BPCL,Return over 3months,7.03 %
BPCL,Return over 6months,37.5 %
BPCL,No. Eq. Shares,434
BPCL,Sales growth 3Years,24.9 %
BPCL,Sales growth 5Years,8.48 %
BPCL,Profit Var 3Yrs,28.9 %
BPCL,Profit Var 5Yrs,28.2 %
BPCL,ROE 5Yr,23.0 %
BPCL,ROE 3Yr,24.2 %
BPCL,Return over 1year,72.0 %
BPCL,Return over 3years,12.9 %
BPCL,Return over 5years,13.7 %
BPCL,Market Cap,"₹ 1,42,585 Cr."
BPCL,Current Price,₹ 329
BPCL,High / Low,₹ 344 / 166
BPCL,Stock P/E,7.33
BPCL,Book Value,₹ 174
BPCL,Dividend Yield,6.41 %
BPCL,ROCE,32.1 %
BPCL,ROE,41.9 %
BPCL,Face Value,₹ 10.0
BPCL,Sales last year,"₹ 4,48,083 Cr."
BPCL,OP Ann,"₹ 44,082 Cr."
BPCL,Other Inc Ann,"₹ 3,033 Cr."
BPCL,EBIDT last year,"₹ 47,382 Cr."
BPCL,Dep Ann,"₹ 6,771 Cr."
BPCL,EBIT last year,"₹ 40,611 Cr."
BPCL,Interest last year,"₹ 4,149 Cr."
BPCL,PBT Ann,"₹ 36,194 Cr."
BPCL,Tax last year,"₹ 9,336 Cr."
BPCL,PAT Ann,"₹ 27,057 Cr."
BPCL,Extra Ord Item Ann,₹ -268 Cr.
BPCL,NP Ann,"₹ 26,859 Cr."
BPCL,Dividend last year,"₹ 4,486 Cr."
BPCL,Raw Material,83.9 %
BPCL,Employee cost,"₹ 3,577 Cr."
BPCL,OPM last year,9.84 %
BPCL,NPM last year,6.04 %
BPCL,Operating profit,"₹ 33,721 Cr."
BPCL,Interest,"₹ 3,749 Cr."
BPCL,Depreciation,"₹ 6,843 Cr."
BPCL,EPS last year,₹ 61.9
BPCL,EBIT,"₹ 30,292 Cr."
BPCL,Net profit,"₹ 19,056 Cr."
BPCL,Current Tax,"₹ 7,035 Cr."
BPCL,Tax,"₹ 6,895 Cr."
BPCL,Other income,"₹ 2,823 Cr."
BPCL,Ann Date,"2,02,403"
BPCL,Sales Prev Ann,"₹ 4,73,187 Cr."
BPCL,OP Prev Ann,"₹ 10,899 Cr."
BPCL,Other Inc Prev Ann,"₹ 2,036 Cr."
BPCL,EBIDT Prev Ann,"₹ 14,573 Cr."
BPCL,Dep Prev Ann,"₹ 6,369 Cr."
BPCL,EBIT preceding year,"₹ 8,205 Cr."
BPCL,Interest Prev Ann,"₹ 3,745 Cr."
BPCL,PBT Prev Ann,"₹ 2,821 Cr."
BPCL,Tax preceding year,₹ 690 Cr.
BPCL,PAT Prev Ann,"₹ 3,344 Cr."
BPCL,Extra Ord Prev Ann,"₹ -1,638 Cr."
BPCL,NP Prev Ann,"₹ 2,131 Cr."
BPCL,Dividend Prev Ann,₹ 852 Cr.
BPCL,OPM preceding year,2.30 %
BPCL,NPM preceding year,0.71 %
BPCL,EPS preceding year,₹ 4.91
BPCL,Sales Prev 12M,"₹ 4,48,083 Cr."
BPCL,Profit Prev 12M,"₹ 26,859 Cr."
BPCL,Med Sales Gwth 10Yrs,-4.58 %
BPCL,Med Sales Gwth 5Yrs,-4.58 %
BPCL,Sales growth 7Years,12.1 %
BPCL,Sales Var 10Yrs,5.42 %
BPCL,EBIDT growth 3Years,26.8 %
BPCL,EBIDT growth 5Years,21.2 %
BPCL,EBIDT growth 7Years,16.2 %
BPCL,EBIDT Var 10Yrs,15.9 %
BPCL,EPS growth 3Years,28.9 %
BPCL,EPS growth 5Years,28.2 %
BPCL,EPS growth 7Years,17.5 %
BPCL,EPS growth 10Years,21.3 %
BPCL,Profit Var 7Yrs,17.5 %
BPCL,Profit Var 10Yrs,21.3 %
BPCL,Chg in Prom Hold 3Yr,0.00 %
BPCL,Market Cap,"₹ 1,42,585 Cr."
BPCL,Current Price,₹ 329
BPCL,High / Low,₹ 344 / 166
BPCL,Stock P/E,7.33
BPCL,Book Value,₹ 174
BPCL,Dividend Yield,6.41 %
BPCL,ROCE,32.1 %
BPCL,ROE,41.9 %
BPCL,Face Value,₹ 10.0
BPCL,OP Qtr,"₹ 5,627 Cr."
BPCL,Other Inc Qtr,₹ 807 Cr.
BPCL,EBIDT Qtr,"₹ 6,576 Cr."
BPCL,Dep Qtr,"₹ 1,686 Cr."
BPCL,EBIT latest quarter,"₹ 4,890 Cr."
BPCL,Interest Qtr,₹ 889 Cr.
BPCL,PBT Qtr,"₹ 3,859 Cr."
BPCL,Tax latest quarter,"₹ 1,017 Cr."
BPCL,Extra Ord Item Qtr,₹ -142 Cr.
BPCL,NP Qtr,"₹ 2,842 Cr."
BPCL,GPM latest quarter,11.0 %
BPCL,OPM latest quarter,4.98 %
BPCL,NPM latest quarter,2.60 %
BPCL,Eq Cap Qtr,"₹ 4,273 Cr."
BPCL,EPS latest quarter,₹ 6.55
BPCL,OP 2Qtr Bk,"₹ 6,199 Cr."
BPCL,OP 3Qtr Bk,"₹ 12,941 Cr."
BPCL,Sales 2Qtr Bk,"₹ 1,15,499 Cr."
BPCL,Sales 3Qtr Bk,"₹ 1,03,044 Cr."
BPCL,NP 2Qtr Bk,"₹ 3,181 Cr."
BPCL,NP 3Qtr Bk,"₹ 8,244 Cr."
BPCL,Opert Prft Gwth,3.77 %
BPCL,Last result date,"2,02,406"
BPCL,Exp Qtr Sales Var,-3.47 %
BPCL,Exp Qtr Sales,"₹ 99,468 Cr."
BPCL,Exp Qtr OP,"₹ 9,234 Cr."
BPCL,Exp Qtr NP,"₹ 6,807 Cr."
BPCL,Exp Qtr EPS,₹ 15.7
BPCL,Sales Prev Qtr,"₹ 1,16,555 Cr."
BPCL,OP Prev Qtr,"₹ 8,955 Cr."
BPCL,Other Inc Prev Qtr,₹ 403 Cr.
BPCL,EBIDT Prev Qtr,"₹ 9,462 Cr."
BPCL,Dep Prev Qtr,"₹ 1,722 Cr."
BPCL,EBIT Prev Qtr,"₹ 7,740 Cr."
BPCL,Interest Prev Qtr,₹ 967 Cr.
BPCL,PBT Prev Qtr,"₹ 6,669 Cr."
BPCL,Tax Prev Qtr,"₹ 1,880 Cr."
BPCL,PAT Prev Qtr,"₹ 4,862 Cr."
BPCL,Extra Ord Prev Qtr,₹ -104 Cr.
BPCL,NP Prev Qtr,"₹ 4,790 Cr."
BPCL,OPM Prev Qtr,7.68 %
BPCL,NPM Prev Qtr,4.17 %
BPCL,Eq Cap Prev Qtr,"₹ 2,129 Cr."
BPCL,EPS Prev Qtr,₹ 11.0
BPCL,Sales PY Qtr,"₹ 1,12,985 Cr."
BPCL,OP PY Qtr,"₹ 15,785 Cr."
BPCL,Other Inc PY Qtr,"₹ 1,003 Cr."
BPCL,EBIDT PY Qtr,"₹ 16,823 Cr."
BPCL,Dep PY Qtr,"₹ 1,614 Cr."
BPCL,EBIT PY Qtr,"₹ 15,209 Cr."
BPCL,Interest PY Qtr,"₹ 1,071 Cr."
BPCL,PBT PY Qtr,"₹ 14,103 Cr."
BPCL,Tax PY Qtr,"₹ 3,458 Cr."
BPCL,Market Cap,"₹ 1,42,585 Cr."
BPCL,Current Price,₹ 329
BPCL,High / Low,₹ 344 / 166
BPCL,Stock P/E,7.33
BPCL,Book Value,₹ 174
BPCL,Dividend Yield,6.41 %
BPCL,ROCE,32.1 %
BPCL,ROE,41.9 %
BPCL,Face Value,₹ 10.0
BPCL,Equity capital,"₹ 2,136 Cr."
BPCL,Preference capital,₹ 0.00 Cr.
BPCL,Reserves,"₹ 73,499 Cr."
BPCL,Secured loan,"₹ 4,685 Cr."
BPCL,Unsecured loan,"₹ 64,691 Cr."
BPCL,Balance sheet total,"₹ 2,02,418 Cr."
BPCL,Gross block,"₹ 1,14,274 Cr."
BPCL,Revaluation reserve,₹ 0.00 Cr.
BPCL,Accum Dep,"₹ 27,599 Cr."
BPCL,Net block,"₹ 98,322 Cr."
BPCL,CWIP,"₹ 8,680 Cr."
BPCL,Investments,"₹ 26,631 Cr."
BPCL,Current assets,"₹ 65,694 Cr."
BPCL,Current liabilities,"₹ 80,883 Cr."
BPCL,BV Unq Invest,₹ 0.00 Cr.
BPCL,MV Quoted Inv,"₹ 4,950 Cr."
BPCL,Cont Liab,"₹ 11,713 Cr."
BPCL,Total Assets,"₹ 2,02,418 Cr."
BPCL,Working capital,"₹ 3,932 Cr."
BPCL,Lease liabilities,"₹ 9,114 Cr."
BPCL,Inventory,"₹ 42,836 Cr."
BPCL,Trade receivables,"₹ 8,342 Cr."
BPCL,Face value,₹ 10.0
BPCL,Cash Equivalents,"₹ 6,286 Cr."
BPCL,Adv Cust,"₹ 1,106 Cr."
BPCL,Trade Payables,"₹ 28,306 Cr."
BPCL,No. Eq. Shares PY,434
BPCL,Debt preceding year,"₹ 69,376 Cr."
BPCL,Work Cap PY,"₹ -3,364 Cr."
BPCL,Net Block PY,"₹ 86,675 Cr."
BPCL,Gross Block PY,"₹ 1,14,274 Cr."
BPCL,CWIP PY,"₹ 16,249 Cr."
BPCL,Work Cap 3Yr,"₹ -1,244 Cr."
BPCL,Work Cap 5Yr,"₹ -1,542 Cr."
BPCL,Work Cap 7Yr,"₹ -6,845 Cr."
BPCL,Work Cap 10Yr,"₹ 9,438 Cr."
BPCL,Debt 3Years back,"₹ 54,532 Cr."
BPCL,Debt 5Years back,"₹ 44,839 Cr."
BPCL,Debt 7Years back,"₹ 35,725 Cr."
BPCL,Debt 10Years back,"₹ 33,152 Cr."
BPCL,Net Block 3Yrs Back,"₹ 64,098 Cr."
BPCL,Net Block 5Yrs Back,"₹ 49,315 Cr."
BPCL,Net Block 7Yrs Back,"₹ 33,684 Cr."
BPCL,Market Cap,"₹ 1,42,585 Cr."
BPCL,Current Price,₹ 329
BPCL,High / Low,₹ 344 / 166
BPCL,Stock P/E,7.33
BPCL,Book Value,₹ 174
BPCL,Dividend Yield,6.41 %
BPCL,ROCE,32.1 %
BPCL,ROE,41.9 %
BPCL,Face Value,₹ 10.0
BPCL,CF Operations,"₹ 35,936 Cr."
BPCL,Free Cash Flow,"₹ 26,606 Cr."
BPCL,CF Investing,"₹ -10,521 Cr."
BPCL,CF Financing,"₹ -25,427 Cr."
BPCL,Net CF,₹ -12.0 Cr.
BPCL,Cash Beginning,"₹ 2,313 Cr."
BPCL,Cash End,"₹ 6,286 Cr."
BPCL,FCF Prev Ann,"₹ 4,514 Cr."
BPCL,CF Operations PY,"₹ 12,466 Cr."
BPCL,CF Investing PY,"₹ -7,806 Cr."
BPCL,CF Financing PY,"₹ -4,402 Cr."
BPCL,Net CF PY,₹ 257 Cr.
BPCL,Cash Beginning PY,"₹ 2,056 Cr."
BPCL,Cash End PY,"₹ 2,574 Cr."
BPCL,Free Cash Flow 3Yrs,"₹ 42,968 Cr."
BPCL,Free Cash Flow 5Yrs,"₹ 53,083 Cr."
BPCL,Free Cash Flow 7Yrs,"₹ 56,123 Cr."
BPCL,Free Cash Flow 10Yrs,"₹ 66,408 Cr."
BPCL,CF Opr 3Yrs,"₹ 68,737 Cr."
BPCL,CF Opr 5Yrs,"₹ 1,00,073 Cr."
BPCL,CF Opr 7Yrs,"₹ 1,21,299 Cr."
BPCL,CF Opr 10Yrs,"₹ 1,62,201 Cr."
BPCL,CF Inv 10Yrs,"₹ -92,633 Cr."
BPCL,CF Inv 7Yrs,"₹ -57,590 Cr."
BPCL,CF Inv 5Yrs,"₹ -40,074 Cr."
BPCL,CF Inv 3Yrs,"₹ -26,465 Cr."
BPCL,Cash 3Years back,"₹ 8,110 Cr."
BPCL,Cash 5Years back,₹ 663 Cr.
BPCL,Cash 7Years back,"₹ 1,885 Cr."
BPCL,Market Cap,"₹ 1,42,585 Cr."
BPCL,Current Price,₹ 329
BPCL,High / Low,₹ 344 / 166
BPCL,Stock P/E,7.33
BPCL,Book Value,₹ 174
BPCL,Dividend Yield,6.41 %
BPCL,ROCE,32.1 %
BPCL,ROE,41.9 %
BPCL,Face Value,₹ 10.0
BPCL,No. Eq. Shares,434
BPCL,Book value,₹ 174
BPCL,Inven TO,9.30
BPCL,Quick ratio,0.28
BPCL,Exports percentage,0.00 %
BPCL,Piotroski score,8.00
BPCL,G Factor,7.00
BPCL,Asset Turnover,2.29
BPCL,Financial leverage,2.58
BPCL,No. of Share Holders,"10,39,006"
BPCL,Unpledged Prom Hold,53.0 %
BPCL,ROIC,29.5 %
BPCL,Debtor days,6.80
BPCL,Industry PBV,1.87
BPCL,Credit rating,
BPCL,WC Days,-1.92
BPCL,Earning Power,15.0 %
BPCL,Graham Number,₹ 415
BPCL,Cash Cycle,20.9
BPCL,Days Payable,27.5
BPCL,Days Receivable,6.80
BPCL,Inventory Days,41.6
BPCL,Public holding,9.73 %
BPCL,FII holding,15.0 %
BPCL,Chg in FII Hold,-1.75 %
BPCL,DII holding,21.3 %
BPCL,Chg in DII Hold,0.01 %
BPCL,B.V. Prev Ann,₹ 123
BPCL,ROCE Prev Yr,6.86 %
BPCL,ROA Prev Yr,1.78 %
BPCL,ROE Prev Ann,6.34 %
BPCL,No. of Share Holders Prev Qtr,"7,23,571"
BPCL,No. Eq. Shares 10 Yrs,434
BPCL,BV 3yrs back,₹ 123
BPCL,BV 5yrs back,₹ 84.2
BPCL,BV 10yrs back,₹ 52.0
BPCL,Inven TO 3Yr,7.76
BPCL,Inven TO 5Yr,11.3
BPCL,Inven TO 7Yr,9.33
BPCL,Inven TO 10Yr,10.8
BPCL,Export 3Yr,0.00 %
BPCL,Export 5Yr,0.00 %
BPCL,Div 5Yrs,"₹ 5,705 Cr."
BPCL,ROCE 3Yr,18.2 %
BPCL,ROCE 5Yr,16.2 %
BPCL,ROCE 7Yr,17.2 %
BPCL,ROCE 10Yr,18.7 %
BPCL,ROE 10Yr,24.2 %
BPCL,ROE 7Yr,23.2 %
BPCL,ROE 5Yr Var,15.2 %
BPCL,OPM 5Year,5.84 %
BPCL,OPM 10Year,5.80 %
BPCL,No. of Share Holders 1Yr,"8,16,721"
BPCL,Avg Div Payout 3Yrs,28.6 %
BPCL,Debtor days 3yrs,7.40
BPCL,Debtor days 3yrs back,12.4
BPCL,Debtor days 5yrs back,8.45
BPCL,ROA 5Yr,6.83 %
BPCL,ROA 3Yr,7.28 %
BPCL,Market Cap,"₹ 1,42,585 Cr."
BPCL,Current Price,₹ 329
BPCL,High / Low,₹ 344 / 166
BPCL,Stock P/E,7.33
BPCL,Book Value,₹ 174
BPCL,Dividend Yield,6.41 %
BPCL,ROCE,32.1 %
BPCL,ROE,41.9 %
BPCL,Face Value,₹ 10.0
BPCL,Avg Vol 1Mth,"1,56,74,147"
BPCL,Avg Vol 1Wk,"2,61,90,550"
BPCL,Volume,"3,27,78,754"
BPCL,High price,₹ 344
BPCL,Low price,₹ 166
BPCL,High price all time,₹ 344
BPCL,Low price all time,₹ 17.2
BPCL,Return over 1day,0.77 %
BPCL,Return over 1week,7.36 %
BPCL,Return over 1month,9.30 %
BPCL,DMA 50,₹ 307
BPCL,DMA 200,₹ 273
BPCL,DMA 50 previous day,₹ 306
BPCL,200 DMA prev.,₹ 273
BPCL,RSI,62.6
BPCL,MACD,2.43
BPCL,MACD Previous Day,1.10
BPCL,MACD Signal,0.67
BPCL,MACD Signal Prev,0.23
BPCL,Avg Vol 1Yr,"91,61,961"
BPCL,Return over 7years,4.62 %
BPCL,Return over 10years,13.0 %
BPCL,Market Cap,"₹ 1,42,433 Cr."
BPCL,Current Price,₹ 328
BPCL,High / Low,₹ 344 / 166
BPCL,Stock P/E,7.32
BPCL,Book Value,₹ 174
BPCL,Dividend Yield,6.42 %
BPCL,ROCE,32.1 %
BPCL,ROE,41.9 %
BPCL,Face Value,₹ 10.0
BPCL,WC to Sales,0.88 %
BPCL,QoQ Profits,-40.7 %
BPCL,QoQ Sales,-2.97 %
BPCL,Net worth,"₹ 75,635 Cr."
BPCL,Market Cap to Sales,0.32
BPCL,Interest Coverage,8.08
BPCL,EV / EBIT,6.30
BPCL,Debt Capacity,0.28
BPCL,Debt To Profit,2.03
BPCL,Capital Employed,"₹ 1,10,935 Cr."
BPCL,CROIC,11.3 %
BPCL,debtplus,0.88
BPCL,Leverage,₹ 2.58
BPCL,Dividend Payout,16.7 %
BPCL,Intrinsic Value,₹ 352
BPCL,CDL,-42.1 %
BPCL,Cash by market cap,0.03
BPCL,52w Index,91.2 %
BPCL,Down from 52w high,4.56 %
BPCL,Up from 52w low,98.1 %
BPCL,From 52w high,0.95
BPCL,Mkt Cap To Debt Cap,0.57
BPCL,Dividend Payout,16.7 %
BPCL,Graham,₹ 415
BPCL,Price to Cash Flow,3.96
BPCL,ROCE3yr avg,18.2 %
BPCL,PB X PE,14.0
BPCL,NCAVPS,₹ 9.06
BPCL,Mar Cap to CF,3.96
BPCL,Altman Z Score,4.38
BPCL,M.Cap / Qtr Profit,48.4
