Ticker,Label,Value
RBLBANK,Market Cap,"₹ 14,120 Cr."
RBLBANK,Current Price,₹ 233
RBLBANK,High / Low,₹ 301 / 209
RBLBANK,Stock P/E,10.9
RBLBANK,Book Value,₹ 245
RBLBANK,Dividend Yield,0.66 %
RBLBANK,ROCE,6.30 %
RBLBANK,ROE,8.88 %
RBLBANK,Face Value,₹ 10.0
RBLBANK,Sales,"₹ 13,035 Cr."
RBLBANK,OPM,38.2 %
RBLBANK,Profit after tax,"₹ 1,291 Cr."
RBLBANK,Mar Cap,"₹ 14,120 Cr."
RBLBANK,Sales Qtr,"₹ 3,497 Cr."
RBLBANK,PAT Qtr,₹ 351 Cr.
RBLBANK,Qtr Sales Var,22.5 %
RBLBANK,Qtr Profit Var,9.88 %
RBLBANK,Price to Earning,10.9
RBLBANK,Dividend yield,0.66 %
RBLBANK,Price to book value,0.93
RBLBANK,ROCE,6.30 %
RBLBANK,Return on assets,0.99 %
RBLBANK,Debt to equity,7.93
RBLBANK,Return on equity,8.88 %
RBLBANK,EPS,₹ 21.4
RBLBANK,Debt,"₹ 1,17,656 Cr."
RBLBANK,Promoter holding,0.00 %
RBLBANK,Change in Prom Hold,0.00 %
RBLBANK,Earnings yield,6.93 %
RBLBANK,Pledged percentage,0.00 %
RBLBANK,Industry PE,12.0
RBLBANK,Sales growth,26.8 %
RBLBANK,Profit growth,25.3 %
RBLBANK,Current Price,₹ 233
RBLBANK,Price to Sales,1.08
RBLBANK,CMP / FCF,-133
RBLBANK,EVEBITDA,14.4
RBLBANK,Enterprise Value,"₹ 1,17,353 Cr."
RBLBANK,Current ratio,3.99
RBLBANK,Int Coverage,1.21
RBLBANK,PEG Ratio,1.37
RBLBANK,Return over 3months,-13.3 %
RBLBANK,Return over 6months,-9.78 %
RBLBANK,No. Eq. Shares,60.6
RBLBANK,Sales growth 3Years,12.6 %
RBLBANK,Sales growth 5Years,14.5 %
RBLBANK,Profit Var 3Yrs,33.4 %
RBLBANK,Profit Var 5Yrs,7.98 %
RBLBANK,ROE 5Yr,5.03 %
RBLBANK,ROE 3Yr,5.06 %
RBLBANK,Return over 1year,-1.03 %
RBLBANK,Return over 3years,5.48 %
RBLBANK,Return over 5years,-12.8 %
RBLBANK,Market Cap,"₹ 14,130 Cr."
RBLBANK,Current Price,₹ 233
RBLBANK,High / Low,₹ 301 / 209
RBLBANK,Stock P/E,10.9
RBLBANK,Book Value,₹ 245
RBLBANK,Dividend Yield,0.66 %
RBLBANK,ROCE,6.30 %
RBLBANK,ROE,8.88 %
RBLBANK,Face Value,₹ 10.0
RBLBANK,Sales last year,"₹ 12,394 Cr."
RBLBANK,OP Ann,"₹ 4,873 Cr."
RBLBANK,Other Inc Ann,"₹ 3,060 Cr."
RBLBANK,EBIDT last year,"₹ 7,933 Cr."
RBLBANK,Dep Ann,₹ 235 Cr.
RBLBANK,EBIT last year,"₹ 7,698 Cr."
RBLBANK,Interest last year,"₹ 6,350 Cr."
RBLBANK,PBT Ann,"₹ 1,349 Cr."
RBLBANK,Tax last year,₹ 88.8 Cr.
RBLBANK,PAT Ann,"₹ 1,259 Cr."
RBLBANK,Extra Ord Item Ann,₹ 0.48 Cr.
RBLBANK,NP Ann,"₹ 1,260 Cr."
RBLBANK,Dividend last year,₹ 90.8 Cr.
RBLBANK,Raw Material,0.00 %
RBLBANK,Employee cost,"₹ 1,860 Cr."
RBLBANK,OPM last year,39.3 %
RBLBANK,NPM last year,10.2 %
RBLBANK,Operating profit,"₹ 4,978 Cr."
RBLBANK,Interest,"₹ 6,713 Cr."
RBLBANK,Depreciation,₹ 0.00 Cr.
RBLBANK,EPS last year,₹ 20.8
RBLBANK,EBIT,"₹ 8,119 Cr."
RBLBANK,Net profit,"₹ 1,291 Cr."
RBLBANK,Current Tax,₹ 114 Cr.
RBLBANK,Tax,₹ 114 Cr.
RBLBANK,Other income,"₹ 3,141 Cr."
RBLBANK,Ann Date,"2,02,403"
RBLBANK,Sales Prev Ann,"₹ 9,677 Cr."
RBLBANK,OP Prev Ann,"₹ 3,606 Cr."
RBLBANK,Other Inc Prev Ann,"₹ 2,507 Cr."
RBLBANK,EBIDT Prev Ann,"₹ 6,113 Cr."
RBLBANK,Dep Prev Ann,₹ 213 Cr.
RBLBANK,EBIT preceding year,"₹ 5,900 Cr."
RBLBANK,Interest Prev Ann,"₹ 4,679 Cr."
RBLBANK,PBT Prev Ann,"₹ 1,221 Cr."
RBLBANK,Tax preceding year,₹ 302 Cr.
RBLBANK,PAT Prev Ann,₹ 920 Cr.
RBLBANK,Extra Ord Prev Ann,₹ -0.38 Cr.
RBLBANK,NP Prev Ann,₹ 920 Cr.
RBLBANK,Dividend Prev Ann,₹ 89.9 Cr.
RBLBANK,OPM preceding year,37.3 %
RBLBANK,NPM preceding year,9.51 %
RBLBANK,EPS preceding year,₹ 15.3
RBLBANK,Sales Prev 12M,"₹ 12,394 Cr."
RBLBANK,Profit Prev 12M,"₹ 1,260 Cr."
RBLBANK,Med Sales Gwth 10Yrs,22.8 %
RBLBANK,Med Sales Gwth 5Yrs,14.6 %
RBLBANK,Sales growth 7Years,18.8 %
RBLBANK,Sales Var 10Yrs,%
RBLBANK,EBIDT growth 3Years,13.5 %
RBLBANK,EBIDT growth 5Years,8.88 %
RBLBANK,EBIDT growth 7Years,13.7 %
RBLBANK,EBIDT Var 10Yrs,%
RBLBANK,EPS growth 3Years,32.9 %
RBLBANK,EPS growth 5Years,0.70 %
RBLBANK,EPS growth 7Years,8.33 %
RBLBANK,EPS growth 10Years,%
RBLBANK,Profit Var 7Yrs,16.0 %
RBLBANK,Profit Var 10Yrs,%
RBLBANK,Chg in Prom Hold 3Yr,0.00 %
RBLBANK,Market Cap,"₹ 14,130 Cr."
RBLBANK,Current Price,₹ 233
RBLBANK,High / Low,₹ 301 / 209
RBLBANK,Stock P/E,10.9
RBLBANK,Book Value,₹ 245
RBLBANK,Dividend Yield,0.66 %
RBLBANK,ROCE,6.30 %
RBLBANK,ROE,8.88 %
RBLBANK,Face Value,₹ 10.0
RBLBANK,OP Qtr,"₹ 1,497 Cr."
RBLBANK,Other Inc Qtr,₹ 775 Cr.
RBLBANK,EBIDT Qtr,"₹ 2,272 Cr."
RBLBANK,Dep Qtr,₹ 0.00 Cr.
RBLBANK,EBIT latest quarter,"₹ 2,272 Cr."
RBLBANK,Interest Qtr,"₹ 1,796 Cr."
RBLBANK,PBT Qtr,₹ 475 Cr.
RBLBANK,Tax latest quarter,₹ 124 Cr.
RBLBANK,Extra Ord Item Qtr,₹ 0.00 Cr.
RBLBANK,NP Qtr,₹ 351 Cr.
RBLBANK,GPM latest quarter,100 %
RBLBANK,OPM latest quarter,42.8 %
RBLBANK,NPM latest quarter,10.0 %
RBLBANK,Eq Cap Qtr,₹ 606 Cr.
RBLBANK,EPS latest quarter,₹ 5.79
RBLBANK,OP 2Qtr Bk,"₹ 1,187 Cr."
RBLBANK,OP 3Qtr Bk,₹ 945 Cr.
RBLBANK,Sales 2Qtr Bk,"₹ 3,191 Cr."
RBLBANK,Sales 3Qtr Bk,"₹ 3,008 Cr."
RBLBANK,NP 2Qtr Bk,₹ 245 Cr.
RBLBANK,NP 3Qtr Bk,₹ 331 Cr.
RBLBANK,Opert Prft Gwth,30.3 %
RBLBANK,Last result date,"2,02,406"
RBLBANK,Exp Qtr Sales Var,26.9 %
RBLBANK,Exp Qtr Sales,"₹ 3,816 Cr."
RBLBANK,Exp Qtr OP,"₹ 1,365 Cr."
RBLBANK,Exp Qtr NP,₹ -432 Cr.
RBLBANK,Exp Qtr EPS,₹ -7.13
RBLBANK,Sales Prev Qtr,"₹ 3,339 Cr."
RBLBANK,OP Prev Qtr,"₹ 1,349 Cr."
RBLBANK,Other Inc Prev Qtr,₹ 876 Cr.
RBLBANK,EBIDT Prev Qtr,"₹ 2,225 Cr."
RBLBANK,Dep Prev Qtr,₹ 0.00 Cr.
RBLBANK,EBIT Prev Qtr,"₹ 2,225 Cr."
RBLBANK,Interest Prev Qtr,"₹ 1,739 Cr."
RBLBANK,PBT Prev Qtr,₹ 486 Cr.
RBLBANK,Tax Prev Qtr,₹ 121 Cr.
RBLBANK,PAT Prev Qtr,₹ 364 Cr.
RBLBANK,Extra Ord Prev Qtr,₹ 0.00 Cr.
RBLBANK,NP Prev Qtr,₹ 364 Cr.
RBLBANK,OPM Prev Qtr,40.4 %
RBLBANK,NPM Prev Qtr,10.9 %
RBLBANK,Eq Cap Prev Qtr,₹ Cr.
RBLBANK,EPS Prev Qtr,₹ 6.02
RBLBANK,Sales PY Qtr,"₹ 2,855 Cr."
RBLBANK,OP PY Qtr,"₹ 1,158 Cr."
RBLBANK,Other Inc PY Qtr,₹ 694 Cr.
RBLBANK,EBIDT PY Qtr,"₹ 1,852 Cr."
RBLBANK,Dep PY Qtr,₹ 0.00 Cr.
RBLBANK,EBIT PY Qtr,"₹ 1,852 Cr."
RBLBANK,Interest PY Qtr,"₹ 1,434 Cr."
RBLBANK,PBT PY Qtr,₹ 418 Cr.
RBLBANK,Tax PY Qtr,₹ 98.7 Cr.
RBLBANK,Market Cap,"₹ 14,130 Cr."
RBLBANK,Current Price,₹ 233
RBLBANK,High / Low,₹ 301 / 209
RBLBANK,Stock P/E,10.9
RBLBANK,Book Value,₹ 245
RBLBANK,Dividend Yield,0.66 %
RBLBANK,ROCE,6.30 %
RBLBANK,ROE,8.88 %
RBLBANK,Face Value,₹ 10.0
RBLBANK,Equity capital,₹ 605 Cr.
RBLBANK,Preference capital,₹ 0.00 Cr.
RBLBANK,Reserves,"₹ 14,232 Cr."
RBLBANK,Secured loan,"₹ 14,185 Cr."
RBLBANK,Unsecured loan,"₹ 1,03,470 Cr."
RBLBANK,Balance sheet total,"₹ 1,38,454 Cr."
RBLBANK,Gross block,"₹ 1,722 Cr."
RBLBANK,Revaluation reserve,₹ 0.50 Cr.
RBLBANK,Accum Dep,"₹ 1,131 Cr."
RBLBANK,Net block,₹ 591 Cr.
RBLBANK,CWIP,₹ 7.33 Cr.
RBLBANK,Investments,"₹ 29,478 Cr."
RBLBANK,Current assets,"₹ 23,809 Cr."
RBLBANK,Current liabilities,"₹ 5,961 Cr."
RBLBANK,BV Unq Invest,₹ 183 Cr.
RBLBANK,MV Quoted Inv,₹ 0.00 Cr.
RBLBANK,Cont Liab,"₹ 97,213 Cr."
RBLBANK,Total Assets,"₹ 1,38,454 Cr."
RBLBANK,Working capital,"₹ 17,849 Cr."
RBLBANK,Lease liabilities,₹ 0.00 Cr.
RBLBANK,Inventory,₹ 0.00 Cr.
RBLBANK,Trade receivables,₹ 0.00 Cr.
RBLBANK,Face value,₹ 10.0
RBLBANK,Cash Equivalents,"₹ 14,423 Cr."
RBLBANK,Adv Cust,₹ 0.00 Cr.
RBLBANK,Trade Payables,₹ 722 Cr.
RBLBANK,No. Eq. Shares PY,60.0
RBLBANK,Debt preceding year,"₹ 98,206 Cr."
RBLBANK,Work Cap PY,"₹ 11,611 Cr."
RBLBANK,Net Block PY,₹ 594 Cr.
RBLBANK,Gross Block PY,"₹ 1,574 Cr."
RBLBANK,CWIP PY,₹ 45.3 Cr.
RBLBANK,Work Cap 3Yr,"₹ 14,301 Cr."
RBLBANK,Work Cap 5Yr,"₹ 6,005 Cr."
RBLBANK,Work Cap 7Yr,"₹ 3,625 Cr."
RBLBANK,Work Cap 10Yr,₹ Cr.
RBLBANK,Debt 3Years back,"₹ 84,281 Cr."
RBLBANK,Debt 5Years back,"₹ 70,190 Cr."
RBLBANK,Debt 7Years back,"₹ 42,568 Cr."
RBLBANK,Debt 10Years back,₹ Cr.
RBLBANK,Net Block 3Yrs Back,₹ 511 Cr.
RBLBANK,Net Block 5Yrs Back,₹ 416 Cr.
RBLBANK,Net Block 7Yrs Back,₹ 224 Cr.
RBLBANK,Market Cap,"₹ 14,130 Cr."
RBLBANK,Current Price,₹ 233
RBLBANK,High / Low,₹ 301 / 209
RBLBANK,Stock P/E,10.9
RBLBANK,Book Value,₹ 245
RBLBANK,Dividend Yield,0.66 %
RBLBANK,ROCE,6.30 %
RBLBANK,ROE,8.88 %
RBLBANK,Face Value,₹ 10.0
RBLBANK,CF Operations,"₹ 4,955 Cr."
RBLBANK,Free Cash Flow,"₹ 4,762 Cr."
RBLBANK,CF Investing,₹ -193 Cr.
RBLBANK,CF Financing,₹ 843 Cr.
RBLBANK,Net CF,"₹ 5,604 Cr."
RBLBANK,Cash Beginning,"₹ 8,522 Cr."
RBLBANK,Cash End,"₹ 14,423 Cr."
RBLBANK,FCF Prev Ann,"₹ -11,265 Cr."
RBLBANK,CF Operations PY,"₹ -11,031 Cr."
RBLBANK,CF Investing PY,₹ -234 Cr.
RBLBANK,CF Financing PY,"₹ 2,235 Cr."
RBLBANK,Net CF PY,"₹ -9,030 Cr."
RBLBANK,Cash Beginning PY,"₹ 17,552 Cr."
RBLBANK,Cash End PY,"₹ 8,527 Cr."
RBLBANK,Free Cash Flow 3Yrs,₹ -318 Cr.
RBLBANK,Free Cash Flow 5Yrs,"₹ 1,744 Cr."
RBLBANK,Free Cash Flow 7Yrs,"₹ -1,101 Cr."
RBLBANK,Free Cash Flow 10Yrs,₹ Cr.
RBLBANK,CF Opr 3Yrs,₹ 373 Cr.
RBLBANK,CF Opr 5Yrs,"₹ 2,832 Cr."
RBLBANK,CF Opr 7Yrs,₹ 354 Cr.
RBLBANK,CF Opr 10Yrs,₹ Cr.
RBLBANK,CF Inv 10Yrs,₹ Cr.
RBLBANK,CF Inv 7Yrs,"₹ -1,455 Cr."
RBLBANK,CF Inv 5Yrs,"₹ -1,088 Cr."
RBLBANK,CF Inv 3Yrs,₹ -691 Cr.
RBLBANK,Cash 3Years back,"₹ 13,443 Cr."
RBLBANK,Cash 5Years back,"₹ 6,649 Cr."
RBLBANK,Cash 7Years back,"₹ 4,194 Cr."
RBLBANK,Market Cap,"₹ 14,130 Cr."
RBLBANK,Current Price,₹ 233
RBLBANK,High / Low,₹ 301 / 209
RBLBANK,Stock P/E,10.9
RBLBANK,Book Value,₹ 245
RBLBANK,Dividend Yield,0.66 %
RBLBANK,ROCE,6.30 %
RBLBANK,ROE,8.88 %
RBLBANK,Face Value,₹ 10.0
RBLBANK,No. Eq. Shares,60.6
RBLBANK,Book value,₹ 245
RBLBANK,Inven TO,
RBLBANK,Quick ratio,3.99
RBLBANK,Exports percentage,0.00 %
RBLBANK,Piotroski score,7.00
RBLBANK,G Factor,4.00
RBLBANK,Asset Turnover,0.10
RBLBANK,Financial leverage,8.57
RBLBANK,No. of Share Holders,"3,64,380"
RBLBANK,Unpledged Prom Hold,0.00 %
RBLBANK,ROIC,6.30 %
RBLBANK,Debtor days,0.00
RBLBANK,Industry PBV,1.87
RBLBANK,Credit rating,
RBLBANK,WC Days,101
RBLBANK,Earning Power,5.86 %
RBLBANK,Graham Number,₹ 343
RBLBANK,Cash Cycle,0.00
RBLBANK,Days Payable,
RBLBANK,Days Receivable,0.00
RBLBANK,Inventory Days,
RBLBANK,Public holding,50.8 %
RBLBANK,FII holding,28.5 %
RBLBANK,Chg in FII Hold,3.33 %
RBLBANK,DII holding,20.3 %
RBLBANK,Chg in DII Hold,0.16 %
RBLBANK,B.V. Prev Ann,₹ 226
RBLBANK,ROCE Prev Yr,5.50 %
RBLBANK,ROA Prev Yr,0.83 %
RBLBANK,ROE Prev Ann,7.06 %
RBLBANK,No. of Share Holders Prev Qtr,"3,58,110"
RBLBANK,No. Eq. Shares 10 Yrs,
RBLBANK,BV 3yrs back,₹ 212
RBLBANK,BV 5yrs back,₹ 208
RBLBANK,BV 10yrs back,₹
RBLBANK,Inven TO 3Yr,
RBLBANK,Inven TO 5Yr,
RBLBANK,Inven TO 7Yr,
RBLBANK,Inven TO 10Yr,
RBLBANK,Export 3Yr,0.00 %
RBLBANK,Export 5Yr,0.00 %
RBLBANK,Div 5Yrs,₹ 51.4 Cr.
RBLBANK,ROCE 3Yr,5.25 %
RBLBANK,ROCE 5Yr,5.69 %
RBLBANK,ROCE 7Yr,6.11 %
RBLBANK,ROCE 10Yr,6.11 %
RBLBANK,ROE 10Yr,%
RBLBANK,ROE 7Yr,6.20 %
RBLBANK,ROE 5Yr Var,-5.95 %
RBLBANK,OPM 5Year,36.8 %
RBLBANK,OPM 10Year,%
RBLBANK,No. of Share Holders 1Yr,"3,79,536"
RBLBANK,Avg Div Payout 3Yrs,5.66 %
RBLBANK,Debtor days 3yrs,0.00
RBLBANK,Debtor days 3yrs back,0.00
RBLBANK,Debtor days 5yrs back,0.00
RBLBANK,ROA 5Yr,0.56 %
RBLBANK,ROA 3Yr,0.55 %
RBLBANK,Market Cap,"₹ 14,130 Cr."
RBLBANK,Current Price,₹ 233
RBLBANK,High / Low,₹ 301 / 209
RBLBANK,Stock P/E,10.9
RBLBANK,Book Value,₹ 245
RBLBANK,Dividend Yield,0.66 %
RBLBANK,ROCE,6.30 %
RBLBANK,ROE,8.88 %
RBLBANK,Face Value,₹ 10.0
RBLBANK,Avg Vol 1Mth,"1,00,48,845"
RBLBANK,Avg Vol 1Wk,"2,54,24,167"
RBLBANK,Volume,"7,82,04,520"
RBLBANK,High price,₹ 301
RBLBANK,Low price,₹ 209
RBLBANK,High price all time,₹ 717
RBLBANK,Low price all time,₹ 74.2
RBLBANK,Return over 1day,1.13 %
RBLBANK,Return over 1week,-4.22 %
RBLBANK,Return over 1month,-10.6 %
RBLBANK,DMA 50,₹ 251
RBLBANK,DMA 200,₹ 245
RBLBANK,DMA 50 previous day,₹ 251
RBLBANK,200 DMA prev.,₹ 245
RBLBANK,RSI,33.0
RBLBANK,MACD,-5.51
RBLBANK,MACD Previous Day,-4.73
RBLBANK,MACD Signal,-3.43
RBLBANK,MACD Signal Prev,-2.91
RBLBANK,Avg Vol 1Yr,"1,01,88,887"
RBLBANK,Return over 7years,-11.3 %
RBLBANK,Return over 10years,%
RBLBANK,Market Cap,"₹ 14,130 Cr."
RBLBANK,Current Price,₹ 233
RBLBANK,High / Low,₹ 301 / 209
RBLBANK,Stock P/E,10.9
RBLBANK,Book Value,₹ 245
RBLBANK,Dividend Yield,0.66 %
RBLBANK,ROCE,6.30 %
RBLBANK,ROE,8.88 %
RBLBANK,Face Value,₹ 10.0
RBLBANK,WC to Sales,137 %
RBLBANK,QoQ Profits,-3.67 %
RBLBANK,QoQ Sales,4.72 %
RBLBANK,Net worth,"₹ 14,837 Cr."
RBLBANK,Market Cap to Sales,1.08
RBLBANK,Interest Coverage,1.21
RBLBANK,EV / EBIT,14.5
RBLBANK,Debt Capacity,-5.10
RBLBANK,Debt To Profit,93.4
RBLBANK,Capital Employed,"₹ 18,447 Cr."
RBLBANK,CROIC,-0.09 %
RBLBANK,debtplus,14.4
RBLBANK,Leverage,₹ 8.57
RBLBANK,Dividend Payout,7.20 %
RBLBANK,Intrinsic Value,₹ 339
RBLBANK,CDL,"-1,419 %"
RBLBANK,Cash by market cap,0.81
RBLBANK,52w Index,26.1 %
RBLBANK,Down from 52w high,22.5 %
RBLBANK,Up from 52w low,11.5 %
RBLBANK,From 52w high,0.77
RBLBANK,Mkt Cap To Debt Cap,2.00
RBLBANK,Dividend Payout,7.20 %
RBLBANK,Graham,₹ 343
RBLBANK,Price to Cash Flow,2.85
RBLBANK,ROCE3yr avg,5.25 %
RBLBANK,PB X PE,10.2
RBLBANK,NCAVPS,₹ 294
RBLBANK,Mar Cap to CF,2.85
RBLBANK,Altman Z Score,0.76
RBLBANK,M.Cap / Qtr Profit,40.2
