Ticker,Label,Value
UNIONBANK,Market Cap,"₹ 1,01,107 Cr."
UNIONBANK,Current Price,₹ 132
UNIONBANK,High / Low,₹ 172 / 84.8
UNIONBANK,Stock P/E,7.17
UNIONBANK,Book Value,₹ 128
UNIONBANK,Dividend Yield,2.70 %
UNIONBANK,ROCE,6.55 %
UNIONBANK,ROE,15.6 %
UNIONBANK,Face Value,₹ 10.0
UNIONBANK,Sales,"₹ 1,03,289 Cr."
UNIONBANK,OPM,66.4 %
UNIONBANK,Profit after tax,"₹ 14,167 Cr."
UNIONBANK,Mar Cap,"₹ 1,01,107 Cr."
UNIONBANK,Sales Qtr,"₹ 26,527 Cr."
UNIONBANK,PAT Qtr,"₹ 3,642 Cr."
UNIONBANK,Qtr Sales Var,12.3 %
UNIONBANK,Qtr Profit Var,11.3 %
UNIONBANK,Price to Earning,7.17
UNIONBANK,Dividend yield,2.70 %
UNIONBANK,Price to book value,1.02
UNIONBANK,ROCE,6.55 %
UNIONBANK,Return on assets,1.03 %
UNIONBANK,Debt to equity,12.8
UNIONBANK,Return on equity,15.6 %
UNIONBANK,EPS,₹ 18.8
UNIONBANK,Debt,"₹ 12,51,568 Cr."
UNIONBANK,Promoter holding,74.8 %
UNIONBANK,Change in Prom Hold,0.00 %
UNIONBANK,Earnings yield,7.06 %
UNIONBANK,Pledged percentage,0.00 %
UNIONBANK,Industry PE,9.46
UNIONBANK,Sales growth,19.4 %
UNIONBANK,Profit growth,38.9 %
UNIONBANK,Current Price,₹ 132
UNIONBANK,Price to Sales,0.98
UNIONBANK,CMP / FCF,5.21
UNIONBANK,EVEBITDA,14.2
UNIONBANK,Enterprise Value,"₹ 12,33,029 Cr."
UNIONBANK,Current ratio,3.24
UNIONBANK,Int Coverage,1.32
UNIONBANK,PEG Ratio,0.15
UNIONBANK,Return over 3months,-12.5 %
UNIONBANK,Return over 6months,-5.93 %
UNIONBANK,No. Eq. Shares,763
UNIONBANK,Sales growth 3Years,13.1 %
UNIONBANK,Sales growth 5Years,24.0 %
UNIONBANK,Profit Var 3Yrs,69.3 %
UNIONBANK,Profit Var 5Yrs,46.4 %
UNIONBANK,ROE 5Yr,8.79 %
UNIONBANK,ROE 3Yr,12.0 %
UNIONBANK,Return over 1year,43.4 %
UNIONBANK,Return over 3years,54.3 %
UNIONBANK,Return over 5years,13.5 %
UNIONBANK,Market Cap,"₹ 1,01,107 Cr."
UNIONBANK,Current Price,₹ 132
UNIONBANK,High / Low,₹ 172 / 84.8
UNIONBANK,Stock P/E,7.17
UNIONBANK,Book Value,₹ 128
UNIONBANK,Dividend Yield,2.70 %
UNIONBANK,ROCE,6.55 %
UNIONBANK,ROE,15.6 %
UNIONBANK,Face Value,₹ 10.0
UNIONBANK,Sales last year,"₹ 1,00,376 Cr."
UNIONBANK,OP Ann,"₹ 67,955 Cr."
UNIONBANK,Other Inc Ann,"₹ 17,813 Cr."
UNIONBANK,EBIDT last year,"₹ 85,766 Cr."
UNIONBANK,Dep Ann,₹ 896 Cr.
UNIONBANK,EBIT last year,"₹ 84,870 Cr."
UNIONBANK,Interest last year,"₹ 63,364 Cr."
UNIONBANK,PBT Ann,"₹ 21,508 Cr."
UNIONBANK,Tax last year,"₹ 7,799 Cr."
UNIONBANK,PAT Ann,"₹ 13,796 Cr."
UNIONBANK,Extra Ord Item Ann,₹ 2.17 Cr.
UNIONBANK,NP Ann,"₹ 13,797 Cr."
UNIONBANK,Dividend last year,"₹ 2,748 Cr."
UNIONBANK,Raw Material,0.00 %
UNIONBANK,Employee cost,"₹ 14,600 Cr."
UNIONBANK,OPM last year,67.7 %
UNIONBANK,NPM last year,13.7 %
UNIONBANK,Operating profit,"₹ 68,584 Cr."
UNIONBANK,Interest,"₹ 65,703 Cr."
UNIONBANK,Depreciation,₹ 0.00 Cr.
UNIONBANK,EPS last year,₹ 18.1
UNIONBANK,EBIT,"₹ 86,986 Cr."
UNIONBANK,Net profit,"₹ 14,167 Cr."
UNIONBANK,Current Tax,"₹ 7,213 Cr."
UNIONBANK,Tax,"₹ 7,213 Cr."
UNIONBANK,Other income,"₹ 18,402 Cr."
UNIONBANK,Ann Date,"2,02,403"
UNIONBANK,Sales Prev Ann,"₹ 81,163 Cr."
UNIONBANK,OP Prev Ann,"₹ 45,009 Cr."
UNIONBANK,Other Inc Prev Ann,"₹ 15,915 Cr."
UNIONBANK,EBIDT Prev Ann,"₹ 60,925 Cr."
UNIONBANK,Dep Prev Ann,₹ 745 Cr.
UNIONBANK,EBIT preceding year,"₹ 60,181 Cr."
UNIONBANK,Interest Prev Ann,"₹ 48,033 Cr."
UNIONBANK,PBT Prev Ann,"₹ 12,147 Cr."
UNIONBANK,Tax preceding year,"₹ 3,716 Cr."
UNIONBANK,PAT Prev Ann,"₹ 8,513 Cr."
UNIONBANK,Extra Ord Prev Ann,₹ -1.49 Cr.
UNIONBANK,NP Prev Ann,"₹ 8,512 Cr."
UNIONBANK,Dividend Prev Ann,"₹ 2,050 Cr."
UNIONBANK,OPM preceding year,55.4 %
UNIONBANK,NPM preceding year,10.5 %
UNIONBANK,EPS preceding year,₹ 12.4
UNIONBANK,Sales Prev 12M,"₹ 1,00,376 Cr."
UNIONBANK,Profit Prev 12M,"₹ 13,797 Cr."
UNIONBANK,Med Sales Gwth 10Yrs,4.13 %
UNIONBANK,Med Sales Gwth 5Yrs,19.0 %
UNIONBANK,Sales growth 7Years,17.3 %
UNIONBANK,Sales Var 10Yrs,13.1 %
UNIONBANK,EBIDT growth 3Years,21.9 %
UNIONBANK,EBIDT growth 5Years,33.4 %
UNIONBANK,EBIDT growth 7Years,19.7 %
UNIONBANK,EBIDT Var 10Yrs,13.7 %
UNIONBANK,EPS growth 3Years,59.7 %
UNIONBANK,EPS growth 5Years,25.3 %
UNIONBANK,EPS growth 7Years,12.4 %
UNIONBANK,EPS growth 10Years,-3.78 %
UNIONBANK,Profit Var 7Yrs,58.6 %
UNIONBANK,Profit Var 10Yrs,23.5 %
UNIONBANK,Chg in Prom Hold 3Yr,-8.73 %
UNIONBANK,Market Cap,"₹ 1,01,107 Cr."
UNIONBANK,Current Price,₹ 132
UNIONBANK,High / Low,₹ 172 / 84.8
UNIONBANK,Stock P/E,7.17
UNIONBANK,Book Value,₹ 128
UNIONBANK,Dividend Yield,2.70 %
UNIONBANK,ROCE,6.55 %
UNIONBANK,ROE,15.6 %
UNIONBANK,Face Value,₹ 10.0
UNIONBANK,OP Qtr,"₹ 17,160 Cr."
UNIONBANK,Other Inc Qtr,"₹ 4,799 Cr."
UNIONBANK,EBIDT Qtr,"₹ 21,958 Cr."
UNIONBANK,Dep Qtr,₹ 0.00 Cr.
UNIONBANK,EBIT latest quarter,"₹ 21,958 Cr."
UNIONBANK,Interest Qtr,"₹ 17,004 Cr."
UNIONBANK,PBT Qtr,"₹ 4,954 Cr."
UNIONBANK,Tax latest quarter,"₹ 1,354 Cr."
UNIONBANK,Extra Ord Item Qtr,₹ 0.00 Cr.
UNIONBANK,NP Qtr,"₹ 3,642 Cr."
UNIONBANK,GPM latest quarter,100 %
UNIONBANK,OPM latest quarter,64.7 %
UNIONBANK,NPM latest quarter,13.7 %
UNIONBANK,Eq Cap Qtr,"₹ 7,634 Cr."
UNIONBANK,EPS latest quarter,₹ 4.77
UNIONBANK,OP 2Qtr Bk,"₹ 17,509 Cr."
UNIONBANK,OP 3Qtr Bk,"₹ 16,770 Cr."
UNIONBANK,Sales 2Qtr Bk,"₹ 25,521 Cr."
UNIONBANK,Sales 3Qtr Bk,"₹ 24,732 Cr."
UNIONBANK,NP 2Qtr Bk,"₹ 3,625 Cr."
UNIONBANK,NP 3Qtr Bk,"₹ 3,572 Cr."
UNIONBANK,Opert Prft Gwth,36.9 %
UNIONBANK,Last result date,"2,02,406"
UNIONBANK,Exp Qtr Sales Var,19.6 %
UNIONBANK,Exp Qtr Sales,"₹ 29,571 Cr."
UNIONBANK,Exp Qtr OP,"₹ 19,782 Cr."
UNIONBANK,Exp Qtr NP,"₹ 2,769 Cr."
UNIONBANK,Exp Qtr EPS,₹ 3.63
UNIONBANK,Sales Prev Qtr,"₹ 26,510 Cr."
UNIONBANK,OP Prev Qtr,"₹ 17,145 Cr."
UNIONBANK,Other Inc Prev Qtr,"₹ 5,102 Cr."
UNIONBANK,EBIDT Prev Qtr,"₹ 22,247 Cr."
UNIONBANK,Dep Prev Qtr,₹ 0.00 Cr.
UNIONBANK,EBIT Prev Qtr,"₹ 22,247 Cr."
UNIONBANK,Interest Prev Qtr,"₹ 16,966 Cr."
UNIONBANK,PBT Prev Qtr,"₹ 5,281 Cr."
UNIONBANK,Tax Prev Qtr,"₹ 1,971 Cr."
UNIONBANK,PAT Prev Qtr,"₹ 3,328 Cr."
UNIONBANK,Extra Ord Prev Qtr,₹ 0.00 Cr.
UNIONBANK,NP Prev Qtr,"₹ 3,328 Cr."
UNIONBANK,OPM Prev Qtr,64.7 %
UNIONBANK,NPM Prev Qtr,12.6 %
UNIONBANK,Eq Cap Prev Qtr,₹ Cr.
UNIONBANK,EPS Prev Qtr,₹ 4.36
UNIONBANK,Sales PY Qtr,"₹ 23,613 Cr."
UNIONBANK,OP PY Qtr,"₹ 15,636 Cr."
UNIONBANK,Other Inc PY Qtr,"₹ 4,209 Cr."
UNIONBANK,EBIDT PY Qtr,"₹ 19,845 Cr."
UNIONBANK,Dep PY Qtr,₹ 0.00 Cr.
UNIONBANK,EBIT PY Qtr,"₹ 19,845 Cr."
UNIONBANK,Interest PY Qtr,"₹ 14,664 Cr."
UNIONBANK,PBT PY Qtr,"₹ 5,180 Cr."
UNIONBANK,Tax PY Qtr,"₹ 1,940 Cr."
UNIONBANK,Market Cap,"₹ 1,01,107 Cr."
UNIONBANK,Current Price,₹ 132
UNIONBANK,High / Low,₹ 172 / 84.8
UNIONBANK,Stock P/E,7.17
UNIONBANK,Book Value,₹ 128
UNIONBANK,Dividend Yield,2.70 %
UNIONBANK,ROCE,6.55 %
UNIONBANK,ROE,15.6 %
UNIONBANK,Face Value,₹ 10.0
UNIONBANK,Equity capital,"₹ 7,634 Cr."
UNIONBANK,Preference capital,₹ 0.00 Cr.
UNIONBANK,Reserves,"₹ 89,964 Cr."
UNIONBANK,Secured loan,"₹ 26,974 Cr."
UNIONBANK,Unsecured loan,"₹ 12,24,593 Cr."
UNIONBANK,Balance sheet total,"₹ 14,01,996 Cr."
UNIONBANK,Gross block,"₹ 19,621 Cr."
UNIONBANK,Revaluation reserve,"₹ 5,644 Cr."
UNIONBANK,Accum Dep,"₹ 10,397 Cr."
UNIONBANK,Net block,"₹ 9,224 Cr."
UNIONBANK,CWIP,₹ 35.9 Cr.
UNIONBANK,Investments,"₹ 3,43,953 Cr."
UNIONBANK,Current assets,"₹ 1,70,990 Cr."
UNIONBANK,Current liabilities,"₹ 52,831 Cr."
UNIONBANK,BV Unq Invest,"₹ 3,166 Cr."
UNIONBANK,MV Quoted Inv,₹ 0.00 Cr.
UNIONBANK,Cont Liab,"₹ 6,33,499 Cr."
UNIONBANK,Total Assets,"₹ 14,01,996 Cr."
UNIONBANK,Working capital,"₹ 1,18,159 Cr."
UNIONBANK,Lease liabilities,₹ 0.00 Cr.
UNIONBANK,Inventory,₹ 0.00 Cr.
UNIONBANK,Trade receivables,₹ 0.00 Cr.
UNIONBANK,Face value,₹ 10.0
UNIONBANK,Cash Equivalents,"₹ 1,19,646 Cr."
UNIONBANK,Adv Cust,₹ 0.00 Cr.
UNIONBANK,Trade Payables,"₹ 2,641 Cr."
UNIONBANK,No. Eq. Shares PY,683
UNIONBANK,Debt preceding year,"₹ 11,63,059 Cr."
UNIONBANK,Work Cap PY,"₹ 1,16,348 Cr."
UNIONBANK,Net Block PY,"₹ 8,826 Cr."
UNIONBANK,Gross Block PY,"₹ 18,681 Cr."
UNIONBANK,CWIP PY,₹ 22.2 Cr.
UNIONBANK,Work Cap 3Yr,"₹ 86,894 Cr."
UNIONBANK,Work Cap 5Yr,"₹ 51,469 Cr."
UNIONBANK,Work Cap 7Yr,"₹ 34,908 Cr."
UNIONBANK,Work Cap 10Yr,"₹ 20,045 Cr."
UNIONBANK,Debt 3Years back,"₹ 9,77,576 Cr."
UNIONBANK,Debt 5Years back,"₹ 4,60,780 Cr."
UNIONBANK,Debt 7Years back,"₹ 4,18,420 Cr."
UNIONBANK,Debt 10Years back,"₹ 3,27,078 Cr."
UNIONBANK,Net Block 3Yrs Back,"₹ 7,303 Cr."
UNIONBANK,Net Block 5Yrs Back,"₹ 3,743 Cr."
UNIONBANK,Net Block 7Yrs Back,"₹ 3,896 Cr."
UNIONBANK,Market Cap,"₹ 1,01,107 Cr."
UNIONBANK,Current Price,₹ 132
UNIONBANK,High / Low,₹ 172 / 84.8
UNIONBANK,Stock P/E,7.17
UNIONBANK,Book Value,₹ 128
UNIONBANK,Dividend Yield,2.70 %
UNIONBANK,ROCE,6.55 %
UNIONBANK,ROE,15.6 %
UNIONBANK,Face Value,₹ 10.0
UNIONBANK,CF Operations,"₹ 19,930 Cr."
UNIONBANK,Free Cash Flow,"₹ 18,624 Cr."
UNIONBANK,CF Investing,"₹ -1,394 Cr."
UNIONBANK,CF Financing,"₹ -11,489 Cr."
UNIONBANK,Net CF,"₹ 7,047 Cr."
UNIONBANK,Cash Beginning,"₹ 1,12,599 Cr."
UNIONBANK,Cash End,"₹ 1,19,646 Cr."
UNIONBANK,FCF Prev Ann,"₹ 3,673 Cr."
UNIONBANK,CF Operations PY,"₹ 6,056 Cr."
UNIONBANK,CF Investing PY,"₹ -2,561 Cr."
UNIONBANK,CF Financing PY,"₹ -10,654 Cr."
UNIONBANK,Net CF PY,"₹ -7,159 Cr."
UNIONBANK,Cash Beginning PY,"₹ 1,19,758 Cr."
UNIONBANK,Cash End PY,"₹ 1,12,599 Cr."
UNIONBANK,Free Cash Flow 3Yrs,"₹ 58,194 Cr."
UNIONBANK,Free Cash Flow 5Yrs,"₹ 78,040 Cr."
UNIONBANK,Free Cash Flow 7Yrs,"₹ 75,747 Cr."
UNIONBANK,Free Cash Flow 10Yrs,"₹ 64,999 Cr."
UNIONBANK,CF Opr 3Yrs,"₹ 62,324 Cr."
UNIONBANK,CF Opr 5Yrs,"₹ 82,775 Cr."
UNIONBANK,CF Opr 7Yrs,"₹ 81,094 Cr."
UNIONBANK,CF Opr 10Yrs,"₹ 70,983 Cr."
UNIONBANK,CF Inv 10Yrs,"₹ -6,336 Cr."
UNIONBANK,CF Inv 7Yrs,"₹ -5,729 Cr."
UNIONBANK,CF Inv 5Yrs,"₹ -5,117 Cr."
UNIONBANK,CF Inv 3Yrs,"₹ -4,513 Cr."
UNIONBANK,Cash 3Years back,"₹ 84,763 Cr."
UNIONBANK,Cash 5Years back,"₹ 43,163 Cr."
UNIONBANK,Cash 7Years back,"₹ 32,906 Cr."
UNIONBANK,Market Cap,"₹ 1,01,107 Cr."
UNIONBANK,Current Price,₹ 132
UNIONBANK,High / Low,₹ 172 / 84.8
UNIONBANK,Stock P/E,7.17
UNIONBANK,Book Value,₹ 128
UNIONBANK,Dividend Yield,2.70 %
UNIONBANK,ROCE,6.55 %
UNIONBANK,ROE,15.6 %
UNIONBANK,Face Value,₹ 10.0
UNIONBANK,No. Eq. Shares,763
UNIONBANK,Book value,₹ 128
UNIONBANK,Inven TO,
UNIONBANK,Quick ratio,3.24
UNIONBANK,Exports percentage,0.00 %
UNIONBANK,Piotroski score,7.00
UNIONBANK,G Factor,7.00
UNIONBANK,Asset Turnover,0.07
UNIONBANK,Financial leverage,13.8
UNIONBANK,No. of Share Holders,"9,84,229"
UNIONBANK,Unpledged Prom Hold,74.8 %
UNIONBANK,ROIC,6.55 %
UNIONBANK,Debtor days,0.00
UNIONBANK,Industry PBV,1.03
UNIONBANK,Credit rating,
UNIONBANK,WC Days,-5.41
UNIONBANK,Earning Power,6.20 %
UNIONBANK,Graham Number,₹ 233
UNIONBANK,Cash Cycle,0.00
UNIONBANK,Days Payable,
UNIONBANK,Days Receivable,0.00
UNIONBANK,Inventory Days,
UNIONBANK,Public holding,6.50 %
UNIONBANK,FII holding,7.37 %
UNIONBANK,Chg in FII Hold,0.62 %
UNIONBANK,DII holding,11.4 %
UNIONBANK,Chg in DII Hold,-0.86 %
UNIONBANK,B.V. Prev Ann,₹ 115
UNIONBANK,ROCE Prev Yr,5.02 %
UNIONBANK,ROA Prev Yr,0.69 %
UNIONBANK,ROE Prev Ann,11.4 %
UNIONBANK,No. of Share Holders Prev Qtr,"9,14,940"
UNIONBANK,No. Eq. Shares 10 Yrs,63.6
UNIONBANK,BV 3yrs back,₹ 101
UNIONBANK,BV 5yrs back,₹ 99.3
UNIONBANK,BV 10yrs back,₹ 313
UNIONBANK,Inven TO 3Yr,
UNIONBANK,Inven TO 5Yr,
UNIONBANK,Inven TO 7Yr,
UNIONBANK,Inven TO 10Yr,
UNIONBANK,Export 3Yr,0.00 %
UNIONBANK,Export 5Yr,0.00 %
UNIONBANK,Div 5Yrs,"₹ 1,219 Cr."
UNIONBANK,ROCE 3Yr,5.33 %
UNIONBANK,ROCE 5Yr,5.22 %
UNIONBANK,ROCE 7Yr,4.84 %
UNIONBANK,ROCE 10Yr,5.36 %
UNIONBANK,ROE 10Yr,5.36 %
UNIONBANK,ROE 7Yr,5.31 %
UNIONBANK,ROE 5Yr Var,27.7 %
UNIONBANK,OPM 5Year,55.6 %
UNIONBANK,OPM 10Year,55.4 %
UNIONBANK,No. of Share Holders 1Yr,"7,75,773"
UNIONBANK,Avg Div Payout 3Yrs,22.9 %
UNIONBANK,Debtor days 3yrs,0.00
UNIONBANK,Debtor days 3yrs back,0.00
UNIONBANK,Debtor days 5yrs back,0.00
UNIONBANK,ROA 5Yr,0.39 %
UNIONBANK,ROA 3Yr,0.72 %
UNIONBANK,Market Cap,"₹ 1,01,107 Cr."
UNIONBANK,Current Price,₹ 132
UNIONBANK,High / Low,₹ 172 / 84.8
UNIONBANK,Stock P/E,7.17
UNIONBANK,Book Value,₹ 128
UNIONBANK,Dividend Yield,2.70 %
UNIONBANK,ROCE,6.55 %
UNIONBANK,ROE,15.6 %
UNIONBANK,Face Value,₹ 10.0
UNIONBANK,Avg Vol 1Mth,"1,39,22,868"
UNIONBANK,Avg Vol 1Wk,"1,15,93,501"
UNIONBANK,Volume,"98,04,697"
UNIONBANK,High price,₹ 172
UNIONBANK,Low price,₹ 84.8
UNIONBANK,High price all time,₹ 427
UNIONBANK,Low price all time,₹ 22.6
UNIONBANK,Return over 1day,0.32 %
UNIONBANK,Return over 1week,-2.67 %
UNIONBANK,Return over 1month,-6.01 %
UNIONBANK,DMA 50,₹ 141
UNIONBANK,DMA 200,₹ 131
UNIONBANK,DMA 50 previous day,₹ 141
UNIONBANK,200 DMA prev.,₹ 131
UNIONBANK,RSI,37.1
UNIONBANK,MACD,-2.31
UNIONBANK,MACD Previous Day,-2.08
UNIONBANK,MACD Signal,-2.22
UNIONBANK,MACD Signal Prev,-2.20
UNIONBANK,Avg Vol 1Yr,"2,48,71,882"
UNIONBANK,Return over 7years,-2.44 %
UNIONBANK,Return over 10years,-3.68 %
UNIONBANK,Market Cap,"₹ 1,01,107 Cr."
UNIONBANK,Current Price,₹ 132
UNIONBANK,High / Low,₹ 172 / 84.8
UNIONBANK,Stock P/E,7.17
UNIONBANK,Book Value,₹ 128
UNIONBANK,Dividend Yield,2.70 %
UNIONBANK,ROCE,6.55 %
UNIONBANK,ROE,15.6 %
UNIONBANK,Face Value,₹ 10.0
UNIONBANK,WC to Sales,114 %
UNIONBANK,QoQ Profits,9.42 %
UNIONBANK,QoQ Sales,0.06 %
UNIONBANK,Net worth,"₹ 97,598 Cr."
UNIONBANK,Market Cap to Sales,0.98
UNIONBANK,Interest Coverage,1.32
UNIONBANK,EV / EBIT,14.2
UNIONBANK,Debt Capacity,-7.29
UNIONBANK,Debt To Profit,90.7
UNIONBANK,Capital Employed,"₹ 1,27,419 Cr."
UNIONBANK,CROIC,1.50 %
UNIONBANK,debtplus,19.3
UNIONBANK,Leverage,₹ 13.8
UNIONBANK,Dividend Payout,19.9 %
UNIONBANK,Intrinsic Value,₹ 262
UNIONBANK,CDL,"-1,746 %"
UNIONBANK,Cash by market cap,1.15
UNIONBANK,52w Index,54.3 %
UNIONBANK,Down from 52w high,23.2 %
UNIONBANK,Up from 52w low,56.1 %
UNIONBANK,From 52w high,0.77
UNIONBANK,Mkt Cap To Debt Cap,0.49
UNIONBANK,Dividend Payout,19.9 %
UNIONBANK,Graham,₹ 233
UNIONBANK,Price to Cash Flow,5.07
UNIONBANK,ROCE3yr avg,5.33 %
UNIONBANK,PB X PE,7.31
UNIONBANK,NCAVPS,₹ 155
UNIONBANK,Mar Cap to CF,5.07
UNIONBANK,Altman Z Score,0.59
UNIONBANK,M.Cap / Qtr Profit,27.8
