Ticker,Label,Value
BHEL,Market Cap,"₹ 1,10,242 Cr."
BHEL,Current Price,₹ 317
BHEL,High / Low,₹ 335 / 94.8
BHEL,Stock P/E,391
BHEL,Book Value,₹ 70.2
BHEL,Dividend Yield,0.08 %
BHEL,ROCE,2.97 %
BHEL,ROE,1.10 %
BHEL,Face Value,₹ 2.00
BHEL,Sales,"₹ 23,893 Cr."
BHEL,OPM,2.56 %
BHEL,Profit after tax,₹ 282 Cr.
BHEL,Mar Cap,"₹ 1,10,242 Cr."
BHEL,Sales Qtr,"₹ 8,260 Cr."
BHEL,PAT Qtr,₹ 490 Cr.
BHEL,Qtr Sales Var,0.40 %
BHEL,Qtr Profit Var,-25.6 %
BHEL,Price to Earning,391
BHEL,Dividend yield,0.08 %
BHEL,Price to book value,4.51
BHEL,ROCE,2.97 %
BHEL,Return on assets,0.47 %
BHEL,Debt to equity,0.36
BHEL,Return on equity,1.10 %
BHEL,EPS,₹ 0.81
BHEL,Debt,"₹ 8,856 Cr."
BHEL,Promoter holding,63.2 %
BHEL,Change in Prom Hold,0.00 %
BHEL,Earnings yield,0.88 %
BHEL,Pledged percentage,0.00 %
BHEL,Industry PE,63.2
BHEL,Sales growth,2.26 %
BHEL,Profit growth,-37.6 %
BHEL,Current Price,₹ 317
BHEL,Price to Sales,4.61
BHEL,CMP / FCF,-75.8
BHEL,EVEBITDA,92.4
BHEL,Enterprise Value,"₹ 1,12,941 Cr."
BHEL,Current ratio,1.36
BHEL,Int Coverage,1.33
BHEL,PEG Ratio,-17.6
BHEL,Return over 3months,11.7 %
BHEL,Return over 6months,41.7 %
BHEL,No. Eq. Shares,348
BHEL,Sales growth 3Years,11.3 %
BHEL,Sales growth 5Years,-4.73 %
BHEL,Profit Var 3Yrs,28.2 %
BHEL,Profit Var 5Yrs,-22.2 %
BHEL,ROE 5Yr,-2.20 %
BHEL,ROE 3Yr,1.49 %
BHEL,Return over 1year,201 %
BHEL,Return over 3years,71.8 %
BHEL,Return over 5years,38.7 %
BHEL,Market Cap,"₹ 1,10,242 Cr."
BHEL,Current Price,₹ 317
BHEL,High / Low,₹ 335 / 94.8
BHEL,Stock P/E,391
BHEL,Book Value,₹ 70.2
BHEL,Dividend Yield,0.08 %
BHEL,ROCE,2.97 %
BHEL,ROE,1.10 %
BHEL,Face Value,₹ 2.00
BHEL,Sales last year,"₹ 23,893 Cr."
BHEL,OP Ann,₹ 613 Cr.
BHEL,Other Inc Ann,₹ 610 Cr.
BHEL,EBIDT last year,"₹ 1,223 Cr."
BHEL,Dep Ann,₹ 249 Cr.
BHEL,EBIT last year,₹ 974 Cr.
BHEL,Interest last year,₹ 731 Cr.
BHEL,PBT Ann,₹ 243 Cr.
BHEL,Tax last year,₹ -39.6 Cr.
BHEL,PAT Ann,₹ 282 Cr.
BHEL,Extra Ord Item Ann,₹ 0.00 Cr.
BHEL,NP Ann,₹ 282 Cr.
BHEL,Dividend last year,₹ 87.0 Cr.
BHEL,Raw Material,70.3 %
BHEL,Employee cost,"₹ 5,629 Cr."
BHEL,OPM last year,2.56 %
BHEL,NPM last year,1.18 %
BHEL,Operating profit,₹ 613 Cr.
BHEL,Interest,₹ 731 Cr.
BHEL,Depreciation,₹ 249 Cr.
BHEL,EPS last year,₹ 0.81
BHEL,EBIT,₹ 974 Cr.
BHEL,Net profit,₹ 282 Cr.
BHEL,Current Tax,₹ -113 Cr.
BHEL,Tax,₹ -39.6 Cr.
BHEL,Other income,₹ 610 Cr.
BHEL,Ann Date,"2,02,403"
BHEL,Sales Prev Ann,"₹ 23,365 Cr."
BHEL,OP Prev Ann,₹ 807 Cr.
BHEL,Other Inc Prev Ann,₹ 544 Cr.
BHEL,EBIDT Prev Ann,"₹ 1,319 Cr."
BHEL,Dep Prev Ann,₹ 260 Cr.
BHEL,EBIT preceding year,"₹ 1,059 Cr."
BHEL,Interest Prev Ann,₹ 612 Cr.
BHEL,PBT Prev Ann,₹ 479 Cr.
BHEL,Tax preceding year,₹ 2.05 Cr.
BHEL,PAT Prev Ann,₹ 452 Cr.
BHEL,Extra Ord Prev Ann,₹ 33.0 Cr.
BHEL,NP Prev Ann,₹ 477 Cr.
BHEL,Dividend Prev Ann,₹ 139 Cr.
BHEL,OPM preceding year,3.46 %
BHEL,NPM preceding year,1.94 %
BHEL,EPS preceding year,₹ 1.37
BHEL,Sales Prev 12M,"₹ 23,860 Cr."
BHEL,Profit Prev 12M,₹ 136 Cr.
BHEL,Med Sales Gwth 10Yrs,1.27 %
BHEL,Med Sales Gwth 5Yrs,2.26 %
BHEL,Sales growth 7Years,-2.47 %
BHEL,Sales Var 10Yrs,-4.92 %
BHEL,EBIDT growth 3Years,35.0 %
BHEL,EBIDT growth 5Years,-14.5 %
BHEL,EBIDT growth 7Years,-5.71 %
BHEL,EBIDT Var 10Yrs,-15.0 %
BHEL,EPS growth 3Years,28.2 %
BHEL,EPS growth 5Years,-22.2 %
BHEL,EPS growth 7Years,-5.89 %
BHEL,EPS growth 10Years,-21.9 %
BHEL,Profit Var 7Yrs,-6.60 %
BHEL,Profit Var 10Yrs,-22.3 %
BHEL,Chg in Prom Hold 3Yr,0.00 %
BHEL,Market Cap,"₹ 1,10,242 Cr."
BHEL,Current Price,₹ 317
BHEL,High / Low,₹ 335 / 94.8
BHEL,Stock P/E,391
BHEL,Book Value,₹ 70.2
BHEL,Dividend Yield,0.08 %
BHEL,ROCE,2.97 %
BHEL,ROE,1.10 %
BHEL,Face Value,₹ 2.00
BHEL,OP Qtr,₹ 728 Cr.
BHEL,Other Inc Qtr,₹ 170 Cr.
BHEL,EBIDT Qtr,₹ 898 Cr.
BHEL,Dep Qtr,₹ 68.4 Cr.
BHEL,EBIT latest quarter,₹ 830 Cr.
BHEL,Interest Qtr,₹ 193 Cr.
BHEL,PBT Qtr,₹ 636 Cr.
BHEL,Tax latest quarter,₹ 147 Cr.
BHEL,Extra Ord Item Qtr,₹ 0.00 Cr.
BHEL,NP Qtr,₹ 490 Cr.
BHEL,GPM latest quarter,33.2 %
BHEL,OPM latest quarter,8.81 %
BHEL,NPM latest quarter,5.93 %
BHEL,Eq Cap Qtr,₹ 696 Cr.
BHEL,EPS latest quarter,₹ 1.41
BHEL,OP 2Qtr Bk,₹ -388 Cr.
BHEL,OP 3Qtr Bk,₹ -364 Cr.
BHEL,Sales 2Qtr Bk,"₹ 5,125 Cr."
BHEL,Sales 3Qtr Bk,"₹ 5,003 Cr."
BHEL,NP 2Qtr Bk,₹ -238 Cr.
BHEL,NP 3Qtr Bk,₹ -344 Cr.
BHEL,Opert Prft Gwth,-24.1 %
BHEL,Last result date,"2,02,403"
BHEL,Exp Qtr Sales Var,2.36 %
BHEL,Exp Qtr Sales,"₹ 5,121 Cr."
BHEL,Exp Qtr OP,₹ -142 Cr.
BHEL,Exp Qtr NP,₹ -391 Cr.
BHEL,Exp Qtr EPS,₹ -1.12
BHEL,Sales Prev Qtr,"₹ 5,504 Cr."
BHEL,OP Prev Qtr,₹ 217 Cr.
BHEL,Other Inc Prev Qtr,₹ 118 Cr.
BHEL,EBIDT Prev Qtr,₹ 335 Cr.
BHEL,Dep Prev Qtr,₹ 60.6 Cr.
BHEL,EBIT Prev Qtr,₹ 274 Cr.
BHEL,Interest Prev Qtr,₹ 190 Cr.
BHEL,PBT Prev Qtr,₹ 84.5 Cr.
BHEL,Tax Prev Qtr,₹ 24.2 Cr.
BHEL,PAT Prev Qtr,₹ 60.3 Cr.
BHEL,Extra Ord Prev Qtr,₹ 0.00 Cr.
BHEL,NP Prev Qtr,₹ 60.3 Cr.
BHEL,OPM Prev Qtr,3.93 %
BHEL,NPM Prev Qtr,1.10 %
BHEL,Eq Cap Prev Qtr,₹ 696 Cr.
BHEL,EPS Prev Qtr,₹ 0.17
BHEL,Sales PY Qtr,"₹ 8,227 Cr."
BHEL,OP PY Qtr,"₹ 1,049 Cr."
BHEL,Other Inc PY Qtr,₹ 125 Cr.
BHEL,EBIDT PY Qtr,"₹ 1,173 Cr."
BHEL,Dep PY Qtr,₹ 72.6 Cr.
BHEL,EBIT PY Qtr,"₹ 1,101 Cr."
BHEL,Interest PY Qtr,₹ 161 Cr.
BHEL,PBT PY Qtr,₹ 940 Cr.
BHEL,Tax PY Qtr,₹ 282 Cr.
BHEL,Market Cap,"₹ 1,10,242 Cr."
BHEL,Current Price,₹ 317
BHEL,High / Low,₹ 335 / 94.8
BHEL,Stock P/E,391
BHEL,Book Value,₹ 70.2
BHEL,Dividend Yield,0.08 %
BHEL,ROCE,2.97 %
BHEL,ROE,1.10 %
BHEL,Face Value,₹ 2.00
BHEL,Equity capital,₹ 696 Cr.
BHEL,Preference capital,₹ 0.00 Cr.
BHEL,Reserves,"₹ 23,742 Cr."
BHEL,Secured loan,"₹ 5,385 Cr."
BHEL,Unsecured loan,₹ 68.5 Cr.
BHEL,Balance sheet total,"₹ 59,006 Cr."
BHEL,Gross block,"₹ 6,949 Cr."
BHEL,Revaluation reserve,₹ 0.00 Cr.
BHEL,Accum Dep,"₹ 4,473 Cr."
BHEL,Net block,"₹ 2,600 Cr."
BHEL,CWIP,₹ 282 Cr.
BHEL,Investments,₹ 256 Cr.
BHEL,Current assets,"₹ 34,546 Cr."
BHEL,Current liabilities,"₹ 25,333 Cr."
BHEL,BV Unq Invest,₹ 0.00 Cr.
BHEL,MV Quoted Inv,₹ 0.00 Cr.
BHEL,Cont Liab,"₹ 7,357 Cr."
BHEL,Total Assets,"₹ 59,006 Cr."
BHEL,Working capital,"₹ 18,046 Cr."
BHEL,Lease liabilities,₹ 48.5 Cr.
BHEL,Inventory,"₹ 7,221 Cr."
BHEL,Trade receivables,"₹ 4,785 Cr."
BHEL,Face value,₹ 2.00
BHEL,Cash Equivalents,"₹ 6,157 Cr."
BHEL,Adv Cust,₹ 0.00 Cr.
BHEL,Trade Payables,"₹ 8,696 Cr."
BHEL,No. Eq. Shares PY,348
BHEL,Debt preceding year,"₹ 5,454 Cr."
BHEL,Work Cap PY,"₹ 12,894 Cr."
BHEL,Net Block PY,"₹ 2,476 Cr."
BHEL,Gross Block PY,"₹ 6,949 Cr."
BHEL,CWIP PY,₹ 354 Cr.
BHEL,Work Cap 3Yr,"₹ 13,603 Cr."
BHEL,Work Cap 5Yr,"₹ 18,326 Cr."
BHEL,Work Cap 7Yr,"₹ 23,118 Cr."
BHEL,Work Cap 10Yr,"₹ 29,148 Cr."
BHEL,Debt 3Years back,"₹ 4,951 Cr."
BHEL,Debt 5Years back,"₹ 2,598 Cr."
BHEL,Debt 7Years back,₹ 156 Cr.
BHEL,Debt 10Years back,"₹ 4,693 Cr."
BHEL,Net Block 3Yrs Back,"₹ 2,491 Cr."
BHEL,Net Block 5Yrs Back,"₹ 2,970 Cr."
BHEL,Net Block 7Yrs Back,"₹ 3,601 Cr."
BHEL,Market Cap,"₹ 1,10,242 Cr."
BHEL,Current Price,₹ 317
BHEL,High / Low,₹ 335 / 94.8
BHEL,Stock P/E,391
BHEL,Book Value,₹ 70.2
BHEL,Dividend Yield,0.08 %
BHEL,ROCE,2.97 %
BHEL,ROE,1.10 %
BHEL,Face Value,₹ 2.00
BHEL,CF Operations,"₹ -3,713 Cr."
BHEL,Free Cash Flow,"₹ -3,936 Cr."
BHEL,CF Investing,"₹ 1,331 Cr."
BHEL,CF Financing,"₹ 2,656 Cr."
BHEL,Net CF,₹ 274 Cr.
BHEL,Cash Beginning,"₹ 1,561 Cr."
BHEL,Cash End,"₹ 6,157 Cr."
BHEL,FCF Prev Ann,₹ -922 Cr.
BHEL,CF Operations PY,₹ -742 Cr.
BHEL,CF Investing PY,"₹ 1,480 Cr."
BHEL,CF Financing PY,₹ 89.0 Cr.
BHEL,Net CF PY,₹ 828 Cr.
BHEL,Cash Beginning PY,₹ 733 Cr.
BHEL,Cash End PY,"₹ 6,643 Cr."
BHEL,Free Cash Flow 3Yrs,"₹ -4,361 Cr."
BHEL,Free Cash Flow 5Yrs,"₹ -7,326 Cr."
BHEL,Free Cash Flow 7Yrs,"₹ -10,890 Cr."
BHEL,Free Cash Flow 10Yrs,"₹ -10,297 Cr."
BHEL,CF Opr 3Yrs,"₹ -3,794 Cr."
BHEL,CF Opr 5Yrs,"₹ -6,126 Cr."
BHEL,CF Opr 7Yrs,"₹ -8,997 Cr."
BHEL,CF Opr 10Yrs,"₹ -7,241 Cr."
BHEL,CF Inv 10Yrs,"₹ 6,516 Cr."
BHEL,CF Inv 7Yrs,"₹ 6,408 Cr."
BHEL,CF Inv 5Yrs,"₹ 3,528 Cr."
BHEL,CF Inv 3Yrs,"₹ 1,693 Cr."
BHEL,Cash 3Years back,"₹ 6,701 Cr."
BHEL,Cash 5Years back,"₹ 7,504 Cr."
BHEL,Cash 7Years back,"₹ 10,494 Cr."
BHEL,Market Cap,"₹ 1,10,242 Cr."
BHEL,Current Price,₹ 317
BHEL,High / Low,₹ 335 / 94.8
BHEL,Stock P/E,391
BHEL,Book Value,₹ 70.2
BHEL,Dividend Yield,0.08 %
BHEL,ROCE,2.97 %
BHEL,ROE,1.10 %
BHEL,Face Value,₹ 2.00
BHEL,No. Eq. Shares,348
BHEL,Book value,₹ 70.2
BHEL,Inven TO,2.28
BHEL,Quick ratio,1.08
BHEL,Exports percentage,0.00 %
BHEL,Piotroski score,3.00
BHEL,G Factor,2.00
BHEL,Asset Turnover,0.40
BHEL,Financial leverage,2.44
BHEL,No. of Share Holders,"18,80,851"
BHEL,Unpledged Prom Hold,63.2 %
BHEL,ROIC,4.72 %
BHEL,Debtor days,73.1
BHEL,Industry PBV,8.81
BHEL,Credit rating,
BHEL,WC Days,182
BHEL,Earning Power,1.65 %
BHEL,Graham Number,₹ 35.8
BHEL,Cash Cycle,41.1
BHEL,Days Payable,189
BHEL,Days Receivable,73.1
BHEL,Inventory Days,157
BHEL,Public holding,12.7 %
BHEL,FII holding,9.10 %
BHEL,Chg in FII Hold,0.34 %
BHEL,DII holding,15.0 %
BHEL,Chg in DII Hold,-0.92 %
BHEL,B.V. Prev Ann,₹ 77.0
BHEL,ROCE Prev Yr,3.33 %
BHEL,ROA Prev Yr,0.77 %
BHEL,ROE Prev Ann,1.70 %
BHEL,No. of Share Holders Prev Qtr,"14,99,202"
BHEL,No. Eq. Shares 10 Yrs,367
BHEL,BV 3yrs back,₹ 74.6
BHEL,BV 5yrs back,₹ 82.3
BHEL,BV 10yrs back,₹ 93.2
BHEL,Inven TO 3Yr,1.04
BHEL,Inven TO 5Yr,1.26
BHEL,Inven TO 7Yr,1.84
BHEL,Inven TO 10Yr,1.43
BHEL,Export 3Yr,0.00 %
BHEL,Export 5Yr,0.00 %
BHEL,Div 5Yrs,₹ 73.1 Cr.
BHEL,ROCE 3Yr,3.08 %
BHEL,ROCE 5Yr,-0.13 %
BHEL,ROCE 7Yr,1.52 %
BHEL,ROCE 10Yr,1.75 %
BHEL,ROE 10Yr,-0.13 %
BHEL,ROE 7Yr,-0.79 %
BHEL,ROE 5Yr Var,-18.9 %
BHEL,OPM 5Year,-0.87 %
BHEL,OPM 10Year,1.84 %
BHEL,No. of Share Holders 1Yr,"10,12,617"
BHEL,Avg Div Payout 3Yrs,30.4 %
BHEL,Debtor days 3yrs,58.0
BHEL,Debtor days 3yrs back,85.1
BHEL,Debtor days 5yrs back,142
BHEL,ROA 5Yr,-0.99 %
BHEL,ROA 3Yr,0.67 %
BHEL,Market Cap,"₹ 1,10,242 Cr."
BHEL,Current Price,₹ 317
BHEL,High / Low,₹ 335 / 94.8
BHEL,Stock P/E,391
BHEL,Book Value,₹ 70.2
BHEL,Dividend Yield,0.08 %
BHEL,ROCE,2.97 %
BHEL,ROE,1.10 %
BHEL,Face Value,₹ 2.00
BHEL,Avg Vol 1Mth,"2,81,20,721"
BHEL,Avg Vol 1Wk,"3,10,03,861"
BHEL,Volume,"1,39,81,737"
BHEL,High price,₹ 335
BHEL,Low price,₹ 94.8
BHEL,High price all time,₹ 391
BHEL,Low price all time,₹ 18.4
BHEL,Return over 1day,1.62 %
BHEL,Return over 1week,5.93 %
BHEL,Return over 1month,5.34 %
BHEL,DMA 50,₹ 300
BHEL,DMA 200,₹ 237
BHEL,DMA 50 previous day,₹ 299
BHEL,200 DMA prev.,₹ 236
BHEL,RSI,52.2
BHEL,MACD,2.80
BHEL,MACD Previous Day,3.01
BHEL,MACD Signal,5.02
BHEL,MACD Signal Prev,5.58
BHEL,Avg Vol 1Yr,"3,63,84,113"
BHEL,Return over 7years,18.3 %
BHEL,Return over 10years,7.35 %
BHEL,Market Cap,"₹ 1,10,242 Cr."
BHEL,Current Price,₹ 317
BHEL,High / Low,₹ 335 / 94.8
BHEL,Stock P/E,391
BHEL,Book Value,₹ 70.2
BHEL,Dividend Yield,0.08 %
BHEL,ROCE,2.97 %
BHEL,ROE,1.10 %
BHEL,Face Value,₹ 2.00
BHEL,WC to Sales,75.5 %
BHEL,QoQ Profits,712 %
BHEL,QoQ Sales,50.1 %
BHEL,Net worth,"₹ 24,439 Cr."
BHEL,Market Cap to Sales,4.61
BHEL,Interest Coverage,1.33
BHEL,EV / EBIT,116
BHEL,Debt Capacity,-0.06
BHEL,Debt To Profit,31.4
BHEL,Capital Employed,"₹ 20,928 Cr."
BHEL,CROIC,-4.43 %
BHEL,debtplus,0.66
BHEL,Leverage,₹ 2.44
BHEL,Dividend Payout,30.8 %
BHEL,Intrinsic Value,₹ 21.3
BHEL,CDL,-9.12 %
BHEL,Cash by market cap,0.06
BHEL,52w Index,92.2 %
BHEL,Down from 52w high,5.61 %
BHEL,Up from 52w low,234 %
BHEL,From 52w high,0.94
BHEL,Mkt Cap To Debt Cap,-7.20
BHEL,Dividend Payout,30.8 %
BHEL,Graham,₹ 35.8
BHEL,Price to Cash Flow,-29.7
BHEL,ROCE3yr avg,3.08 %
BHEL,PB X PE,"1,762"
BHEL,NCAVPS,₹ 51.8
BHEL,Mar Cap to CF,-29.7
BHEL,Altman Z Score,4.40
BHEL,M.Cap / Qtr Profit,225
