Ticker,Label,Value
HINDMOTORS,Market Cap,₹ 655 Cr.
HINDMOTORS,Current Price,₹ 31.4
HINDMOTORS,High / Low,₹ 48.7 / 12.6
HINDMOTORS,Stock P/E,
HINDMOTORS,Book Value,₹ -4.47
HINDMOTORS,Dividend Yield,0.00 %
HINDMOTORS,ROCE,%
HINDMOTORS,ROE,%
HINDMOTORS,Face Value,₹ 5.00
HINDMOTORS,Sales,₹ 0.81 Cr.
HINDMOTORS,OPM,"-2,632 %"
HINDMOTORS,Profit after tax,₹ -31.6 Cr.
HINDMOTORS,Mar Cap,₹ 655 Cr.
HINDMOTORS,Sales Qtr,₹ Cr.
HINDMOTORS,PAT Qtr,₹ Cr.
HINDMOTORS,Qtr Sales Var,%
HINDMOTORS,Qtr Profit Var,%
HINDMOTORS,Price to Earning,
HINDMOTORS,Dividend yield,0.00 %
HINDMOTORS,Price to book value,
HINDMOTORS,ROCE,%
HINDMOTORS,Return on assets,-51.8 %
HINDMOTORS,Debt to equity,
HINDMOTORS,Return on equity,%
HINDMOTORS,EPS,₹ -1.52
HINDMOTORS,Debt,₹ 37.9 Cr.
HINDMOTORS,Promoter holding,32.3 %
HINDMOTORS,Change in Prom Hold,0.00 %
HINDMOTORS,Earnings yield,-3.07 %
HINDMOTORS,Pledged percentage,0.00 %
HINDMOTORS,Industry PE,30.3
HINDMOTORS,Sales growth,-94.6 %
HINDMOTORS,Profit growth,24.6 %
HINDMOTORS,Current Price,₹ 31.4
HINDMOTORS,Price to Sales,809
HINDMOTORS,CMP / FCF,29.3
HINDMOTORS,EVEBITDA,-35.8
HINDMOTORS,Enterprise Value,₹ 693 Cr.
HINDMOTORS,Current ratio,0.15
HINDMOTORS,Int Coverage,-2.05
HINDMOTORS,PEG Ratio,
HINDMOTORS,Return over 3months,32.5 %
HINDMOTORS,Return over 6months,67.9 %
HINDMOTORS,No. Eq. Shares,20.9
HINDMOTORS,Sales growth 3Years,%
HINDMOTORS,Sales growth 5Years,-73.9 %
HINDMOTORS,Profit Var 3Yrs,%
HINDMOTORS,Profit Var 5Yrs,10.1 %
HINDMOTORS,ROE 5Yr,%
HINDMOTORS,ROE 3Yr,%
HINDMOTORS,Return over 1year,123 %
HINDMOTORS,Return over 3years,57.4 %
HINDMOTORS,Return over 5years,39.0 %
HINDMOTORS,Market Cap,₹ 655 Cr.
HINDMOTORS,Current Price,₹ 31.4
HINDMOTORS,High / Low,₹ 48.7 / 12.6
HINDMOTORS,Stock P/E,
HINDMOTORS,Book Value,₹ -4.47
HINDMOTORS,Dividend Yield,0.00 %
HINDMOTORS,ROCE,%
HINDMOTORS,ROE,%
HINDMOTORS,Face Value,₹ 5.00
HINDMOTORS,Sales last year,₹ 0.81 Cr.
HINDMOTORS,OP Ann,₹ -21.3 Cr.
HINDMOTORS,Other Inc Ann,₹ 1.91 Cr.
HINDMOTORS,EBIDT last year,₹ -19.4 Cr.
HINDMOTORS,Dep Ann,₹ 1.89 Cr.
HINDMOTORS,EBIT last year,₹ -21.3 Cr.
HINDMOTORS,Interest last year,₹ 10.4 Cr.
HINDMOTORS,PBT Ann,₹ -31.7 Cr.
HINDMOTORS,Tax last year,₹ 0.00 Cr.
HINDMOTORS,PAT Ann,₹ -31.6 Cr.
HINDMOTORS,Extra Ord Item Ann,₹ -0.03 Cr.
HINDMOTORS,NP Ann,₹ -31.7 Cr.
HINDMOTORS,Dividend last year,₹ 0.00 Cr.
HINDMOTORS,Raw Material,407 %
HINDMOTORS,Employee cost,₹ 14.2 Cr.
HINDMOTORS,OPM last year,"-2,632 %"
HINDMOTORS,NPM last year,"-3,906 %"
HINDMOTORS,Operating profit,₹ -21.3 Cr.
HINDMOTORS,Interest,₹ 10.4 Cr.
HINDMOTORS,Depreciation,₹ 1.89 Cr.
HINDMOTORS,EPS last year,₹ -1.52
HINDMOTORS,EBIT,₹ -21.3 Cr.
HINDMOTORS,Net profit,₹ -31.7 Cr.
HINDMOTORS,Current Tax,₹ 0.00 Cr.
HINDMOTORS,Tax,₹ 0.00 Cr.
HINDMOTORS,Other income,₹ 1.91 Cr.
HINDMOTORS,Ann Date,"2,01,603"
HINDMOTORS,Sales Prev Ann,₹ 15.1 Cr.
HINDMOTORS,OP Prev Ann,₹ -37.9 Cr.
HINDMOTORS,Other Inc Prev Ann,₹ 5.88 Cr.
HINDMOTORS,EBIDT Prev Ann,₹ -32.0 Cr.
HINDMOTORS,Dep Prev Ann,₹ 2.10 Cr.
HINDMOTORS,EBIT preceding year,₹ -34.2 Cr.
HINDMOTORS,Interest Prev Ann,₹ 7.82 Cr.
HINDMOTORS,PBT Prev Ann,₹ -41.9 Cr.
HINDMOTORS,Tax preceding year,₹ 0.00 Cr.
HINDMOTORS,PAT Prev Ann,₹ -42.0 Cr.
HINDMOTORS,Extra Ord Prev Ann,₹ 0.07 Cr.
HINDMOTORS,NP Prev Ann,₹ -41.9 Cr.
HINDMOTORS,Dividend Prev Ann,₹ 0.00 Cr.
HINDMOTORS,OPM preceding year,-251 %
HINDMOTORS,NPM preceding year,-278 %
HINDMOTORS,EPS preceding year,₹ -2.01
HINDMOTORS,Sales Prev 12M,₹ Cr.
HINDMOTORS,Profit Prev 12M,₹ Cr.
HINDMOTORS,Med Sales Gwth 10Yrs,-9.57 %
HINDMOTORS,Med Sales Gwth 5Yrs,-91.7 %
HINDMOTORS,Sales growth 7Years,-61.1 %
HINDMOTORS,Sales Var 10Yrs,-46.6 %
HINDMOTORS,EBIDT growth 3Years,%
HINDMOTORS,EBIDT growth 5Years,10.6 %
HINDMOTORS,EBIDT growth 7Years,7.83 %
HINDMOTORS,EBIDT Var 10Yrs,-0.02 %
HINDMOTORS,EPS growth 3Years,%
HINDMOTORS,EPS growth 5Years,11.2 %
HINDMOTORS,EPS growth 7Years,8.25 %
HINDMOTORS,EPS growth 10Years,4.31 %
HINDMOTORS,Profit Var 7Yrs,7.56 %
HINDMOTORS,Profit Var 10Yrs,3.32 %
HINDMOTORS,Chg in Prom Hold 3Yr,0.00 %
HINDMOTORS,Market Cap,₹ 655 Cr.
HINDMOTORS,Current Price,₹ 31.4
HINDMOTORS,High / Low,₹ 48.7 / 12.6
HINDMOTORS,Stock P/E,
HINDMOTORS,Book Value,₹ -4.47
HINDMOTORS,Dividend Yield,0.00 %
HINDMOTORS,ROCE,%
HINDMOTORS,ROE,%
HINDMOTORS,Face Value,₹ 5.00
HINDMOTORS,OP Qtr,₹ Cr.
HINDMOTORS,Other Inc Qtr,₹ Cr.
HINDMOTORS,EBIDT Qtr,₹ Cr.
HINDMOTORS,Dep Qtr,₹ Cr.
HINDMOTORS,EBIT latest quarter,₹ Cr.
HINDMOTORS,Interest Qtr,₹ Cr.
HINDMOTORS,PBT Qtr,₹ Cr.
HINDMOTORS,Tax latest quarter,₹ Cr.
HINDMOTORS,Extra Ord Item Qtr,₹ Cr.
HINDMOTORS,NP Qtr,₹ Cr.
HINDMOTORS,GPM latest quarter,%
HINDMOTORS,OPM latest quarter,%
HINDMOTORS,NPM latest quarter,%
HINDMOTORS,Eq Cap Qtr,₹ Cr.
HINDMOTORS,EPS latest quarter,₹
HINDMOTORS,OP 2Qtr Bk,₹ Cr.
HINDMOTORS,OP 3Qtr Bk,₹ Cr.
HINDMOTORS,Sales 2Qtr Bk,₹ Cr.
HINDMOTORS,Sales 3Qtr Bk,₹ Cr.
HINDMOTORS,NP 2Qtr Bk,₹ Cr.
HINDMOTORS,NP 3Qtr Bk,₹ Cr.
HINDMOTORS,Opert Prft Gwth,43.7 %
HINDMOTORS,Last result date,"2,01,603"
HINDMOTORS,Exp Qtr Sales Var,%
HINDMOTORS,Exp Qtr Sales,₹ Cr.
HINDMOTORS,Exp Qtr OP,₹ Cr.
HINDMOTORS,Exp Qtr NP,₹ Cr.
HINDMOTORS,Exp Qtr EPS,₹
HINDMOTORS,Sales Prev Qtr,₹ Cr.
HINDMOTORS,OP Prev Qtr,₹ Cr.
HINDMOTORS,Other Inc Prev Qtr,₹ Cr.
HINDMOTORS,EBIDT Prev Qtr,₹ Cr.
HINDMOTORS,Dep Prev Qtr,₹ Cr.
HINDMOTORS,EBIT Prev Qtr,₹ Cr.
HINDMOTORS,Interest Prev Qtr,₹ Cr.
HINDMOTORS,PBT Prev Qtr,₹ Cr.
HINDMOTORS,Tax Prev Qtr,₹ Cr.
HINDMOTORS,PAT Prev Qtr,₹ Cr.
HINDMOTORS,Extra Ord Prev Qtr,₹ Cr.
HINDMOTORS,NP Prev Qtr,₹ Cr.
HINDMOTORS,OPM Prev Qtr,%
HINDMOTORS,NPM Prev Qtr,%
HINDMOTORS,Eq Cap Prev Qtr,₹ Cr.
HINDMOTORS,EPS Prev Qtr,₹
HINDMOTORS,Sales PY Qtr,₹ Cr.
HINDMOTORS,OP PY Qtr,₹ Cr.
HINDMOTORS,Other Inc PY Qtr,₹ Cr.
HINDMOTORS,EBIDT PY Qtr,₹ Cr.
HINDMOTORS,Dep PY Qtr,₹ Cr.
HINDMOTORS,EBIT PY Qtr,₹ Cr.
HINDMOTORS,Interest PY Qtr,₹ Cr.
HINDMOTORS,PBT PY Qtr,₹ Cr.
HINDMOTORS,Tax PY Qtr,₹ Cr.
HINDMOTORS,Market Cap,₹ 655 Cr.
HINDMOTORS,Current Price,₹ 31.4
HINDMOTORS,High / Low,₹ 48.7 / 12.6
HINDMOTORS,Stock P/E,
HINDMOTORS,Book Value,₹ -4.47
HINDMOTORS,Dividend Yield,0.00 %
HINDMOTORS,ROCE,%
HINDMOTORS,ROE,%
HINDMOTORS,Face Value,₹ 5.00
HINDMOTORS,Equity capital,₹ 104 Cr.
HINDMOTORS,Preference capital,₹ 0.00 Cr.
HINDMOTORS,Reserves,₹ -198 Cr.
HINDMOTORS,Secured loan,₹ 20.0 Cr.
HINDMOTORS,Unsecured loan,₹ 17.9 Cr.
HINDMOTORS,Balance sheet total,₹ 51.6 Cr.
HINDMOTORS,Gross block,₹ 237 Cr.
HINDMOTORS,Revaluation reserve,₹ 7.28 Cr.
HINDMOTORS,Accum Dep,₹ 210 Cr.
HINDMOTORS,Net block,₹ 27.2 Cr.
HINDMOTORS,CWIP,₹ 0.00 Cr.
HINDMOTORS,Investments,₹ 0.19 Cr.
HINDMOTORS,Current assets,₹ 19.9 Cr.
HINDMOTORS,Current liabilities,₹ 135 Cr.
HINDMOTORS,BV Unq Invest,₹ 0.00 Cr.
HINDMOTORS,MV Quoted Inv,₹ 0.00 Cr.
HINDMOTORS,Cont Liab,₹ 146 Cr.
HINDMOTORS,Total Assets,₹ 51.6 Cr.
HINDMOTORS,Working capital,₹ -112 Cr.
HINDMOTORS,Lease liabilities,₹ 0.00 Cr.
HINDMOTORS,Inventory,₹ 7.00 Cr.
HINDMOTORS,Trade receivables,₹ 1.12 Cr.
HINDMOTORS,Face value,₹ 5.00
HINDMOTORS,Cash Equivalents,₹ 0.05 Cr.
HINDMOTORS,Adv Cust,₹ 0.00 Cr.
HINDMOTORS,Trade Payables,₹ 25.2 Cr.
HINDMOTORS,No. Eq. Shares PY,20.9
HINDMOTORS,Debt preceding year,₹ 40.8 Cr.
HINDMOTORS,Work Cap PY,₹ -71.6 Cr.
HINDMOTORS,Net Block PY,₹ 29.3 Cr.
HINDMOTORS,Gross Block PY,₹ 239 Cr.
HINDMOTORS,CWIP PY,₹ 0.00 Cr.
HINDMOTORS,Work Cap 3Yr,₹ Cr.
HINDMOTORS,Work Cap 5Yr,₹ -46.6 Cr.
HINDMOTORS,Work Cap 7Yr,₹ -22.3 Cr.
HINDMOTORS,Work Cap 10Yr,₹ -20.9 Cr.
HINDMOTORS,Debt 3Years back,₹ Cr.
HINDMOTORS,Debt 5Years back,₹ 125 Cr.
HINDMOTORS,Debt 7Years back,₹ 124 Cr.
HINDMOTORS,Debt 10Years back,₹ 159 Cr.
HINDMOTORS,Net Block 3Yrs Back,₹ Cr.
HINDMOTORS,Net Block 5Yrs Back,₹ 128 Cr.
HINDMOTORS,Net Block 7Yrs Back,₹ 154 Cr.
HINDMOTORS,Market Cap,₹ 655 Cr.
HINDMOTORS,Current Price,₹ 31.4
HINDMOTORS,High / Low,₹ 48.7 / 12.6
HINDMOTORS,Stock P/E,
HINDMOTORS,Book Value,₹ -4.47
HINDMOTORS,Dividend Yield,0.00 %
HINDMOTORS,ROCE,%
HINDMOTORS,ROE,%
HINDMOTORS,Face Value,₹ 5.00
HINDMOTORS,CF Operations,₹ 8.52 Cr.
HINDMOTORS,Free Cash Flow,₹ 8.70 Cr.
HINDMOTORS,CF Investing,₹ 0.36 Cr.
HINDMOTORS,CF Financing,₹ -8.97 Cr.
HINDMOTORS,Net CF,₹ -0.08 Cr.
HINDMOTORS,Cash Beginning,₹ 0.13 Cr.
HINDMOTORS,Cash End,₹ 0.05 Cr.
HINDMOTORS,FCF Prev Ann,₹ 33.8 Cr.
HINDMOTORS,CF Operations PY,₹ 33.2 Cr.
HINDMOTORS,CF Investing PY,₹ 0.70 Cr.
HINDMOTORS,CF Financing PY,₹ -34.5 Cr.
HINDMOTORS,Net CF PY,₹ -0.66 Cr.
HINDMOTORS,Cash Beginning PY,₹ 0.79 Cr.
HINDMOTORS,Cash End PY,₹ 0.24 Cr.
HINDMOTORS,Free Cash Flow 3Yrs,₹ 67.2 Cr.
HINDMOTORS,Free Cash Flow 5Yrs,₹ Cr.
HINDMOTORS,Free Cash Flow 7Yrs,₹ Cr.
HINDMOTORS,Free Cash Flow 10Yrs,₹ Cr.
HINDMOTORS,CF Opr 3Yrs,₹ 17.6 Cr.
HINDMOTORS,CF Opr 5Yrs,₹ Cr.
HINDMOTORS,CF Opr 7Yrs,₹ Cr.
HINDMOTORS,CF Opr 10Yrs,₹ Cr.
HINDMOTORS,CF Inv 10Yrs,₹ Cr.
HINDMOTORS,CF Inv 7Yrs,₹ Cr.
HINDMOTORS,CF Inv 5Yrs,₹ Cr.
HINDMOTORS,CF Inv 3Yrs,₹ 79.4 Cr.
HINDMOTORS,Cash 3Years back,₹ Cr.
HINDMOTORS,Cash 5Years back,₹ 31.4 Cr.
HINDMOTORS,Cash 7Years back,₹ 11.0 Cr.
HINDMOTORS,Market Cap,₹ 655 Cr.
HINDMOTORS,Current Price,₹ 31.4
HINDMOTORS,High / Low,₹ 48.7 / 12.6
HINDMOTORS,Stock P/E,
HINDMOTORS,Book Value,₹ -4.47
HINDMOTORS,Dividend Yield,0.00 %
HINDMOTORS,ROCE,%
HINDMOTORS,ROE,%
HINDMOTORS,Face Value,₹ 5.00
HINDMOTORS,No. Eq. Shares,20.9
HINDMOTORS,Book value,₹ -4.47
HINDMOTORS,Inven TO,0.40
HINDMOTORS,Quick ratio,0.10
HINDMOTORS,Exports percentage,0.00 %
HINDMOTORS,Piotroski score,3.00
HINDMOTORS,G Factor,0.00
HINDMOTORS,Asset Turnover,0.01
HINDMOTORS,Financial leverage,-0.65
HINDMOTORS,No. of Share Holders,"2,47,511"
HINDMOTORS,Unpledged Prom Hold,32.3 %
HINDMOTORS,ROIC,%
HINDMOTORS,Debtor days,505
HINDMOTORS,Industry PBV,10.7
HINDMOTORS,Credit rating,
HINDMOTORS,WC Days,"-50,595"
HINDMOTORS,Earning Power,-41.2 %
HINDMOTORS,Graham Number,₹
HINDMOTORS,Cash Cycle,"-1,506"
HINDMOTORS,Days Payable,"2,785"
HINDMOTORS,Days Receivable,505
HINDMOTORS,Inventory Days,774
HINDMOTORS,Public holding,65.0 %
HINDMOTORS,FII holding,0.05 %
HINDMOTORS,Chg in FII Hold,0.01 %
HINDMOTORS,DII holding,2.63 %
HINDMOTORS,Chg in DII Hold,-0.02 %
HINDMOTORS,B.V. Prev Ann,₹ -2.96
HINDMOTORS,ROCE Prev Yr,%
HINDMOTORS,ROA Prev Yr,-32.4 %
HINDMOTORS,ROE Prev Ann,%
HINDMOTORS,No. of Share Holders Prev Qtr,"2,10,560"
HINDMOTORS,No. Eq. Shares 10 Yrs,16.1
HINDMOTORS,BV 3yrs back,₹
HINDMOTORS,BV 5yrs back,₹ 1.51
HINDMOTORS,BV 10yrs back,₹ 7.59
HINDMOTORS,Inven TO 3Yr,
HINDMOTORS,Inven TO 5Yr,5.45
HINDMOTORS,Inven TO 7Yr,6.36
HINDMOTORS,Inven TO 10Yr,5.27
HINDMOTORS,Export 3Yr,%
HINDMOTORS,Export 5Yr,0.00 %
HINDMOTORS,Div 5Yrs,₹ Cr.
HINDMOTORS,ROCE 3Yr,0.00 %
HINDMOTORS,ROCE 5Yr,-70.0 %
HINDMOTORS,ROCE 7Yr,-50.5 %
HINDMOTORS,ROCE 10Yr,-35.3 %
HINDMOTORS,ROE 10Yr,%
HINDMOTORS,ROE 7Yr,%
HINDMOTORS,ROE 5Yr Var,%
HINDMOTORS,OPM 5Year,%
HINDMOTORS,OPM 10Year,%
HINDMOTORS,No. of Share Holders 1Yr,"1,95,784"
HINDMOTORS,Avg Div Payout 3Yrs,0.00 %
HINDMOTORS,Debtor days 3yrs,191
HINDMOTORS,Debtor days 3yrs back,
HINDMOTORS,Debtor days 5yrs back,9.44
HINDMOTORS,ROA 5Yr,%
HINDMOTORS,ROA 3Yr,%
HINDMOTORS,Market Cap,₹ 655 Cr.
HINDMOTORS,Current Price,₹ 31.4
HINDMOTORS,High / Low,₹ 48.7 / 12.6
HINDMOTORS,Stock P/E,
HINDMOTORS,Book Value,₹ -4.47
HINDMOTORS,Dividend Yield,0.00 %
HINDMOTORS,ROCE,%
HINDMOTORS,ROE,%
HINDMOTORS,Face Value,₹ 5.00
HINDMOTORS,Avg Vol 1Mth,"16,04,301"
HINDMOTORS,Avg Vol 1Wk,"10,43,148"
HINDMOTORS,Volume,"7,83,694"
HINDMOTORS,High price,₹ 48.7
HINDMOTORS,Low price,₹ 12.6
HINDMOTORS,High price all time,₹ 94.8
HINDMOTORS,Low price all time,₹ 2.51
HINDMOTORS,Return over 1day,-0.25 %
HINDMOTORS,Return over 1week,-0.79 %
HINDMOTORS,Return over 1month,-10.9 %
HINDMOTORS,DMA 50,₹ 32.9
HINDMOTORS,DMA 200,₹ 25.5
HINDMOTORS,DMA 50 previous day,₹ 32.9
HINDMOTORS,200 DMA prev.,₹ 25.4
HINDMOTORS,RSI,40.0
HINDMOTORS,MACD,-0.83
HINDMOTORS,MACD Previous Day,-0.80
HINDMOTORS,MACD Signal,-0.75
HINDMOTORS,MACD Signal Prev,-0.74
HINDMOTORS,Avg Vol 1Yr,"28,70,908"
HINDMOTORS,Return over 7years,21.6 %
HINDMOTORS,Return over 10years,13.3 %
HINDMOTORS,Market Cap,₹ 655 Cr.
HINDMOTORS,Current Price,₹ 31.4
HINDMOTORS,High / Low,₹ 48.7 / 12.6
HINDMOTORS,Stock P/E,
HINDMOTORS,Book Value,₹ -4.47
HINDMOTORS,Dividend Yield,0.00 %
HINDMOTORS,ROCE,%
HINDMOTORS,ROE,%
HINDMOTORS,Face Value,₹ 5.00
HINDMOTORS,WC to Sales,"-13,856 %"
HINDMOTORS,QoQ Profits,%
HINDMOTORS,QoQ Sales,%
HINDMOTORS,Net worth,₹ -93.4 Cr.
HINDMOTORS,Market Cap to Sales,809
HINDMOTORS,Interest Coverage,-2.05
HINDMOTORS,EV / EBIT,-32.6
HINDMOTORS,Debt Capacity,
HINDMOTORS,Debt To Profit,-1.20
HINDMOTORS,Capital Employed,₹ -85.0 Cr.
HINDMOTORS,CROIC,-58.7 %
HINDMOTORS,debtplus,-1.97
HINDMOTORS,Leverage,₹ -0.65
HINDMOTORS,Dividend Payout,0.00 %
HINDMOTORS,Intrinsic Value,₹
HINDMOTORS,CDL,-28.0 %
HINDMOTORS,Cash by market cap,0.00
HINDMOTORS,52w Index,52.0 %
HINDMOTORS,Down from 52w high,35.5 %
HINDMOTORS,Up from 52w low,148 %
HINDMOTORS,From 52w high,0.64
HINDMOTORS,Mkt Cap To Debt Cap,
HINDMOTORS,Dividend Payout,0.00 %
HINDMOTORS,Graham,₹
HINDMOTORS,Price to Cash Flow,76.9
HINDMOTORS,ROCE3yr avg,0.00 %
HINDMOTORS,PB X PE,
HINDMOTORS,NCAVPS,₹ -5.38
HINDMOTORS,Mar Cap to CF,76.9
HINDMOTORS,Altman Z Score,13.8
HINDMOTORS,M.Cap / Qtr Profit,
