Ticker,Label,Value
TATAMOTORS,Market Cap,"₹ 4,10,579 Cr."
TATAMOTORS,Current Price,"₹ 1,118"
TATAMOTORS,High / Low,"₹ 1,118 / 593"
TATAMOTORS,Stock P/E,12.7
TATAMOTORS,Book Value,₹ 255
TATAMOTORS,Dividend Yield,0.27 %
TATAMOTORS,ROCE,20.1 %
TATAMOTORS,ROE,49.4 %
TATAMOTORS,Face Value,₹ 2.00
TATAMOTORS,Sales,"₹ 4,37,928 Cr."
TATAMOTORS,OPM,13.6 %
TATAMOTORS,Profit after tax,"₹ 32,193 Cr."
TATAMOTORS,Mar Cap,"₹ 4,10,579 Cr."
TATAMOTORS,Sales Qtr,"₹ 1,19,986 Cr."
TATAMOTORS,PAT Qtr,"₹ 17,482 Cr."
TATAMOTORS,Qtr Sales Var,13.3 %
TATAMOTORS,Qtr Profit Var,214 %
TATAMOTORS,Price to Earning,12.7
TATAMOTORS,Dividend yield,0.27 %
TATAMOTORS,Price to book value,4.32
TATAMOTORS,ROCE,20.1 %
TATAMOTORS,Return on assets,9.26 %
TATAMOTORS,Debt to equity,1.26
TATAMOTORS,Return on equity,49.4 %
TATAMOTORS,EPS,₹ 94.5
TATAMOTORS,Debt,"₹ 1,07,262 Cr."
TATAMOTORS,Promoter holding,46.4 %
TATAMOTORS,Change in Prom Hold,0.00 %
TATAMOTORS,Earnings yield,8.42 %
TATAMOTORS,Pledged percentage,0.00 %
TATAMOTORS,Industry PE,27.3
TATAMOTORS,Sales growth,26.6 %
TATAMOTORS,Profit growth,"1,266 %"
TATAMOTORS,Current Price,"₹ 1,118"
TATAMOTORS,Price to Sales,0.94
TATAMOTORS,CMP / FCF,21.2
TATAMOTORS,EVEBITDA,7.13
TATAMOTORS,Enterprise Value,"₹ 4,72,035 Cr."
TATAMOTORS,Current ratio,0.88
TATAMOTORS,Int Coverage,3.90
TATAMOTORS,PEG Ratio,0.14
TATAMOTORS,Return over 3months,9.15 %
TATAMOTORS,Return over 6months,34.4 %
TATAMOTORS,No. Eq. Shares,332
TATAMOTORS,Sales growth 3Years,20.6 %
TATAMOTORS,Sales growth 5Years,7.72 %
TATAMOTORS,Profit Var 3Yrs,128 %
TATAMOTORS,Profit Var 5Yrs,93.1 %
TATAMOTORS,ROE 5Yr,5.84 %
TATAMOTORS,ROE 3Yr,14.6 %
TATAMOTORS,Return over 1year,69.5 %
TATAMOTORS,Return over 3years,55.3 %
TATAMOTORS,Return over 5years,49.3 %
TATAMOTORS,Market Cap,"₹ 4,10,579 Cr."
TATAMOTORS,Current Price,"₹ 1,118"
TATAMOTORS,High / Low,"₹ 1,118 / 593"
TATAMOTORS,Stock P/E,12.7
TATAMOTORS,Book Value,₹ 255
TATAMOTORS,Dividend Yield,0.27 %
TATAMOTORS,ROCE,20.1 %
TATAMOTORS,ROE,49.4 %
TATAMOTORS,Face Value,₹ 2.00
TATAMOTORS,Sales last year,"₹ 4,37,928 Cr."
TATAMOTORS,OP Ann,"₹ 59,538 Cr."
TATAMOTORS,Other Inc Ann,"₹ 5,673 Cr."
TATAMOTORS,EBIDT last year,"₹ 66,188 Cr."
TATAMOTORS,Dep Ann,"₹ 27,270 Cr."
TATAMOTORS,EBIT last year,"₹ 38,918 Cr."
TATAMOTORS,Interest last year,"₹ 9,986 Cr."
TATAMOTORS,PBT Ann,"₹ 27,955 Cr."
TATAMOTORS,Tax last year,"₹ -3,852 Cr."
TATAMOTORS,PAT Ann,"₹ 32,193 Cr."
TATAMOTORS,Extra Ord Item Ann,₹ -977 Cr.
TATAMOTORS,NP Ann,"₹ 31,807 Cr."
TATAMOTORS,Dividend last year,"₹ 4,676 Cr."
TATAMOTORS,Raw Material,62.3 %
TATAMOTORS,Employee cost,"₹ 42,487 Cr."
TATAMOTORS,OPM last year,13.6 %
TATAMOTORS,NPM last year,7.45 %
TATAMOTORS,Operating profit,"₹ 59,538 Cr."
TATAMOTORS,Interest,"₹ 9,986 Cr."
TATAMOTORS,Depreciation,"₹ 27,270 Cr."
TATAMOTORS,EPS last year,₹ 94.5
TATAMOTORS,EBIT,"₹ 38,918 Cr."
TATAMOTORS,Net profit,"₹ 31,807 Cr."
TATAMOTORS,Current Tax,"₹ 4,937 Cr."
TATAMOTORS,Tax,"₹ -3,852 Cr."
TATAMOTORS,Other income,"₹ 5,673 Cr."
TATAMOTORS,Ann Date,"2,02,403"
TATAMOTORS,Sales Prev Ann,"₹ 3,45,967 Cr."
TATAMOTORS,OP Prev Ann,"₹ 31,816 Cr."
TATAMOTORS,Other Inc Prev Ann,"₹ 6,664 Cr."
TATAMOTORS,EBIDT Prev Ann,"₹ 36,889 Cr."
TATAMOTORS,Dep Prev Ann,"₹ 24,860 Cr."
TATAMOTORS,EBIT preceding year,"₹ 12,029 Cr."
TATAMOTORS,Interest Prev Ann,"₹ 10,225 Cr."
TATAMOTORS,PBT Prev Ann,"₹ 3,394 Cr."
TATAMOTORS,Tax preceding year,₹ 704 Cr.
TATAMOTORS,PAT Prev Ann,"₹ 2,357 Cr."
TATAMOTORS,Extra Ord Prev Ann,"₹ 1,591 Cr."
TATAMOTORS,NP Prev Ann,"₹ 2,690 Cr."
TATAMOTORS,Dividend Prev Ann,₹ 766 Cr.
TATAMOTORS,OPM preceding year,9.20 %
TATAMOTORS,NPM preceding year,0.76 %
TATAMOTORS,EPS preceding year,₹ 7.27
TATAMOTORS,Sales Prev 12M,"₹ 4,23,874 Cr."
TATAMOTORS,Profit Prev 12M,"₹ 19,774 Cr."
TATAMOTORS,Med Sales Gwth 10Yrs,3.76 %
TATAMOTORS,Med Sales Gwth 5Yrs,11.5 %
TATAMOTORS,Sales growth 7Years,7.17 %
TATAMOTORS,Sales Var 10Yrs,6.52 %
TATAMOTORS,EBIDT growth 3Years,24.0 %
TATAMOTORS,EBIDT growth 5Years,19.2 %
TATAMOTORS,EBIDT growth 7Years,11.9 %
TATAMOTORS,EBIDT Var 10Yrs,6.41 %
TATAMOTORS,EPS growth 3Years,128 %
TATAMOTORS,EPS growth 5Years,88.2 %
TATAMOTORS,EPS growth 7Years,22.8 %
TATAMOTORS,EPS growth 10Years,6.69 %
TATAMOTORS,Profit Var 7Yrs,25.3 %
TATAMOTORS,Profit Var 10Yrs,8.20 %
TATAMOTORS,Chg in Prom Hold 3Yr,-0.05 %
TATAMOTORS,Market Cap,"₹ 4,10,579 Cr."
TATAMOTORS,Current Price,"₹ 1,118"
TATAMOTORS,High / Low,"₹ 1,118 / 593"
TATAMOTORS,Stock P/E,12.7
TATAMOTORS,Book Value,₹ 255
TATAMOTORS,Dividend Yield,0.27 %
TATAMOTORS,ROCE,20.1 %
TATAMOTORS,ROE,49.4 %
TATAMOTORS,Face Value,₹ 2.00
TATAMOTORS,OP Qtr,"₹ 17,135 Cr."
TATAMOTORS,Other Inc Qtr,"₹ 1,618 Cr."
TATAMOTORS,EBIDT Qtr,"₹ 18,842 Cr."
TATAMOTORS,Dep Qtr,"₹ 7,151 Cr."
TATAMOTORS,EBIT latest quarter,"₹ 11,691 Cr."
TATAMOTORS,Interest Qtr,"₹ 2,234 Cr."
TATAMOTORS,PBT Qtr,"₹ 9,369 Cr."
TATAMOTORS,Tax latest quarter,"₹ -8,159 Cr."
TATAMOTORS,Extra Ord Item Qtr,₹ -88.1 Cr.
TATAMOTORS,NP Qtr,"₹ 17,529 Cr."
TATAMOTORS,GPM latest quarter,38.5 %
TATAMOTORS,OPM latest quarter,14.3 %
TATAMOTORS,NPM latest quarter,14.7 %
TATAMOTORS,Eq Cap Qtr,₹ 766 Cr.
TATAMOTORS,EPS latest quarter,₹ 52.4
TATAMOTORS,OP 2Qtr Bk,"₹ 13,767 Cr."
TATAMOTORS,OP 3Qtr Bk,"₹ 13,218 Cr."
TATAMOTORS,Sales 2Qtr Bk,"₹ 1,05,128 Cr."
TATAMOTORS,Sales 3Qtr Bk,"₹ 1,02,236 Cr."
TATAMOTORS,NP 2Qtr Bk,"₹ 3,832 Cr."
TATAMOTORS,NP 3Qtr Bk,"₹ 3,301 Cr."
TATAMOTORS,Opert Prft Gwth,87.1 %
TATAMOTORS,Last result date,"2,02,403"
TATAMOTORS,Exp Qtr Sales Var,27.5 %
TATAMOTORS,Exp Qtr Sales,"₹ 1,30,316 Cr."
TATAMOTORS,Exp Qtr OP,"₹ 17,398 Cr."
TATAMOTORS,Exp Qtr NP,"₹ 7,036 Cr."
TATAMOTORS,Exp Qtr EPS,₹ 21.0
TATAMOTORS,Sales Prev Qtr,"₹ 1,10,577 Cr."
TATAMOTORS,OP Prev Qtr,"₹ 15,418 Cr."
TATAMOTORS,Other Inc Prev Qtr,"₹ 1,604 Cr."
TATAMOTORS,EBIDT Prev Qtr,"₹ 17,110 Cr."
TATAMOTORS,Dep Prev Qtr,"₹ 6,850 Cr."
TATAMOTORS,EBIT Prev Qtr,"₹ 10,260 Cr."
TATAMOTORS,Interest Prev Qtr,"₹ 2,485 Cr."
TATAMOTORS,PBT Prev Qtr,"₹ 7,687 Cr."
TATAMOTORS,Tax Prev Qtr,₹ 542 Cr.
TATAMOTORS,PAT Prev Qtr,"₹ 7,099 Cr."
TATAMOTORS,Extra Ord Prev Qtr,₹ -88.3 Cr.
TATAMOTORS,NP Prev Qtr,"₹ 7,145 Cr."
TATAMOTORS,OPM Prev Qtr,13.9 %
TATAMOTORS,NPM Prev Qtr,6.53 %
TATAMOTORS,Eq Cap Prev Qtr,₹ 766 Cr.
TATAMOTORS,EPS Prev Qtr,₹ 21.1
TATAMOTORS,Sales PY Qtr,"₹ 1,05,932 Cr."
TATAMOTORS,OP PY Qtr,"₹ 13,114 Cr."
TATAMOTORS,Other Inc PY Qtr,"₹ 1,453 Cr."
TATAMOTORS,EBIDT PY Qtr,"₹ 14,783 Cr."
TATAMOTORS,Dep PY Qtr,"₹ 7,050 Cr."
TATAMOTORS,EBIT PY Qtr,"₹ 7,732 Cr."
TATAMOTORS,Interest PY Qtr,"₹ 2,642 Cr."
TATAMOTORS,PBT PY Qtr,"₹ 4,875 Cr."
TATAMOTORS,Tax PY Qtr,₹ -621 Cr.
TATAMOTORS,Market Cap,"₹ 4,10,579 Cr."
TATAMOTORS,Current Price,"₹ 1,118"
TATAMOTORS,High / Low,"₹ 1,118 / 593"
TATAMOTORS,Stock P/E,12.7
TATAMOTORS,Book Value,₹ 255
TATAMOTORS,Dividend Yield,0.27 %
TATAMOTORS,ROCE,20.1 %
TATAMOTORS,ROE,49.4 %
TATAMOTORS,Face Value,₹ 2.00
TATAMOTORS,Equity capital,₹ 766 Cr.
TATAMOTORS,Preference capital,₹ 0.00 Cr.
TATAMOTORS,Reserves,"₹ 84,152 Cr."
TATAMOTORS,Secured loan,"₹ 24,643 Cr."
TATAMOTORS,Unsecured loan,"₹ 82,620 Cr."
TATAMOTORS,Balance sheet total,"₹ 3,69,521 Cr."
TATAMOTORS,Gross block,"₹ 3,34,482 Cr."
TATAMOTORS,Revaluation reserve,₹ 0.00 Cr.
TATAMOTORS,Accum Dep,"₹ 2,13,197 Cr."
TATAMOTORS,Net block,"₹ 1,21,285 Cr."
TATAMOTORS,CWIP,"₹ 35,698 Cr."
TATAMOTORS,Investments,"₹ 22,971 Cr."
TATAMOTORS,Current assets,"₹ 1,53,465 Cr."
TATAMOTORS,Current liabilities,"₹ 1,73,617 Cr."
TATAMOTORS,BV Unq Invest,₹ 0.00 Cr.
TATAMOTORS,MV Quoted Inv,"₹ 2,301 Cr."
TATAMOTORS,Cont Liab,"₹ 8,014 Cr."
TATAMOTORS,Total Assets,"₹ 3,69,521 Cr."
TATAMOTORS,Working capital,"₹ 17,292 Cr."
TATAMOTORS,Lease liabilities,"₹ 8,762 Cr."
TATAMOTORS,Inventory,"₹ 47,788 Cr."
TATAMOTORS,Trade receivables,"₹ 16,952 Cr."
TATAMOTORS,Face value,₹ 2.00
TATAMOTORS,Cash Equivalents,"₹ 45,807 Cr."
TATAMOTORS,Adv Cust,₹ 0.00 Cr.
TATAMOTORS,Trade Payables,"₹ 93,979 Cr."
TATAMOTORS,No. Eq. Shares PY,332
TATAMOTORS,Debt preceding year,"₹ 1,34,113 Cr."
TATAMOTORS,Work Cap PY,"₹ 14,684 Cr."
TATAMOTORS,Net Block PY,"₹ 1,32,080 Cr."
TATAMOTORS,Gross Block PY,"₹ 3,31,141 Cr."
TATAMOTORS,CWIP PY,"₹ 14,274 Cr."
TATAMOTORS,Work Cap 3Yr,"₹ 13,693 Cr."
TATAMOTORS,Work Cap 5Yr,"₹ -11,389 Cr."
TATAMOTORS,Work Cap 7Yr,₹ -691 Cr.
TATAMOTORS,Work Cap 10Yr,"₹ 3,613 Cr."
TATAMOTORS,Debt 3Years back,"₹ 1,42,131 Cr."
TATAMOTORS,Debt 5Years back,"₹ 1,06,175 Cr."
TATAMOTORS,Debt 7Years back,"₹ 78,604 Cr."
TATAMOTORS,Debt 10Years back,"₹ 60,642 Cr."
TATAMOTORS,Net Block 3Yrs Back,"₹ 1,38,708 Cr."
TATAMOTORS,Net Block 5Yrs Back,"₹ 1,11,234 Cr."
TATAMOTORS,Net Block 7Yrs Back,"₹ 95,944 Cr."
TATAMOTORS,Market Cap,"₹ 4,10,579 Cr."
TATAMOTORS,Current Price,"₹ 1,118"
TATAMOTORS,High / Low,"₹ 1,118 / 593"
TATAMOTORS,Stock P/E,12.7
TATAMOTORS,Book Value,₹ 255
TATAMOTORS,Dividend Yield,0.27 %
TATAMOTORS,ROCE,20.1 %
TATAMOTORS,ROE,49.4 %
TATAMOTORS,Face Value,₹ 2.00
TATAMOTORS,CF Operations,"₹ 67,915 Cr."
TATAMOTORS,Free Cash Flow,"₹ 36,733 Cr."
TATAMOTORS,CF Investing,"₹ -22,782 Cr."
TATAMOTORS,CF Financing,"₹ -37,006 Cr."
TATAMOTORS,Net CF,"₹ 8,128 Cr."
TATAMOTORS,Cash Beginning,"₹ 31,887 Cr."
TATAMOTORS,Cash End,"₹ 45,807 Cr."
TATAMOTORS,FCF Prev Ann,"₹ 16,443 Cr."
TATAMOTORS,CF Operations PY,"₹ 35,388 Cr."
TATAMOTORS,CF Investing PY,"₹ -15,417 Cr."
TATAMOTORS,CF Financing PY,"₹ -26,243 Cr."
TATAMOTORS,Net CF PY,"₹ -6,272 Cr."
TATAMOTORS,Cash Beginning PY,"₹ 38,159 Cr."
TATAMOTORS,Cash End PY,"₹ 37,016 Cr."
TATAMOTORS,Free Cash Flow 3Yrs,"₹ 52,520 Cr."
TATAMOTORS,Free Cash Flow 5Yrs,"₹ 58,768 Cr."
TATAMOTORS,Free Cash Flow 7Yrs,"₹ 31,232 Cr."
TATAMOTORS,Free Cash Flow 10Yrs,"₹ 55,511 Cr."
TATAMOTORS,CF Opr 3Yrs,"₹ 1,17,586 Cr."
TATAMOTORS,CF Opr 5Yrs,"₹ 1,73,220 Cr."
TATAMOTORS,CF Opr 7Yrs,"₹ 2,15,968 Cr."
TATAMOTORS,CF Opr 10Yrs,"₹ 3,19,598 Cr."
TATAMOTORS,CF Inv 10Yrs,"₹ -2,59,944 Cr."
TATAMOTORS,CF Inv 7Yrs,"₹ -1,47,447 Cr."
TATAMOTORS,CF Inv 5Yrs,"₹ -1,01,429 Cr."
TATAMOTORS,CF Inv 3Yrs,"₹ -42,642 Cr."
TATAMOTORS,Cash 3Years back,"₹ 46,792 Cr."
TATAMOTORS,Cash 5Years back,"₹ 32,649 Cr."
TATAMOTORS,Cash 7Years back,"₹ 36,078 Cr."
TATAMOTORS,Market Cap,"₹ 4,10,579 Cr."
TATAMOTORS,Current Price,"₹ 1,118"
TATAMOTORS,High / Low,"₹ 1,118 / 593"
TATAMOTORS,Stock P/E,12.7
TATAMOTORS,Book Value,₹ 255
TATAMOTORS,Dividend Yield,0.27 %
TATAMOTORS,ROCE,20.1 %
TATAMOTORS,ROE,49.4 %
TATAMOTORS,Face Value,₹ 2.00
TATAMOTORS,No. Eq. Shares,332
TATAMOTORS,Book value,₹ 255
TATAMOTORS,Inven TO,6.21
TATAMOTORS,Quick ratio,0.61
TATAMOTORS,Exports percentage,0.00 %
TATAMOTORS,Piotroski score,8.00
TATAMOTORS,G Factor,5.00
TATAMOTORS,Asset Turnover,1.24
TATAMOTORS,Financial leverage,4.15
TATAMOTORS,No. of Share Holders,"50,98,550"
TATAMOTORS,Unpledged Prom Hold,46.4 %
TATAMOTORS,ROIC,28.1 %
TATAMOTORS,Debtor days,14.1
TATAMOTORS,Industry PBV,7.58
TATAMOTORS,Credit rating,
TATAMOTORS,WC Days,-23.8
TATAMOTORS,Earning Power,10.5 %
TATAMOTORS,Graham Number,₹ 737
TATAMOTORS,Cash Cycle,-47.7
TATAMOTORS,Days Payable,126
TATAMOTORS,Days Receivable,14.1
TATAMOTORS,Inventory Days,64.0
TATAMOTORS,Public holding,19.4 %
TATAMOTORS,FII holding,18.2 %
TATAMOTORS,Chg in FII Hold,-1.02 %
TATAMOTORS,DII holding,15.9 %
TATAMOTORS,Chg in DII Hold,-0.08 %
TATAMOTORS,B.V. Prev Ann,₹ 136
TATAMOTORS,ROCE Prev Yr,6.30 %
TATAMOTORS,ROA Prev Yr,0.79 %
TATAMOTORS,ROE Prev Ann,5.25 %
TATAMOTORS,No. of Share Holders Prev Qtr,"46,16,908"
TATAMOTORS,No. Eq. Shares 10 Yrs,289
TATAMOTORS,BV 3yrs back,₹ 166
TATAMOTORS,BV 5yrs back,₹ 201
TATAMOTORS,BV 10yrs back,₹ 195
TATAMOTORS,Inven TO 3Yr,4.33
TATAMOTORS,Inven TO 5Yr,4.40
TATAMOTORS,Inven TO 7Yr,4.85
TATAMOTORS,Inven TO 10Yr,5.70
TATAMOTORS,Export 3Yr,0.00 %
TATAMOTORS,Export 5Yr,0.00 %
TATAMOTORS,Div 5Yrs,"₹ 1,088 Cr."
TATAMOTORS,ROCE 3Yr,9.26 %
TATAMOTORS,ROCE 5Yr,6.64 %
TATAMOTORS,ROCE 7Yr,6.28 %
TATAMOTORS,ROCE 10Yr,8.81 %
TATAMOTORS,ROE 10Yr,8.92 %
TATAMOTORS,ROE 7Yr,5.24 %
TATAMOTORS,ROE 5Yr Var,99.6 %
TATAMOTORS,OPM 5Year,10.6 %
TATAMOTORS,OPM 10Year,11.1 %
TATAMOTORS,No. of Share Holders 1Yr,"35,02,408"
TATAMOTORS,Avg Div Payout 3Yrs,15.5 %
TATAMOTORS,Debtor days 3yrs,15.7
TATAMOTORS,Debtor days 3yrs back,18.5
TATAMOTORS,Debtor days 5yrs back,23.0
TATAMOTORS,ROA 5Yr,0.89 %
TATAMOTORS,ROA 3Yr,2.24 %
TATAMOTORS,Market Cap,"₹ 4,10,579 Cr."
TATAMOTORS,Current Price,"₹ 1,118"
TATAMOTORS,High / Low,"₹ 1,118 / 593"
TATAMOTORS,Stock P/E,12.7
TATAMOTORS,Book Value,₹ 255
TATAMOTORS,Dividend Yield,0.27 %
TATAMOTORS,ROCE,20.1 %
TATAMOTORS,ROE,49.4 %
TATAMOTORS,Face Value,₹ 2.00
TATAMOTORS,Avg Vol 1Mth,"1,28,17,624"
TATAMOTORS,Avg Vol 1Wk,"1,60,95,642"
TATAMOTORS,Volume,"3,41,38,443"
TATAMOTORS,High price,"₹ 1,118"
TATAMOTORS,Low price,₹ 593
TATAMOTORS,High price all time,"₹ 1,118"
TATAMOTORS,Low price all time,₹ 24.1
TATAMOTORS,Return over 1day,2.48 %
TATAMOTORS,Return over 1week,10.2 %
TATAMOTORS,Return over 1month,14.6 %
TATAMOTORS,DMA 50,₹ 991
TATAMOTORS,DMA 200,₹ 879
TATAMOTORS,DMA 50 previous day,₹ 987
TATAMOTORS,200 DMA prev.,₹ 877
TATAMOTORS,RSI,71.2
TATAMOTORS,MACD,16.5
TATAMOTORS,MACD Previous Day,10.7
TATAMOTORS,MACD Signal,12.0
TATAMOTORS,MACD Signal Prev,10.8
TATAMOTORS,Avg Vol 1Yr,"1,20,13,918"
TATAMOTORS,Return over 7years,13.6 %
TATAMOTORS,Return over 10years,9.28 %
TATAMOTORS,Market Cap,"₹ 4,10,579 Cr."
TATAMOTORS,Current Price,"₹ 1,118"
TATAMOTORS,High / Low,"₹ 1,118 / 593"
TATAMOTORS,Stock P/E,12.7
TATAMOTORS,Book Value,₹ 255
TATAMOTORS,Dividend Yield,0.27 %
TATAMOTORS,ROCE,20.1 %
TATAMOTORS,ROE,49.4 %
TATAMOTORS,Face Value,₹ 2.00
TATAMOTORS,WC to Sales,3.95 %
TATAMOTORS,QoQ Profits,145 %
TATAMOTORS,QoQ Sales,8.51 %
TATAMOTORS,Net worth,"₹ 84,918 Cr."
TATAMOTORS,Market Cap to Sales,0.94
TATAMOTORS,Interest Coverage,3.90
TATAMOTORS,EV / EBIT,12.1
TATAMOTORS,Debt Capacity,0.17
TATAMOTORS,Debt To Profit,3.37
TATAMOTORS,Capital Employed,"₹ 1,74,276 Cr."
TATAMOTORS,CROIC,9.05 %
TATAMOTORS,debtplus,1.36
TATAMOTORS,Leverage,₹ 4.15
TATAMOTORS,Dividend Payout,14.9 %
TATAMOTORS,Intrinsic Value,₹ 644
TATAMOTORS,CDL,-16.9 %
TATAMOTORS,Cash by market cap,0.10
TATAMOTORS,52w Index,100 %
TATAMOTORS,Down from 52w high,0.00 %
TATAMOTORS,Up from 52w low,88.4 %
TATAMOTORS,From 52w high,1.00
TATAMOTORS,Mkt Cap To Debt Cap,0.95
TATAMOTORS,Dividend Payout,14.9 %
TATAMOTORS,Graham,₹ 737
TATAMOTORS,Price to Cash Flow,5.47
TATAMOTORS,ROCE3yr avg,9.26 %
TATAMOTORS,PB X PE,55.0
TATAMOTORS,NCAVPS,₹ 52.0
TATAMOTORS,Mar Cap to CF,6.05
TATAMOTORS,Altman Z Score,3.69
TATAMOTORS,M.Cap / Qtr Profit,23.5
