Ticker,Label,Value
EICHERMOT,Market Cap,"₹ 1,37,401 Cr."
EICHERMOT,Current Price,"₹ 5,014"
EICHERMOT,High / Low,"₹ 5,053 / 3,272"
EICHERMOT,Stock P/E,34.4
EICHERMOT,Book Value,₹ 659
EICHERMOT,Dividend Yield,1.03 %
EICHERMOT,ROCE,31.1 %
EICHERMOT,ROE,24.2 %
EICHERMOT,Face Value,₹ 1.00
EICHERMOT,Sales,"₹ 16,536 Cr."
EICHERMOT,OPM,26.2 %
EICHERMOT,Profit after tax,"₹ 4,001 Cr."
EICHERMOT,Mar Cap,"₹ 1,37,401 Cr."
EICHERMOT,Sales Qtr,"₹ 4,256 Cr."
EICHERMOT,PAT Qtr,"₹ 1,070 Cr."
EICHERMOT,Qtr Sales Var,11.9 %
EICHERMOT,Qtr Profit Var,18.2 %
EICHERMOT,Price to Earning,34.4
EICHERMOT,Dividend yield,1.03 %
EICHERMOT,Price to book value,7.60
EICHERMOT,ROCE,31.1 %
EICHERMOT,Return on assets,18.9 %
EICHERMOT,Debt to equity,0.02
EICHERMOT,Return on equity,24.2 %
EICHERMOT,EPS,₹ 146
EICHERMOT,Debt,₹ 419 Cr.
EICHERMOT,Promoter holding,49.1 %
EICHERMOT,Change in Prom Hold,-0.04 %
EICHERMOT,Earnings yield,3.90 %
EICHERMOT,Pledged percentage,0.00 %
EICHERMOT,Industry PE,52.4
EICHERMOT,Sales growth,14.5 %
EICHERMOT,Profit growth,37.3 %
EICHERMOT,Current Price,"₹ 5,014"
EICHERMOT,Price to Sales,8.31
EICHERMOT,CMP / FCF,69.0
EICHERMOT,EVEBITDA,23.5
EICHERMOT,Enterprise Value,"₹ 1,37,674 Cr."
EICHERMOT,Current ratio,1.15
EICHERMOT,Int Coverage,103
EICHERMOT,PEG Ratio,2.71
EICHERMOT,Return over 3months,6.51 %
EICHERMOT,Return over 6months,35.5 %
EICHERMOT,No. Eq. Shares,27.4
EICHERMOT,Sales growth 3Years,23.8 %
EICHERMOT,Sales growth 5Years,11.0 %
EICHERMOT,Profit Var 3Yrs,43.7 %
EICHERMOT,Profit Var 5Yrs,12.7 %
EICHERMOT,ROE 5Yr,18.8 %
EICHERMOT,ROE 3Yr,20.3 %
EICHERMOT,Return over 1year,47.3 %
EICHERMOT,Return over 3years,24.0 %
EICHERMOT,Return over 5years,23.3 %
EICHERMOT,Market Cap,"₹ 1,37,401 Cr."
EICHERMOT,Current Price,"₹ 5,014"
EICHERMOT,High / Low,"₹ 5,053 / 3,272"
EICHERMOT,Stock P/E,34.4
EICHERMOT,Book Value,₹ 659
EICHERMOT,Dividend Yield,1.03 %
EICHERMOT,ROCE,31.1 %
EICHERMOT,ROE,24.2 %
EICHERMOT,Face Value,₹ 1.00
EICHERMOT,Sales last year,"₹ 16,536 Cr."
EICHERMOT,OP Ann,"₹ 4,327 Cr."
EICHERMOT,Other Inc Ann,"₹ 1,524 Cr."
EICHERMOT,EBIDT last year,"₹ 5,850 Cr."
EICHERMOT,Dep Ann,₹ 598 Cr.
EICHERMOT,EBIT last year,"₹ 5,253 Cr."
EICHERMOT,Interest last year,₹ 50.9 Cr.
EICHERMOT,PBT Ann,"₹ 5,202 Cr."
EICHERMOT,Tax last year,"₹ 1,201 Cr."
EICHERMOT,PAT Ann,"₹ 4,001 Cr."
EICHERMOT,Extra Ord Item Ann,₹ 0.00 Cr.
EICHERMOT,NP Ann,"₹ 4,001 Cr."
EICHERMOT,Dividend last year,"₹ 1,396 Cr."
EICHERMOT,Raw Material,54.3 %
EICHERMOT,Employee cost,"₹ 1,236 Cr."
EICHERMOT,OPM last year,26.2 %
EICHERMOT,NPM last year,24.2 %
EICHERMOT,Operating profit,"₹ 4,327 Cr."
EICHERMOT,Interest,₹ 50.9 Cr.
EICHERMOT,Depreciation,₹ 598 Cr.
EICHERMOT,EPS last year,₹ 146
EICHERMOT,EBIT,"₹ 5,253 Cr."
EICHERMOT,Net profit,"₹ 4,001 Cr."
EICHERMOT,Current Tax,"₹ 1,040 Cr."
EICHERMOT,Tax,"₹ 1,201 Cr."
EICHERMOT,Other income,"₹ 1,524 Cr."
EICHERMOT,Ann Date,"2,02,403"
EICHERMOT,Sales Prev Ann,"₹ 14,442 Cr."
EICHERMOT,OP Prev Ann,"₹ 3,446 Cr."
EICHERMOT,Other Inc Prev Ann,₹ 908 Cr.
EICHERMOT,EBIDT Prev Ann,"₹ 4,354 Cr."
EICHERMOT,Dep Prev Ann,₹ 526 Cr.
EICHERMOT,EBIT preceding year,"₹ 3,828 Cr."
EICHERMOT,Interest Prev Ann,₹ 28.0 Cr.
EICHERMOT,PBT Prev Ann,"₹ 3,800 Cr."
EICHERMOT,Tax preceding year,₹ 886 Cr.
EICHERMOT,PAT Prev Ann,"₹ 2,914 Cr."
EICHERMOT,Extra Ord Prev Ann,₹ -0.31 Cr.
EICHERMOT,NP Prev Ann,"₹ 2,914 Cr."
EICHERMOT,Dividend Prev Ann,"₹ 1,012 Cr."
EICHERMOT,OPM preceding year,23.9 %
EICHERMOT,NPM preceding year,20.2 %
EICHERMOT,EPS preceding year,₹ 107
EICHERMOT,Sales Prev 12M,"₹ 16,084 Cr."
EICHERMOT,Profit Prev 12M,"₹ 3,836 Cr."
EICHERMOT,Med Sales Gwth 10Yrs,13.9 %
EICHERMOT,Med Sales Gwth 5Yrs,14.5 %
EICHERMOT,Sales growth 7Years,13.0 %
EICHERMOT,Sales Var 10Yrs,9.28 %
EICHERMOT,EBIDT growth 3Years,37.2 %
EICHERMOT,EBIDT growth 5Years,10.2 %
EICHERMOT,EBIDT growth 7Years,12.3 %
EICHERMOT,EBIDT Var 10Yrs,22.3 %
EICHERMOT,EPS growth 3Years,43.6 %
EICHERMOT,EPS growth 5Years,12.6 %
EICHERMOT,EPS growth 7Years,13.2 %
EICHERMOT,EPS growth 10Years,26.4 %
EICHERMOT,Profit Var 7Yrs,13.3 %
EICHERMOT,Profit Var 10Yrs,26.6 %
EICHERMOT,Chg in Prom Hold 3Yr,-0.11 %
EICHERMOT,Market Cap,"₹ 1,37,401 Cr."
EICHERMOT,Current Price,"₹ 5,014"
EICHERMOT,High / Low,"₹ 5,053 / 3,272"
EICHERMOT,Stock P/E,34.4
EICHERMOT,Book Value,₹ 659
EICHERMOT,Dividend Yield,1.03 %
EICHERMOT,ROCE,31.1 %
EICHERMOT,ROE,24.2 %
EICHERMOT,Face Value,₹ 1.00
EICHERMOT,OP Qtr,"₹ 1,129 Cr."
EICHERMOT,Other Inc Qtr,₹ 437 Cr.
EICHERMOT,EBIDT Qtr,"₹ 1,566 Cr."
EICHERMOT,Dep Qtr,₹ 165 Cr.
EICHERMOT,EBIT latest quarter,"₹ 1,400 Cr."
EICHERMOT,Interest Qtr,₹ 15.3 Cr.
EICHERMOT,PBT Qtr,"₹ 1,385 Cr."
EICHERMOT,Tax latest quarter,₹ 315 Cr.
EICHERMOT,Extra Ord Item Qtr,₹ 0.00 Cr.
EICHERMOT,NP Qtr,"₹ 1,070 Cr."
EICHERMOT,GPM latest quarter,46.5 %
EICHERMOT,OPM latest quarter,26.5 %
EICHERMOT,NPM latest quarter,25.2 %
EICHERMOT,Eq Cap Qtr,₹ 27.4 Cr.
EICHERMOT,EPS latest quarter,₹ 39.1
EICHERMOT,OP 2Qtr Bk,"₹ 1,087 Cr."
EICHERMOT,OP 3Qtr Bk,"₹ 1,021 Cr."
EICHERMOT,Sales 2Qtr Bk,"₹ 4,115 Cr."
EICHERMOT,Sales 3Qtr Bk,"₹ 3,986 Cr."
EICHERMOT,NP 2Qtr Bk,"₹ 1,016 Cr."
EICHERMOT,NP 3Qtr Bk,₹ 918 Cr.
EICHERMOT,Opert Prft Gwth,25.6 %
EICHERMOT,Last result date,"2,02,403"
EICHERMOT,Exp Qtr Sales Var,14.6 %
EICHERMOT,Exp Qtr Sales,"₹ 4,566 Cr."
EICHERMOT,Exp Qtr OP,"₹ 1,186 Cr."
EICHERMOT,Exp Qtr NP,"₹ 1,004 Cr."
EICHERMOT,Exp Qtr EPS,₹ 36.6
EICHERMOT,Sales Prev Qtr,"₹ 4,179 Cr."
EICHERMOT,OP Prev Qtr,"₹ 1,090 Cr."
EICHERMOT,Other Inc Prev Qtr,₹ 368 Cr.
EICHERMOT,EBIDT Prev Qtr,"₹ 1,458 Cr."
EICHERMOT,Dep Prev Qtr,₹ 148 Cr.
EICHERMOT,EBIT Prev Qtr,"₹ 1,310 Cr."
EICHERMOT,Interest Prev Qtr,₹ 12.4 Cr.
EICHERMOT,PBT Prev Qtr,"₹ 1,298 Cr."
EICHERMOT,Tax Prev Qtr,₹ 302 Cr.
EICHERMOT,PAT Prev Qtr,₹ 996 Cr.
EICHERMOT,Extra Ord Prev Qtr,₹ 0.00 Cr.
EICHERMOT,NP Prev Qtr,₹ 996 Cr.
EICHERMOT,OPM Prev Qtr,26.1 %
EICHERMOT,NPM Prev Qtr,23.8 %
EICHERMOT,Eq Cap Prev Qtr,₹ 27.4 Cr.
EICHERMOT,EPS Prev Qtr,₹ 36.4
EICHERMOT,Sales PY Qtr,"₹ 3,804 Cr."
EICHERMOT,OP PY Qtr,₹ 934 Cr.
EICHERMOT,Other Inc PY Qtr,₹ 379 Cr.
EICHERMOT,EBIDT PY Qtr,"₹ 1,313 Cr."
EICHERMOT,Dep PY Qtr,₹ 148 Cr.
EICHERMOT,EBIT PY Qtr,"₹ 1,165 Cr."
EICHERMOT,Interest PY Qtr,₹ 8.16 Cr.
EICHERMOT,PBT PY Qtr,"₹ 1,156 Cr."
EICHERMOT,Tax PY Qtr,₹ 251 Cr.
EICHERMOT,Market Cap,"₹ 1,37,401 Cr."
EICHERMOT,Current Price,"₹ 5,014"
EICHERMOT,High / Low,"₹ 5,053 / 3,272"
EICHERMOT,Stock P/E,34.4
EICHERMOT,Book Value,₹ 659
EICHERMOT,Dividend Yield,1.03 %
EICHERMOT,ROCE,31.1 %
EICHERMOT,ROE,24.2 %
EICHERMOT,Face Value,₹ 1.00
EICHERMOT,Equity capital,₹ 27.4 Cr.
EICHERMOT,Preference capital,₹ 0.00 Cr.
EICHERMOT,Reserves,"₹ 18,018 Cr."
EICHERMOT,Secured loan,₹ 196 Cr.
EICHERMOT,Unsecured loan,₹ 92.7 Cr.
EICHERMOT,Balance sheet total,"₹ 23,128 Cr."
EICHERMOT,Gross block,"₹ 5,121 Cr."
EICHERMOT,Revaluation reserve,₹ 0.00 Cr.
EICHERMOT,Accum Dep,"₹ 2,431 Cr."
EICHERMOT,Net block,"₹ 3,258 Cr."
EICHERMOT,CWIP,₹ 212 Cr.
EICHERMOT,Investments,"₹ 13,527 Cr."
EICHERMOT,Current assets,"₹ 4,151 Cr."
EICHERMOT,Current liabilities,"₹ 3,598 Cr."
EICHERMOT,BV Unq Invest,₹ 0.00 Cr.
EICHERMOT,MV Quoted Inv,"₹ 9,639 Cr."
EICHERMOT,Cont Liab,₹ 163 Cr.
EICHERMOT,Total Assets,"₹ 23,128 Cr."
EICHERMOT,Working capital,₹ 701 Cr.
EICHERMOT,Lease liabilities,₹ 144 Cr.
EICHERMOT,Inventory,"₹ 1,410 Cr."
EICHERMOT,Trade receivables,₹ 374 Cr.
EICHERMOT,Face value,₹ 1.00
EICHERMOT,Cash Equivalents,₹ 146 Cr.
EICHERMOT,Adv Cust,₹ 126 Cr.
EICHERMOT,Trade Payables,"₹ 2,090 Cr."
EICHERMOT,No. Eq. Shares PY,27.4
EICHERMOT,Debt preceding year,₹ 288 Cr.
EICHERMOT,Work Cap PY,₹ 386 Cr.
EICHERMOT,Net Block PY,"₹ 2,690 Cr."
EICHERMOT,Gross Block PY,"₹ 5,121 Cr."
EICHERMOT,CWIP PY,₹ 472 Cr.
EICHERMOT,Work Cap 3Yr,"₹ 5,277 Cr."
EICHERMOT,Work Cap 5Yr,"₹ 2,035 Cr."
EICHERMOT,Work Cap 7Yr,₹ -921 Cr.
EICHERMOT,Work Cap 10Yr,₹ 182 Cr.
EICHERMOT,Debt 3Years back,₹ 219 Cr.
EICHERMOT,Debt 5Years back,₹ 187 Cr.
EICHERMOT,Debt 7Years back,₹ 112 Cr.
EICHERMOT,Debt 10Years back,₹ 83.9 Cr.
EICHERMOT,Net Block 3Yrs Back,"₹ 2,433 Cr."
EICHERMOT,Net Block 5Yrs Back,"₹ 1,875 Cr."
EICHERMOT,Net Block 7Yrs Back,₹ 873 Cr.
EICHERMOT,Market Cap,"₹ 1,37,401 Cr."
EICHERMOT,Current Price,"₹ 5,014"
EICHERMOT,High / Low,"₹ 5,053 / 3,272"
EICHERMOT,Stock P/E,34.4
EICHERMOT,Book Value,₹ 659
EICHERMOT,Dividend Yield,1.03 %
EICHERMOT,ROCE,31.1 %
EICHERMOT,ROE,24.2 %
EICHERMOT,Face Value,₹ 1.00
EICHERMOT,CF Operations,"₹ 3,724 Cr."
EICHERMOT,Free Cash Flow,"₹ 2,909 Cr."
EICHERMOT,CF Investing,"₹ -2,852 Cr."
EICHERMOT,CF Financing,₹ -844 Cr.
EICHERMOT,Net CF,₹ 27.4 Cr.
EICHERMOT,Cash Beginning,₹ 53.0 Cr.
EICHERMOT,Cash End,₹ 146 Cr.
EICHERMOT,FCF Prev Ann,"₹ 2,174 Cr."
EICHERMOT,CF Operations PY,"₹ 2,847 Cr."
EICHERMOT,CF Investing PY,"₹ -2,422 Cr."
EICHERMOT,CF Financing PY,₹ -417 Cr.
EICHERMOT,Net CF PY,₹ 8.42 Cr.
EICHERMOT,Cash Beginning PY,₹ 44.6 Cr.
EICHERMOT,Cash End PY,₹ 857 Cr.
EICHERMOT,Free Cash Flow 3Yrs,"₹ 5,971 Cr."
EICHERMOT,Free Cash Flow 5Yrs,"₹ 8,297 Cr."
EICHERMOT,Free Cash Flow 7Yrs,"₹ 10,819 Cr."
EICHERMOT,Free Cash Flow 10Yrs,"₹ 13,013 Cr."
EICHERMOT,CF Opr 3Yrs,"₹ 8,098 Cr."
EICHERMOT,CF Opr 5Yrs,"₹ 11,483 Cr."
EICHERMOT,CF Opr 7Yrs,"₹ 15,541 Cr."
EICHERMOT,CF Opr 10Yrs,"₹ 19,760 Cr."
EICHERMOT,CF Inv 10Yrs,"₹ -16,155 Cr."
EICHERMOT,CF Inv 7Yrs,"₹ -12,195 Cr."
EICHERMOT,CF Inv 5Yrs,"₹ -9,391 Cr."
EICHERMOT,CF Inv 3Yrs,"₹ -6,257 Cr."
EICHERMOT,Cash 3Years back,"₹ 5,830 Cr."
EICHERMOT,Cash 5Years back,"₹ 2,965 Cr."
EICHERMOT,Cash 7Years back,₹ 25.1 Cr.
EICHERMOT,Market Cap,"₹ 1,37,401 Cr."
EICHERMOT,Current Price,"₹ 5,014"
EICHERMOT,High / Low,"₹ 5,053 / 3,272"
EICHERMOT,Stock P/E,34.4
EICHERMOT,Book Value,₹ 659
EICHERMOT,Dividend Yield,1.03 %
EICHERMOT,ROCE,31.1 %
EICHERMOT,ROE,24.2 %
EICHERMOT,Face Value,₹ 1.00
EICHERMOT,No. Eq. Shares,27.4
EICHERMOT,Book value,₹ 659
EICHERMOT,Inven TO,6.68
EICHERMOT,Quick ratio,0.76
EICHERMOT,Exports percentage,0.00 %
EICHERMOT,Piotroski score,6.00
EICHERMOT,G Factor,5.00
EICHERMOT,Asset Turnover,0.78
EICHERMOT,Financial leverage,1.17
EICHERMOT,No. of Share Holders,"2,56,978"
EICHERMOT,Unpledged Prom Hold,49.1 %
EICHERMOT,ROIC,102 %
EICHERMOT,Debtor days,8.25
EICHERMOT,Industry PBV,7.44
EICHERMOT,Credit rating,
EICHERMOT,WC Days,12.2
EICHERMOT,Earning Power,22.7 %
EICHERMOT,Graham Number,"₹ 1,472"
EICHERMOT,Cash Cycle,-19.4
EICHERMOT,Days Payable,85.0
EICHERMOT,Days Receivable,8.25
EICHERMOT,Inventory Days,57.3
EICHERMOT,Public holding,10.1 %
EICHERMOT,FII holding,28.8 %
EICHERMOT,Chg in FII Hold,-0.14 %
EICHERMOT,DII holding,11.8 %
EICHERMOT,Chg in DII Hold,0.80 %
EICHERMOT,B.V. Prev Ann,₹ 548
EICHERMOT,ROCE Prev Yr,27.4 %
EICHERMOT,ROA Prev Yr,16.5 %
EICHERMOT,ROE Prev Ann,21.1 %
EICHERMOT,No. of Share Holders Prev Qtr,"2,63,132"
EICHERMOT,No. Eq. Shares 10 Yrs,27.1
EICHERMOT,BV 3yrs back,₹ 418
EICHERMOT,BV 5yrs back,₹ 365
EICHERMOT,BV 10yrs back,₹ 92.8
EICHERMOT,Inven TO 3Yr,7.14
EICHERMOT,Inven TO 5Yr,8.40
EICHERMOT,Inven TO 7Yr,12.9
EICHERMOT,Inven TO 10Yr,9.97
EICHERMOT,Export 3Yr,0.00 %
EICHERMOT,Export 5Yr,0.00 %
EICHERMOT,Div 5Yrs,₹ 758 Cr.
EICHERMOT,ROCE 3Yr,25.6 %
EICHERMOT,ROCE 5Yr,23.6 %
EICHERMOT,ROCE 7Yr,29.7 %
EICHERMOT,ROCE 10Yr,34.0 %
EICHERMOT,ROE 10Yr,22.6 %
EICHERMOT,ROE 7Yr,20.8 %
EICHERMOT,ROE 5Yr Var,-2.60 %
EICHERMOT,OPM 5Year,23.5 %
EICHERMOT,OPM 10Year,24.6 %
EICHERMOT,No. of Share Holders 1Yr,"2,45,461"
EICHERMOT,Avg Div Payout 3Yrs,34.6 %
EICHERMOT,Debtor days 3yrs,9.43
EICHERMOT,Debtor days 3yrs back,6.62
EICHERMOT,Debtor days 5yrs back,3.14
EICHERMOT,ROA 5Yr,14.3 %
EICHERMOT,ROA 3Yr,15.4 %
EICHERMOT,Market Cap,"₹ 1,37,401 Cr."
EICHERMOT,Current Price,"₹ 5,014"
EICHERMOT,High / Low,"₹ 5,053 / 3,272"
EICHERMOT,Stock P/E,34.4
EICHERMOT,Book Value,₹ 659
EICHERMOT,Dividend Yield,1.03 %
EICHERMOT,ROCE,31.1 %
EICHERMOT,ROE,24.2 %
EICHERMOT,Face Value,₹ 1.00
EICHERMOT,Avg Vol 1Mth,"6,29,370"
EICHERMOT,Avg Vol 1Wk,"5,95,544"
EICHERMOT,Volume,"4,16,043"
EICHERMOT,High price,"₹ 5,053"
EICHERMOT,Low price,"₹ 3,272"
EICHERMOT,High price all time,"₹ 5,053"
EICHERMOT,Low price all time,₹ 13.5
EICHERMOT,Return over 1day,2.32 %
EICHERMOT,Return over 1week,1.03 %
EICHERMOT,Return over 1month,3.40 %
EICHERMOT,DMA 50,"₹ 4,736"
EICHERMOT,DMA 200,"₹ 4,225"
EICHERMOT,DMA 50 previous day,"₹ 4,729"
EICHERMOT,200 DMA prev.,"₹ 4,219"
EICHERMOT,RSI,58.5
EICHERMOT,MACD,45.6
EICHERMOT,MACD Previous Day,46.0
EICHERMOT,MACD Signal,39.0
EICHERMOT,MACD Signal Prev,37.4
EICHERMOT,Avg Vol 1Yr,"6,67,127"
EICHERMOT,Return over 7years,7.58 %
EICHERMOT,Return over 10years,19.0 %
EICHERMOT,Market Cap,"₹ 1,37,401 Cr."
EICHERMOT,Current Price,"₹ 5,014"
EICHERMOT,High / Low,"₹ 5,053 / 3,272"
EICHERMOT,Stock P/E,34.4
EICHERMOT,Book Value,₹ 659
EICHERMOT,Dividend Yield,1.03 %
EICHERMOT,ROCE,31.1 %
EICHERMOT,ROE,24.2 %
EICHERMOT,Face Value,₹ 1.00
EICHERMOT,WC to Sales,4.24 %
EICHERMOT,QoQ Profits,7.48 %
EICHERMOT,QoQ Sales,1.85 %
EICHERMOT,Net worth,"₹ 18,046 Cr."
EICHERMOT,Market Cap to Sales,8.31
EICHERMOT,Interest Coverage,103
EICHERMOT,EV / EBIT,26.2
EICHERMOT,Debt Capacity,0.15
EICHERMOT,Debt To Profit,0.10
EICHERMOT,Capital Employed,"₹ 4,170 Cr."
EICHERMOT,CROIC,11.8 %
EICHERMOT,debtplus,0.03
EICHERMOT,Leverage,₹ 1.17
EICHERMOT,Dividend Payout,34.9 %
EICHERMOT,Intrinsic Value,"₹ 2,485"
EICHERMOT,CDL,-0.32 %
EICHERMOT,Cash by market cap,0.00
EICHERMOT,52w Index,97.8 %
EICHERMOT,Down from 52w high,0.77 %
EICHERMOT,Up from 52w low,53.2 %
EICHERMOT,From 52w high,0.99
EICHERMOT,Mkt Cap To Debt Cap,4.79
EICHERMOT,Dividend Payout,34.9 %
EICHERMOT,Graham,"₹ 1,472"
EICHERMOT,Price to Cash Flow,36.9
EICHERMOT,ROCE3yr avg,25.6 %
EICHERMOT,PB X PE,261
EICHERMOT,NCAVPS,₹ 25.6
EICHERMOT,Mar Cap to CF,36.9
EICHERMOT,Altman Z Score,12.1
EICHERMOT,M.Cap / Qtr Profit,128
