Ticker,Label,Value
SBIN,Market Cap,"₹ 7,70,863 Cr."
SBIN,Current Price,₹ 864
SBIN,High / Low,₹ 912 / 543
SBIN,Stock P/E,11.6
SBIN,Book Value,₹ 465
SBIN,Dividend Yield,1.60 %
SBIN,ROCE,6.16 %
SBIN,ROE,17.3 %
SBIN,Face Value,₹ 1.00
SBIN,Sales,"₹ 4,39,189 Cr."
SBIN,OPM,45.4 %
SBIN,Profit after tax,"₹ 67,102 Cr."
SBIN,Mar Cap,"₹ 7,70,863 Cr."
SBIN,Sales Qtr,"₹ 1,17,469 Cr."
SBIN,PAT Qtr,"₹ 21,384 Cr."
SBIN,Qtr Sales Var,19.8 %
SBIN,Qtr Profit Var,18.2 %
SBIN,Price to Earning,11.6
SBIN,Dividend yield,1.60 %
SBIN,Price to book value,1.83
SBIN,ROCE,6.16 %
SBIN,Return on assets,1.10 %
SBIN,Debt to equity,13.5
SBIN,Return on equity,17.3 %
SBIN,EPS,₹ 75.2
SBIN,Debt,"₹ 56,06,147 Cr."
SBIN,Promoter holding,57.5 %
SBIN,Change in Prom Hold,0.00 %
SBIN,Earnings yield,5.81 %
SBIN,Pledged percentage,0.00 %
SBIN,Industry PE,9.46
SBIN,Sales growth,25.2 %
SBIN,Profit growth,20.5 %
SBIN,Current Price,₹ 864
SBIN,Price to Sales,1.76
SBIN,CMP / FCF,-238
SBIN,EVEBITDA,17.0
SBIN,Enterprise Value,"₹ 60,50,438 Cr."
SBIN,Current ratio,2.56
SBIN,Int Coverage,1.35
SBIN,PEG Ratio,0.12
SBIN,Return over 3months,5.89 %
SBIN,Return over 6months,38.5 %
SBIN,No. Eq. Shares,892
SBIN,Sales growth 3Years,16.4 %
SBIN,Sales growth 5Years,11.6 %
SBIN,Profit Var 3Yrs,44.1 %
SBIN,Profit Var 5Yrs,98.7 %
SBIN,ROE 5Yr,13.0 %
SBIN,ROE 3Yr,15.7 %
SBIN,Return over 1year,37.6 %
SBIN,Return over 3years,25.4 %
SBIN,Return over 5years,19.9 %
SBIN,Market Cap,"₹ 7,70,863 Cr."
SBIN,Current Price,₹ 864
SBIN,High / Low,₹ 912 / 543
SBIN,Stock P/E,11.6
SBIN,Book Value,₹ 465
SBIN,Dividend Yield,1.60 %
SBIN,ROCE,6.16 %
SBIN,ROE,17.3 %
SBIN,Face Value,₹ 1.00
SBIN,Sales last year,"₹ 4,39,189 Cr."
SBIN,OP Ann,"₹ 1,99,439 Cr."
SBIN,Other Inc Ann,"₹ 1,55,386 Cr."
SBIN,EBIDT last year,"₹ 3,54,850 Cr."
SBIN,Dep Ann,"₹ 3,849 Cr."
SBIN,EBIT last year,"₹ 3,51,001 Cr."
SBIN,Interest last year,"₹ 2,59,736 Cr."
SBIN,PBT Ann,"₹ 91,240 Cr."
SBIN,Tax last year,"₹ 23,102 Cr."
SBIN,PAT Ann,"₹ 67,102 Cr."
SBIN,Extra Ord Item Ann,₹ -25.2 Cr.
SBIN,NP Ann,"₹ 69,543 Cr."
SBIN,Dividend last year,"₹ 12,227 Cr."
SBIN,Raw Material,0.00 %
SBIN,Employee cost,"₹ 83,687 Cr."
SBIN,OPM last year,45.4 %
SBIN,NPM last year,15.8 %
SBIN,Operating profit,"₹ 1,99,439 Cr."
SBIN,Interest,"₹ 2,59,736 Cr."
SBIN,Depreciation,"₹ 3,849 Cr."
SBIN,EPS last year,₹ 75.2
SBIN,EBIT,"₹ 3,51,001 Cr."
SBIN,Net profit,"₹ 69,543 Cr."
SBIN,Current Tax,"₹ 25,371 Cr."
SBIN,Tax,"₹ 23,102 Cr."
SBIN,Other income,"₹ 1,55,386 Cr."
SBIN,Ann Date,"2,02,403"
SBIN,Sales Prev Ann,"₹ 3,50,845 Cr."
SBIN,OP Prev Ann,"₹ 1,46,541 Cr."
SBIN,Other Inc Prev Ann,"₹ 1,22,534 Cr."
SBIN,EBIDT Prev Ann,"₹ 2,69,104 Cr."
SBIN,Dep Prev Ann,"₹ 3,696 Cr."
SBIN,EBIT preceding year,"₹ 2,65,408 Cr."
SBIN,Interest Prev Ann,"₹ 1,89,981 Cr."
SBIN,PBT Prev Ann,"₹ 75,399 Cr."
SBIN,Tax preceding year,"₹ 18,840 Cr."
SBIN,PAT Prev Ann,"₹ 55,668 Cr."
SBIN,Extra Ord Prev Ann,₹ -29.0 Cr.
SBIN,NP Prev Ann,"₹ 57,750 Cr."
SBIN,Dividend Prev Ann,"₹ 10,085 Cr."
SBIN,OPM preceding year,41.8 %
SBIN,NPM preceding year,16.5 %
SBIN,EPS preceding year,₹ 62.4
SBIN,Sales Prev 12M,"₹ 4,19,802 Cr."
SBIN,Profit Prev 12M,"₹ 66,109 Cr."
SBIN,Med Sales Gwth 10Yrs,6.09 %
SBIN,Med Sales Gwth 5Yrs,6.53 %
SBIN,Sales growth 7Years,9.65 %
SBIN,Sales Var 10Yrs,8.79 %
SBIN,EBIDT growth 3Years,22.6 %
SBIN,EBIDT growth 5Years,16.7 %
SBIN,EBIDT growth 7Years,12.8 %
SBIN,EBIDT Var 10Yrs,9.38 %
SBIN,EPS growth 3Years,44.1 %
SBIN,EPS growth 5Years,98.7 %
SBIN,EPS growth 7Years,113 %
SBIN,EPS growth 10Years,14.7 %
SBIN,Profit Var 7Yrs,116 %
SBIN,Profit Var 10Yrs,16.8 %
SBIN,Chg in Prom Hold 3Yr,-0.08 %
SBIN,Market Cap,"₹ 7,70,863 Cr."
SBIN,Current Price,₹ 864
SBIN,High / Low,₹ 912 / 543
SBIN,Stock P/E,11.6
SBIN,Book Value,₹ 465
SBIN,Dividend Yield,1.60 %
SBIN,ROCE,6.16 %
SBIN,ROE,17.3 %
SBIN,Face Value,₹ 1.00
SBIN,OP Qtr,"₹ 52,051 Cr."
SBIN,Other Inc Qtr,"₹ 47,445 Cr."
SBIN,EBIDT Qtr,"₹ 99,496 Cr."
SBIN,Dep Qtr,₹ 0.00 Cr.
SBIN,EBIT latest quarter,"₹ 99,496 Cr."
SBIN,Interest Qtr,"₹ 70,644 Cr."
SBIN,PBT Qtr,"₹ 28,852 Cr."
SBIN,Tax latest quarter,"₹ 7,115 Cr."
SBIN,Extra Ord Item Qtr,₹ 0.00 Cr.
SBIN,NP Qtr,"₹ 22,203 Cr."
SBIN,GPM latest quarter,100 %
SBIN,OPM latest quarter,44.3 %
SBIN,NPM latest quarter,18.9 %
SBIN,Eq Cap Qtr,₹ 892 Cr.
SBIN,EPS latest quarter,₹ 24.0
SBIN,OP 2Qtr Bk,"₹ 48,026 Cr."
SBIN,OP 3Qtr Bk,"₹ 52,380 Cr."
SBIN,Sales 2Qtr Bk,"₹ 1,07,391 Cr."
SBIN,Sales 3Qtr Bk,"₹ 1,01,460 Cr."
SBIN,NP 2Qtr Bk,"₹ 16,648 Cr."
SBIN,NP 3Qtr Bk,"₹ 19,094 Cr."
SBIN,Opert Prft Gwth,36.1 %
SBIN,Last result date,"2,02,403"
SBIN,Exp Qtr Sales Var,25.4 %
SBIN,Exp Qtr Sales,"₹ 1,27,175 Cr."
SBIN,Exp Qtr OP,"₹ 61,132 Cr."
SBIN,Exp Qtr NP,"₹ -9,488 Cr."
SBIN,Exp Qtr EPS,₹ -10.2
SBIN,Sales Prev Qtr,"₹ 1,12,868 Cr."
SBIN,OP Prev Qtr,"₹ 50,233 Cr."
SBIN,Other Inc Prev Qtr,"₹ 33,103 Cr."
SBIN,EBIDT Prev Qtr,"₹ 90,437 Cr."
SBIN,Dep Prev Qtr,₹ 0.00 Cr.
SBIN,EBIT Prev Qtr,"₹ 90,437 Cr."
SBIN,Interest Prev Qtr,"₹ 68,092 Cr."
SBIN,PBT Prev Qtr,"₹ 15,245 Cr."
SBIN,Tax Prev Qtr,"₹ 3,962 Cr."
SBIN,PAT Prev Qtr,"₹ 16,077 Cr."
SBIN,Extra Ord Prev Qtr,"₹ -7,100 Cr."
SBIN,NP Prev Qtr,"₹ 11,598 Cr."
SBIN,OPM Prev Qtr,44.5 %
SBIN,NPM Prev Qtr,14.9 %
SBIN,Eq Cap Prev Qtr,₹ Cr.
SBIN,EPS Prev Qtr,₹ 12.4
SBIN,Sales PY Qtr,"₹ 98,083 Cr."
SBIN,OP PY Qtr,"₹ 38,118 Cr."
SBIN,Other Inc PY Qtr,"₹ 38,769 Cr."
SBIN,EBIDT PY Qtr,"₹ 76,887 Cr."
SBIN,Dep PY Qtr,₹ 0.00 Cr.
SBIN,EBIT PY Qtr,"₹ 76,887 Cr."
SBIN,Interest PY Qtr,"₹ 53,451 Cr."
SBIN,PBT PY Qtr,"₹ 23,436 Cr."
SBIN,Tax PY Qtr,"₹ 5,092 Cr."
SBIN,Market Cap,"₹ 7,70,863 Cr."
SBIN,Current Price,₹ 864
SBIN,High / Low,₹ 912 / 543
SBIN,Stock P/E,11.6
SBIN,Book Value,₹ 465
SBIN,Dividend Yield,1.60 %
SBIN,ROCE,6.16 %
SBIN,ROE,17.3 %
SBIN,Face Value,₹ 1.00
SBIN,Equity capital,₹ 892 Cr.
SBIN,Preference capital,₹ 0.00 Cr.
SBIN,Reserves,"₹ 4,14,047 Cr."
SBIN,Secured loan,"₹ 6,39,610 Cr."
SBIN,Unsecured loan,"₹ 49,66,537 Cr."
SBIN,Balance sheet total,"₹ 67,33,756 Cr."
SBIN,Gross block,"₹ 85,555 Cr."
SBIN,Revaluation reserve,"₹ 27,556 Cr."
SBIN,Accum Dep,"₹ 39,484 Cr."
SBIN,Net block,"₹ 46,072 Cr."
SBIN,CWIP,₹ 42.4 Cr.
SBIN,Investments,"₹ 21,10,548 Cr."
SBIN,Current assets,"₹ 7,80,703 Cr."
SBIN,Current liabilities,"₹ 3,04,771 Cr."
SBIN,BV Unq Invest,"₹ 32,756 Cr."
SBIN,MV Quoted Inv,₹ 0.00 Cr.
SBIN,Cont Liab,"₹ 24,65,418 Cr."
SBIN,Total Assets,"₹ 67,33,756 Cr."
SBIN,Working capital,"₹ 4,75,932 Cr."
SBIN,Lease liabilities,₹ 0.00 Cr.
SBIN,Inventory,₹ 0.00 Cr.
SBIN,Trade receivables,₹ 0.00 Cr.
SBIN,Face value,₹ 1.00
SBIN,Cash Equivalents,"₹ 3,26,572 Cr."
SBIN,Adv Cust,₹ 0.00 Cr.
SBIN,Trade Payables,"₹ 15,700 Cr."
SBIN,No. Eq. Shares PY,892
SBIN,Debt preceding year,"₹ 49,89,687 Cr."
SBIN,Work Cap PY,"₹ 4,31,810 Cr."
SBIN,Net Block PY,"₹ 45,880 Cr."
SBIN,Gross Block PY,"₹ 82,485 Cr."
SBIN,CWIP PY,₹ 66.0 Cr.
SBIN,Work Cap 3Yr,"₹ 5,08,686 Cr."
SBIN,Work Cap 5Yr,"₹ 3,37,111 Cr."
SBIN,Work Cap 7Yr,"₹ 2,79,033 Cr."
SBIN,Work Cap 10Yr,"₹ 49,627 Cr."
SBIN,Debt 3Years back,"₹ 41,49,127 Cr."
SBIN,Debt 5Years back,"₹ 33,54,289 Cr."
SBIN,Debt 7Years back,"₹ 29,36,176 Cr."
SBIN,Debt 10Years back,"₹ 20,62,612 Cr."
SBIN,Net Block 3Yrs Back,"₹ 41,600 Cr."
SBIN,Net Block 5Yrs Back,"₹ 39,941 Cr."
SBIN,Net Block 7Yrs Back,"₹ 51,189 Cr."
SBIN,Market Cap,"₹ 7,70,953 Cr."
SBIN,Current Price,₹ 864
SBIN,High / Low,₹ 912 / 543
SBIN,Stock P/E,11.6
SBIN,Book Value,₹ 465
SBIN,Dividend Yield,1.60 %
SBIN,ROCE,6.16 %
SBIN,ROE,17.3 %
SBIN,Face Value,₹ 1.00
SBIN,CF Operations,"₹ 21,632 Cr."
SBIN,Free Cash Flow,"₹ 21,632 Cr."
SBIN,CF Investing,"₹ -3,476 Cr."
SBIN,CF Financing,"₹ -9,896 Cr."
SBIN,Net CF,"₹ 8,260 Cr."
SBIN,Cash Beginning,"₹ 3,18,312 Cr."
SBIN,Cash End,"₹ 3,26,572 Cr."
SBIN,FCF Prev Ann,"₹ -86,014 Cr."
SBIN,CF Operations PY,"₹ -86,014 Cr."
SBIN,CF Investing PY,₹ -966 Cr.
SBIN,CF Financing PY,"₹ 6,386 Cr."
SBIN,Net CF PY,"₹ -80,593 Cr."
SBIN,Cash Beginning PY,"₹ 3,98,905 Cr."
SBIN,Cash End PY,"₹ 3,18,312 Cr."
SBIN,Free Cash Flow 3Yrs,"₹ -9,737 Cr."
SBIN,Free Cash Flow 5Yrs,"₹ 97,217 Cr."
SBIN,Free Cash Flow 7Yrs,"₹ 33,862 Cr."
SBIN,Free Cash Flow 10Yrs,"₹ 1,40,393 Cr."
SBIN,CF Opr 3Yrs,"₹ -6,686 Cr."
SBIN,CF Opr 5Yrs,"₹ 1,07,161 Cr."
SBIN,CF Opr 7Yrs,"₹ 40,209 Cr."
SBIN,CF Opr 10Yrs,"₹ 1,58,389 Cr."
SBIN,CF Inv 10Yrs,"₹ -8,790 Cr."
SBIN,CF Inv 7Yrs,"₹ 1,953 Cr."
SBIN,CF Inv 5Yrs,"₹ -11,319 Cr."
SBIN,CF Inv 3Yrs,"₹ -7,094 Cr."
SBIN,Cash 3Years back,"₹ 3,47,707 Cr."
SBIN,Cash 5Years back,"₹ 2,25,512 Cr."
SBIN,Cash 7Years back,"₹ 2,73,197 Cr."
SBIN,Market Cap,"₹ 7,70,953 Cr."
SBIN,Current Price,₹ 864
SBIN,High / Low,₹ 912 / 543
SBIN,Stock P/E,11.6
SBIN,Book Value,₹ 465
SBIN,Dividend Yield,1.60 %
SBIN,ROCE,6.16 %
SBIN,ROE,17.3 %
SBIN,Face Value,₹ 1.00
SBIN,No. Eq. Shares,892
SBIN,Book value,₹ 465
SBIN,Inven TO,
SBIN,Quick ratio,2.56
SBIN,Exports percentage,0.00 %
SBIN,Piotroski score,8.00
SBIN,G Factor,7.00
SBIN,Asset Turnover,0.07
SBIN,Financial leverage,15.3
SBIN,No. of Share Holders,"36,13,127"
SBIN,Unpledged Prom Hold,57.5 %
SBIN,ROIC,6.16 %
SBIN,Debtor days,0.00
SBIN,Industry PBV,1.03
SBIN,Credit rating,
SBIN,WC Days,124
SBIN,Earning Power,5.21 %
SBIN,Graham Number,₹ 887
SBIN,Cash Cycle,0.00
SBIN,Days Payable,
SBIN,Days Receivable,0.00
SBIN,Inventory Days,
SBIN,Public holding,7.67 %
SBIN,FII holding,11.2 %
SBIN,Chg in FII Hold,0.06 %
SBIN,DII holding,23.6 %
SBIN,Chg in DII Hold,-0.35 %
SBIN,B.V. Prev Ann,₹ 402
SBIN,ROCE Prev Yr,5.20 %
SBIN,ROA Prev Yr,1.02 %
SBIN,ROE Prev Ann,16.8 %
SBIN,No. of Share Holders Prev Qtr,"31,50,350"
SBIN,No. Eq. Shares 10 Yrs,747
SBIN,BV 3yrs back,₹ 309
SBIN,BV 5yrs back,₹ 281
SBIN,BV 10yrs back,₹ 216
SBIN,Inven TO 3Yr,
SBIN,Inven TO 5Yr,
SBIN,Inven TO 7Yr,
SBIN,Inven TO 10Yr,
SBIN,Export 3Yr,0.00 %
SBIN,Export 5Yr,0.00 %
SBIN,Div 5Yrs,"₹ 6,444 Cr."
SBIN,ROCE 3Yr,5.26 %
SBIN,ROCE 5Yr,5.06 %
SBIN,ROCE 7Yr,4.87 %
SBIN,ROCE 10Yr,5.21 %
SBIN,ROE 10Yr,8.99 %
SBIN,ROE 7Yr,9.91 %
SBIN,ROE 5Yr Var,79.5 %
SBIN,OPM 5Year,38.1 %
SBIN,OPM 10Year,38.8 %
SBIN,No. of Share Holders 1Yr,"29,48,536"
SBIN,Avg Div Payout 3Yrs,18.1 %
SBIN,Debtor days 3yrs,0.00
SBIN,Debtor days 3yrs back,0.00
SBIN,Debtor days 5yrs back,0.00
SBIN,ROA 5Yr,0.76 %
SBIN,ROA 3Yr,0.95 %
SBIN,Market Cap,"₹ 7,70,953 Cr."
SBIN,Current Price,₹ 864
SBIN,High / Low,₹ 912 / 543
SBIN,Stock P/E,11.6
SBIN,Book Value,₹ 465
SBIN,Dividend Yield,1.60 %
SBIN,ROCE,6.16 %
SBIN,ROE,17.3 %
SBIN,Face Value,₹ 1.00
SBIN,Avg Vol 1Mth,"1,76,25,920"
SBIN,Avg Vol 1Wk,"1,63,79,408"
SBIN,Volume,"1,00,12,960"
SBIN,High price,₹ 912
SBIN,Low price,₹ 543
SBIN,High price all time,₹ 912
SBIN,Low price all time,₹ 54.2
SBIN,Return over 1day,1.81 %
SBIN,Return over 1week,-4.59 %
SBIN,Return over 1month,0.37 %
SBIN,DMA 50,₹ 840
SBIN,DMA 200,₹ 743
SBIN,DMA 50 previous day,₹ 840
SBIN,200 DMA prev.,₹ 742
SBIN,RSI,47.3
SBIN,MACD,7.69
SBIN,MACD Previous Day,9.82
SBIN,MACD Signal,10.1
SBIN,MACD Signal Prev,10.8
SBIN,Avg Vol 1Yr,"1,93,01,477"
SBIN,Return over 7years,16.1 %
SBIN,Return over 10years,13.0 %
SBIN,Market Cap,"₹ 7,70,953 Cr."
SBIN,Current Price,₹ 864
SBIN,High / Low,₹ 912 / 543
SBIN,Stock P/E,11.6
SBIN,Book Value,₹ 465
SBIN,Dividend Yield,1.60 %
SBIN,ROCE,6.16 %
SBIN,ROE,17.3 %
SBIN,Face Value,₹ 1.00
SBIN,WC to Sales,108 %
SBIN,QoQ Profits,91.4 %
SBIN,QoQ Sales,4.08 %
SBIN,Net worth,"₹ 4,14,939 Cr."
SBIN,Market Cap to Sales,1.76
SBIN,Interest Coverage,1.35
SBIN,EV / EBIT,17.2
SBIN,Debt Capacity,-4.02
SBIN,Debt To Profit,80.6
SBIN,Capital Employed,"₹ 5,22,046 Cr."
SBIN,CROIC,-0.06 %
SBIN,debtplus,19.4
SBIN,Leverage,₹ 15.3
SBIN,Dividend Payout,18.2 %
SBIN,Intrinsic Value,₹ 585
SBIN,CDL,"-1,005 %"
SBIN,Cash by market cap,0.42
SBIN,52w Index,86.9 %
SBIN,Down from 52w high,5.29 %
SBIN,Up from 52w low,59.0 %
SBIN,From 52w high,0.95
SBIN,Mkt Cap To Debt Cap,2.88
SBIN,Dividend Payout,18.2 %
SBIN,Graham,₹ 887
SBIN,Price to Cash Flow,35.6
SBIN,ROCE3yr avg,5.26 %
SBIN,PB X PE,21.1
SBIN,NCAVPS,₹ 533
SBIN,Mar Cap to CF,35.6
SBIN,Altman Z Score,0.59
SBIN,M.Cap / Qtr Profit,36.0
