Ticker,Label,Value
ASIANPAINT,Market Cap,"₹ 2,82,714 Cr."
ASIANPAINT,Current Price,"₹ 2,947"
ASIANPAINT,High / Low,"₹ 3,423 / 2,670"
ASIANPAINT,Stock P/E,55.6
ASIANPAINT,Book Value,₹ 195
ASIANPAINT,Dividend Yield,1.15 %
ASIANPAINT,ROCE,37.5 %
ASIANPAINT,ROE,31.4 %
ASIANPAINT,Face Value,₹ 1.00
ASIANPAINT,Sales,"₹ 35,282 Cr."
ASIANPAINT,OPM,20.3 %
ASIANPAINT,Profit after tax,"₹ 5,080 Cr."
ASIANPAINT,Mar Cap,"₹ 2,82,714 Cr."
ASIANPAINT,Sales Qtr,"₹ 8,970 Cr."
ASIANPAINT,PAT Qtr,"₹ 1,170 Cr."
ASIANPAINT,Qtr Sales Var,-2.32 %
ASIANPAINT,Qtr Profit Var,-24.5 %
ASIANPAINT,Price to Earning,55.6
ASIANPAINT,Dividend yield,1.15 %
ASIANPAINT,Price to book value,15.0
ASIANPAINT,ROCE,37.5 %
ASIANPAINT,Return on assets,20.0 %
ASIANPAINT,Debt to equity,0.13
ASIANPAINT,Return on equity,31.4 %
ASIANPAINT,EPS,₹ 53.0
ASIANPAINT,Debt,"₹ 2,474 Cr."
ASIANPAINT,Promoter holding,52.6 %
ASIANPAINT,Change in Prom Hold,0.00 %
ASIANPAINT,Earnings yield,2.52 %
ASIANPAINT,Pledged percentage,7.15 %
ASIANPAINT,Industry PE,49.8
ASIANPAINT,Sales growth,0.62 %
ASIANPAINT,Profit growth,9.06 %
ASIANPAINT,Current Price,"₹ 2,947"
ASIANPAINT,Price to Sales,8.01
ASIANPAINT,CMP / FCF,124
ASIANPAINT,EVEBITDA,35.8
ASIANPAINT,Enterprise Value,"₹ 2,84,104 Cr."
ASIANPAINT,Current ratio,1.69
ASIANPAINT,Int Coverage,32.9
ASIANPAINT,PEG Ratio,2.71
ASIANPAINT,Return over 3months,2.01 %
ASIANPAINT,Return over 6months,-1.62 %
ASIANPAINT,No. Eq. Shares,95.9
ASIANPAINT,Sales growth 3Years,17.8 %
ASIANPAINT,Sales growth 5Years,13.0 %
ASIANPAINT,Profit Var 3Yrs,20.4 %
ASIANPAINT,Profit Var 5Yrs,20.5 %
ASIANPAINT,ROE 5Yr,27.7 %
ASIANPAINT,ROE 3Yr,27.8 %
ASIANPAINT,Return over 1year,-13.9 %
ASIANPAINT,Return over 3years,-1.42 %
ASIANPAINT,Return over 5years,13.7 %
ASIANPAINT,Market Cap,"₹ 2,82,714 Cr."
ASIANPAINT,Current Price,"₹ 2,947"
ASIANPAINT,High / Low,"₹ 3,423 / 2,670"
ASIANPAINT,Stock P/E,55.6
ASIANPAINT,Book Value,₹ 195
ASIANPAINT,Dividend Yield,1.15 %
ASIANPAINT,ROCE,37.5 %
ASIANPAINT,ROE,31.4 %
ASIANPAINT,Face Value,₹ 1.00
ASIANPAINT,Sales last year,"₹ 35,495 Cr."
ASIANPAINT,OP Ann,"₹ 7,585 Cr."
ASIANPAINT,Other Inc Ann,₹ 821 Cr.
ASIANPAINT,EBIDT last year,"₹ 8,404 Cr."
ASIANPAINT,Dep Ann,₹ 853 Cr.
ASIANPAINT,EBIT last year,"₹ 7,551 Cr."
ASIANPAINT,Interest last year,₹ 205 Cr.
ASIANPAINT,PBT Ann,"₹ 7,348 Cr."
ASIANPAINT,Tax last year,"₹ 1,790 Cr."
ASIANPAINT,PAT Ann,"₹ 5,459 Cr."
ASIANPAINT,Extra Ord Item Ann,₹ 2.08 Cr.
ASIANPAINT,NP Ann,"₹ 5,558 Cr."
ASIANPAINT,Dividend last year,"₹ 3,194 Cr."
ASIANPAINT,Raw Material,50.1 %
ASIANPAINT,Employee cost,"₹ 2,335 Cr."
ASIANPAINT,OPM last year,21.4 %
ASIANPAINT,NPM last year,15.6 %
ASIANPAINT,Operating profit,"₹ 7,157 Cr."
ASIANPAINT,Interest,₹ 215 Cr.
ASIANPAINT,Depreciation,₹ 882 Cr.
ASIANPAINT,EPS last year,₹ 56.9
ASIANPAINT,EBIT,"₹ 7,061 Cr."
ASIANPAINT,Net profit,"₹ 5,170 Cr."
ASIANPAINT,Current Tax,"₹ 1,671 Cr."
ASIANPAINT,Tax,"₹ 1,677 Cr."
ASIANPAINT,Other income,₹ 786 Cr.
ASIANPAINT,Ann Date,"2,02,403"
ASIANPAINT,Sales Prev Ann,"₹ 34,489 Cr."
ASIANPAINT,OP Prev Ann,"₹ 6,260 Cr."
ASIANPAINT,Other Inc Prev Ann,₹ 431 Cr.
ASIANPAINT,EBIDT Prev Ann,"₹ 6,728 Cr."
ASIANPAINT,Dep Prev Ann,₹ 858 Cr.
ASIANPAINT,EBIT preceding year,"₹ 5,870 Cr."
ASIANPAINT,Interest Prev Ann,₹ 144 Cr.
ASIANPAINT,PBT Prev Ann,"₹ 5,689 Cr."
ASIANPAINT,Tax preceding year,"₹ 1,494 Cr."
ASIANPAINT,PAT Prev Ann,"₹ 4,133 Cr."
ASIANPAINT,Extra Ord Prev Ann,₹ -37.2 Cr.
ASIANPAINT,NP Prev Ann,"₹ 4,195 Cr."
ASIANPAINT,Dividend Prev Ann,"₹ 2,460 Cr."
ASIANPAINT,OPM preceding year,18.2 %
ASIANPAINT,NPM preceding year,12.2 %
ASIANPAINT,EPS preceding year,₹ 42.8
ASIANPAINT,Sales Prev 12M,"₹ 35,495 Cr."
ASIANPAINT,Profit Prev 12M,"₹ 5,558 Cr."
ASIANPAINT,Med Sales Gwth 10Yrs,7.43 %
ASIANPAINT,Med Sales Gwth 5Yrs,7.43 %
ASIANPAINT,Sales growth 7Years,13.0 %
ASIANPAINT,Sales Var 10Yrs,11.2 %
ASIANPAINT,EBIDT growth 3Years,17.6 %
ASIANPAINT,EBIDT growth 5Years,15.9 %
ASIANPAINT,EBIDT growth 7Years,14.1 %
ASIANPAINT,EBIDT Var 10Yrs,14.8 %
ASIANPAINT,EPS growth 3Years,20.4 %
ASIANPAINT,EPS growth 5Years,20.5 %
ASIANPAINT,EPS growth 7Years,15.9 %
ASIANPAINT,EPS growth 10Years,16.2 %
ASIANPAINT,Profit Var 7Yrs,15.9 %
ASIANPAINT,Profit Var 10Yrs,16.2 %
ASIANPAINT,Chg in Prom Hold 3Yr,-0.17 %
ASIANPAINT,Market Cap,"₹ 2,82,536 Cr."
ASIANPAINT,Current Price,"₹ 2,946"
ASIANPAINT,High / Low,"₹ 3,423 / 2,670"
ASIANPAINT,Stock P/E,55.6
ASIANPAINT,Book Value,₹ 195
ASIANPAINT,Dividend Yield,1.15 %
ASIANPAINT,ROCE,37.5 %
ASIANPAINT,ROE,31.4 %
ASIANPAINT,Face Value,₹ 1.00
ASIANPAINT,OP Qtr,"₹ 1,694 Cr."
ASIANPAINT,Other Inc Qtr,₹ 193 Cr.
ASIANPAINT,EBIDT Qtr,"₹ 1,887 Cr."
ASIANPAINT,Dep Qtr,₹ 228 Cr.
ASIANPAINT,EBIT latest quarter,"₹ 1,659 Cr."
ASIANPAINT,Interest Qtr,₹ 55.4 Cr.
ASIANPAINT,PBT Qtr,"₹ 1,604 Cr."
ASIANPAINT,Tax latest quarter,₹ 417 Cr.
ASIANPAINT,Extra Ord Item Qtr,₹ 0.00 Cr.
ASIANPAINT,NP Qtr,"₹ 1,187 Cr."
ASIANPAINT,GPM latest quarter,42.5 %
ASIANPAINT,OPM latest quarter,18.9 %
ASIANPAINT,NPM latest quarter,13.2 %
ASIANPAINT,Eq Cap Qtr,₹ 95.9 Cr.
ASIANPAINT,EPS latest quarter,₹ 12.2
ASIANPAINT,OP 2Qtr Bk,"₹ 2,056 Cr."
ASIANPAINT,OP 3Qtr Bk,"₹ 1,716 Cr."
ASIANPAINT,Sales 2Qtr Bk,"₹ 9,103 Cr."
ASIANPAINT,Sales 3Qtr Bk,"₹ 8,479 Cr."
ASIANPAINT,NP 2Qtr Bk,"₹ 1,475 Cr."
ASIANPAINT,NP 3Qtr Bk,"₹ 1,232 Cr."
ASIANPAINT,Opert Prft Gwth,4.87 %
ASIANPAINT,Last result date,"2,02,406"
ASIANPAINT,Exp Qtr Sales Var,0.70 %
ASIANPAINT,Exp Qtr Sales,"₹ 8,538 Cr."
ASIANPAINT,Exp Qtr OP,"₹ 1,730 Cr."
ASIANPAINT,Exp Qtr NP,"₹ 1,457 Cr."
ASIANPAINT,Exp Qtr EPS,₹ 15.0
ASIANPAINT,Sales Prev Qtr,"₹ 8,731 Cr."
ASIANPAINT,OP Prev Qtr,"₹ 1,691 Cr."
ASIANPAINT,Other Inc Prev Qtr,₹ 212 Cr.
ASIANPAINT,EBIDT Prev Qtr,"₹ 1,904 Cr."
ASIANPAINT,Dep Prev Qtr,₹ 226 Cr.
ASIANPAINT,EBIT Prev Qtr,"₹ 1,678 Cr."
ASIANPAINT,Interest Prev Qtr,₹ 54.1 Cr.
ASIANPAINT,PBT Prev Qtr,"₹ 1,624 Cr."
ASIANPAINT,Tax Prev Qtr,₹ 349 Cr.
ASIANPAINT,PAT Prev Qtr,"₹ 1,257 Cr."
ASIANPAINT,Extra Ord Prev Qtr,₹ 0.00 Cr.
ASIANPAINT,NP Prev Qtr,"₹ 1,275 Cr."
ASIANPAINT,OPM Prev Qtr,19.4 %
ASIANPAINT,NPM Prev Qtr,14.6 %
ASIANPAINT,Eq Cap Prev Qtr,₹ 95.9 Cr.
ASIANPAINT,EPS Prev Qtr,₹ 13.1
ASIANPAINT,Sales PY Qtr,"₹ 9,182 Cr."
ASIANPAINT,OP PY Qtr,"₹ 2,121 Cr."
ASIANPAINT,Other Inc PY Qtr,₹ 228 Cr.
ASIANPAINT,EBIDT PY Qtr,"₹ 2,349 Cr."
ASIANPAINT,Dep PY Qtr,₹ 198 Cr.
ASIANPAINT,EBIT PY Qtr,"₹ 2,151 Cr."
ASIANPAINT,Interest PY Qtr,₹ 45.8 Cr.
ASIANPAINT,PBT PY Qtr,"₹ 2,105 Cr."
ASIANPAINT,Tax PY Qtr,₹ 530 Cr.
ASIANPAINT,Market Cap,"₹ 2,82,536 Cr."
ASIANPAINT,Current Price,"₹ 2,946"
ASIANPAINT,High / Low,"₹ 3,423 / 2,670"
ASIANPAINT,Stock P/E,55.6
ASIANPAINT,Book Value,₹ 195
ASIANPAINT,Dividend Yield,1.15 %
ASIANPAINT,ROCE,37.5 %
ASIANPAINT,ROE,31.4 %
ASIANPAINT,Face Value,₹ 1.00
ASIANPAINT,Equity capital,₹ 95.9 Cr.
ASIANPAINT,Preference capital,₹ 0.00 Cr.
ASIANPAINT,Reserves,"₹ 18,632 Cr."
ASIANPAINT,Secured loan,₹ 195 Cr.
ASIANPAINT,Unsecured loan,"₹ 2,279 Cr."
ASIANPAINT,Balance sheet total,"₹ 29,901 Cr."
ASIANPAINT,Gross block,"₹ 11,622 Cr."
ASIANPAINT,Revaluation reserve,₹ 0.00 Cr.
ASIANPAINT,Accum Dep,"₹ 4,381 Cr."
ASIANPAINT,Net block,"₹ 7,147 Cr."
ASIANPAINT,CWIP,"₹ 2,698 Cr."
ASIANPAINT,Investments,"₹ 4,588 Cr."
ASIANPAINT,Current assets,"₹ 14,334 Cr."
ASIANPAINT,Current liabilities,"₹ 8,501 Cr."
ASIANPAINT,BV Unq Invest,₹ 0.00 Cr.
ASIANPAINT,MV Quoted Inv,"₹ 4,000 Cr."
ASIANPAINT,Cont Liab,₹ 898 Cr.
ASIANPAINT,Total Assets,"₹ 29,901 Cr."
ASIANPAINT,Working capital,"₹ 7,157 Cr."
ASIANPAINT,Lease liabilities,"₹ 1,367 Cr."
ASIANPAINT,Inventory,"₹ 5,923 Cr."
ASIANPAINT,Trade receivables,"₹ 4,889 Cr."
ASIANPAINT,Face value,₹ 1.00
ASIANPAINT,Cash Equivalents,"₹ 1,084 Cr."
ASIANPAINT,Adv Cust,₹ 154 Cr.
ASIANPAINT,Trade Payables,"₹ 3,831 Cr."
ASIANPAINT,No. Eq. Shares PY,95.9
ASIANPAINT,Debt preceding year,"₹ 1,933 Cr."
ASIANPAINT,Work Cap PY,"₹ 7,070 Cr."
ASIANPAINT,Net Block PY,"₹ 5,770 Cr."
ASIANPAINT,Gross Block PY,"₹ 9,676 Cr."
ASIANPAINT,CWIP PY,"₹ 1,020 Cr."
ASIANPAINT,Work Cap 3Yr,"₹ 3,351 Cr."
ASIANPAINT,Work Cap 5Yr,"₹ 2,020 Cr."
ASIANPAINT,Work Cap 7Yr,"₹ 2,234 Cr."
ASIANPAINT,Work Cap 10Yr,₹ 603 Cr.
ASIANPAINT,Debt 3Years back,"₹ 1,093 Cr."
ASIANPAINT,Debt 5Years back,"₹ 1,320 Cr."
ASIANPAINT,Debt 7Years back,₹ 560 Cr.
ASIANPAINT,Debt 10Years back,₹ 249 Cr.
ASIANPAINT,Net Block 3Yrs Back,"₹ 5,859 Cr."
ASIANPAINT,Net Block 5Yrs Back,"₹ 6,497 Cr."
ASIANPAINT,Net Block 7Yrs Back,"₹ 3,304 Cr."
ASIANPAINT,Market Cap,"₹ 2,82,536 Cr."
ASIANPAINT,Current Price,"₹ 2,946"
ASIANPAINT,High / Low,"₹ 3,423 / 2,670"
ASIANPAINT,Stock P/E,55.6
ASIANPAINT,Book Value,₹ 195
ASIANPAINT,Dividend Yield,1.15 %
ASIANPAINT,ROCE,37.5 %
ASIANPAINT,ROE,31.4 %
ASIANPAINT,Face Value,₹ 1.00
ASIANPAINT,CF Operations,"₹ 6,104 Cr."
ASIANPAINT,Free Cash Flow,"₹ 3,613 Cr."
ASIANPAINT,CF Investing,"₹ -2,548 Cr."
ASIANPAINT,CF Financing,"₹ -2,982 Cr."
ASIANPAINT,Net CF,₹ 573 Cr.
ASIANPAINT,Cash Beginning,"₹ 3,054 Cr."
ASIANPAINT,Cash End,"₹ 1,084 Cr."
ASIANPAINT,FCF Prev Ann,"₹ 2,774 Cr."
ASIANPAINT,CF Operations PY,"₹ 4,193 Cr."
ASIANPAINT,CF Investing PY,"₹ -1,282 Cr."
ASIANPAINT,CF Financing PY,"₹ -2,140 Cr."
ASIANPAINT,Net CF PY,₹ 771 Cr.
ASIANPAINT,Cash Beginning PY,"₹ 2,283 Cr."
ASIANPAINT,Cash End PY,₹ 844 Cr.
ASIANPAINT,Free Cash Flow 3Yrs,"₹ 6,862 Cr."
ASIANPAINT,Free Cash Flow 5Yrs,"₹ 12,962 Cr."
ASIANPAINT,Free Cash Flow 7Yrs,"₹ 15,003 Cr."
ASIANPAINT,Free Cash Flow 10Yrs,"₹ 18,054 Cr."
ASIANPAINT,CF Opr 3Yrs,"₹ 11,284 Cr."
ASIANPAINT,CF Opr 5Yrs,"₹ 18,005 Cr."
ASIANPAINT,CF Opr 7Yrs,"₹ 22,588 Cr."
ASIANPAINT,CF Opr 10Yrs,"₹ 27,546 Cr."
ASIANPAINT,CF Inv 10Yrs,"₹ -9,692 Cr."
ASIANPAINT,CF Inv 7Yrs,"₹ -7,680 Cr."
ASIANPAINT,CF Inv 5Yrs,"₹ -5,206 Cr."
ASIANPAINT,CF Inv 3Yrs,"₹ -4,148 Cr."
ASIANPAINT,Cash 3Years back,₹ 611 Cr.
ASIANPAINT,Cash 5Years back,₹ 445 Cr.
ASIANPAINT,Cash 7Years back,₹ 801 Cr.
ASIANPAINT,Market Cap,"₹ 2,82,536 Cr."
ASIANPAINT,Current Price,"₹ 2,946"
ASIANPAINT,High / Low,"₹ 3,423 / 2,670"
ASIANPAINT,Stock P/E,55.6
ASIANPAINT,Book Value,₹ 195
ASIANPAINT,Dividend Yield,1.15 %
ASIANPAINT,ROCE,37.5 %
ASIANPAINT,ROE,31.4 %
ASIANPAINT,Face Value,₹ 1.00
ASIANPAINT,No. Eq. Shares,95.9
ASIANPAINT,Book value,₹ 195
ASIANPAINT,Inven TO,2.95
ASIANPAINT,Quick ratio,0.99
ASIANPAINT,Exports percentage,0.00 %
ASIANPAINT,Piotroski score,6.00
ASIANPAINT,G Factor,3.00
ASIANPAINT,Asset Turnover,1.27
ASIANPAINT,Financial leverage,1.49
ASIANPAINT,No. of Share Holders,"11,11,601"
ASIANPAINT,Unpledged Prom Hold,48.9 %
ASIANPAINT,ROIC,39.9 %
ASIANPAINT,Debtor days,50.3
ASIANPAINT,Industry PBV,7.41
ASIANPAINT,Credit rating,
ASIANPAINT,WC Days,62.4
ASIANPAINT,Earning Power,23.6 %
ASIANPAINT,Graham Number,₹ 482
ASIANPAINT,Cash Cycle,93.2
ASIANPAINT,Days Payable,78.7
ASIANPAINT,Days Receivable,50.3
ASIANPAINT,Inventory Days,122
ASIANPAINT,Public holding,19.7 %
ASIANPAINT,FII holding,15.3 %
ASIANPAINT,Chg in FII Hold,-0.62 %
ASIANPAINT,DII holding,12.3 %
ASIANPAINT,Chg in DII Hold,0.69 %
ASIANPAINT,B.V. Prev Ann,₹ 167
ASIANPAINT,ROCE Prev Yr,34.4 %
ASIANPAINT,ROA Prev Yr,17.3 %
ASIANPAINT,ROE Prev Ann,27.7 %
ASIANPAINT,No. of Share Holders Prev Qtr,"11,05,326"
ASIANPAINT,No. Eq. Shares 10 Yrs,95.9
ASIANPAINT,BV 3yrs back,₹ 134
ASIANPAINT,BV 5yrs back,₹ 106
ASIANPAINT,BV 10yrs back,₹ 49.4
ASIANPAINT,Inven TO 3Yr,2.90
ASIANPAINT,Inven TO 5Yr,3.01
ASIANPAINT,Inven TO 7Yr,3.17
ASIANPAINT,Inven TO 10Yr,3.17
ASIANPAINT,Export 3Yr,0.00 %
ASIANPAINT,Export 5Yr,0.00 %
ASIANPAINT,Div 5Yrs,"₹ 2,071 Cr."
ASIANPAINT,ROCE 3Yr,33.6 %
ASIANPAINT,ROCE 5Yr,33.4 %
ASIANPAINT,ROCE 7Yr,33.7 %
ASIANPAINT,ROCE 10Yr,35.8 %
ASIANPAINT,ROE 10Yr,27.5 %
ASIANPAINT,ROE 7Yr,27.1 %
ASIANPAINT,ROE 5Yr Var,5.54 %
ASIANPAINT,OPM 5Year,19.6 %
ASIANPAINT,OPM 10Year,19.4 %
ASIANPAINT,No. of Share Holders 1Yr,"9,97,455"
ASIANPAINT,Avg Div Payout 3Yrs,59.7 %
ASIANPAINT,Debtor days 3yrs,49.3
ASIANPAINT,Debtor days 3yrs back,43.7
ASIANPAINT,Debtor days 5yrs back,36.2
ASIANPAINT,ROA 5Yr,17.3 %
ASIANPAINT,ROA 3Yr,17.3 %
ASIANPAINT,Market Cap,"₹ 2,82,536 Cr."
ASIANPAINT,Current Price,"₹ 2,946"
ASIANPAINT,High / Low,"₹ 3,423 / 2,670"
ASIANPAINT,Stock P/E,55.6
ASIANPAINT,Book Value,₹ 195
ASIANPAINT,Dividend Yield,1.15 %
ASIANPAINT,ROCE,37.5 %
ASIANPAINT,ROE,31.4 %
ASIANPAINT,Face Value,₹ 1.00
ASIANPAINT,Avg Vol 1Mth,"17,60,829"
ASIANPAINT,Avg Vol 1Wk,"15,96,787"
ASIANPAINT,Volume,"12,54,410"
ASIANPAINT,High price,"₹ 3,423"
ASIANPAINT,Low price,"₹ 2,670"
ASIANPAINT,High price all time,"₹ 3,590"
ASIANPAINT,Low price all time,₹ 36.2
ASIANPAINT,Return over 1day,1.52 %
ASIANPAINT,Return over 1week,-1.52 %
ASIANPAINT,Return over 1month,1.33 %
ASIANPAINT,DMA 50,"₹ 2,915"
ASIANPAINT,DMA 200,"₹ 2,980"
ASIANPAINT,DMA 50 previous day,"₹ 2,916"
ASIANPAINT,200 DMA prev.,"₹ 2,981"
ASIANPAINT,RSI,46.0
ASIANPAINT,MACD,4.07
ASIANPAINT,MACD Previous Day,7.32
ASIANPAINT,MACD Signal,12.1
ASIANPAINT,MACD Signal Prev,14.2
ASIANPAINT,Avg Vol 1Yr,"11,83,666"
ASIANPAINT,Return over 7years,14.1 %
ASIANPAINT,Return over 10years,16.4 %
ASIANPAINT,Market Cap,"₹ 2,82,536 Cr."
ASIANPAINT,Current Price,"₹ 2,946"
ASIANPAINT,High / Low,"₹ 3,423 / 2,670"
ASIANPAINT,Stock P/E,55.6
ASIANPAINT,Book Value,₹ 195
ASIANPAINT,Dividend Yield,1.15 %
ASIANPAINT,ROCE,37.5 %
ASIANPAINT,ROE,31.4 %
ASIANPAINT,Face Value,₹ 1.00
ASIANPAINT,WC to Sales,20.3 %
ASIANPAINT,QoQ Profits,-6.94 %
ASIANPAINT,QoQ Sales,2.74 %
ASIANPAINT,Net worth,"₹ 18,728 Cr."
ASIANPAINT,Market Cap to Sales,8.01
ASIANPAINT,Interest Coverage,32.9
ASIANPAINT,EV / EBIT,40.2
ASIANPAINT,Debt Capacity,0.05
ASIANPAINT,Debt To Profit,0.45
ASIANPAINT,Capital Employed,"₹ 17,002 Cr."
ASIANPAINT,CROIC,11.4 %
ASIANPAINT,debtplus,0.18
ASIANPAINT,Leverage,₹ 1.49
ASIANPAINT,Dividend Payout,58.5 %
ASIANPAINT,Intrinsic Value,₹ 694
ASIANPAINT,CDL,-0.81 %
ASIANPAINT,Cash by market cap,0.00
ASIANPAINT,52w Index,36.6 %
ASIANPAINT,Down from 52w high,14.0 %
ASIANPAINT,Up from 52w low,10.3 %
ASIANPAINT,From 52w high,0.86
ASIANPAINT,Mkt Cap To Debt Cap,6.28
ASIANPAINT,Dividend Payout,58.5 %
ASIANPAINT,Graham,₹ 482
ASIANPAINT,Price to Cash Flow,46.3
ASIANPAINT,ROCE3yr avg,33.6 %
ASIANPAINT,PB X PE,834
ASIANPAINT,NCAVPS,₹ 74.6
ASIANPAINT,Mar Cap to CF,46.3
ASIANPAINT,Altman Z Score,18.2
ASIANPAINT,M.Cap / Qtr Profit,241
