Ticker,Label,Value
HINDALCO,Market Cap,"₹ 1,49,945 Cr."
HINDALCO,Current Price,₹ 667
HINDALCO,High / Low,₹ 715 / 438
HINDALCO,Stock P/E,14.8
HINDALCO,Book Value,₹ 472
HINDALCO,Dividend Yield,0.53 %
HINDALCO,ROCE,11.2 %
HINDALCO,ROE,10.1 %
HINDALCO,Face Value,₹ 1.00
HINDALCO,Sales,"₹ 2,15,962 Cr."
HINDALCO,OPM,11.0 %
HINDALCO,Profit after tax,"₹ 10,140 Cr."
HINDALCO,Mar Cap,"₹ 1,49,945 Cr."
HINDALCO,Sales Qtr,"₹ 55,994 Cr."
HINDALCO,PAT Qtr,"₹ 3,174 Cr."
HINDALCO,Qtr Sales Var,0.25 %
HINDALCO,Qtr Profit Var,31.6 %
HINDALCO,Price to Earning,14.8
HINDALCO,Dividend yield,0.53 %
HINDALCO,Price to book value,1.41
HINDALCO,ROCE,11.2 %
HINDALCO,Return on assets,4.45 %
HINDALCO,Debt to equity,0.53
HINDALCO,Return on equity,10.1 %
HINDALCO,EPS,₹ 45.2
HINDALCO,Debt,"₹ 56,356 Cr."
HINDALCO,Promoter holding,34.6 %
HINDALCO,Change in Prom Hold,0.00 %
HINDALCO,Earnings yield,9.53 %
HINDALCO,Pledged percentage,0.00 %
HINDALCO,Industry PE,26.3
HINDALCO,Sales growth,-3.24 %
HINDALCO,Profit growth,0.42 %
HINDALCO,Current Price,₹ 667
HINDALCO,Price to Sales,0.69
HINDALCO,CMP / FCF,15.3
HINDALCO,EVEBITDA,7.56
HINDALCO,Enterprise Value,"₹ 1,91,864 Cr."
HINDALCO,Current ratio,1.39
HINDALCO,Int Coverage,4.63
HINDALCO,PEG Ratio,1.03
HINDALCO,Return over 3months,-0.42 %
HINDALCO,Return over 6months,14.0 %
HINDALCO,No. Eq. Shares,225
HINDALCO,Sales growth 3Years,17.8 %
HINDALCO,Sales growth 5Years,10.6 %
HINDALCO,Profit Var 3Yrs,45.0 %
HINDALCO,Profit Var 5Yrs,14.3 %
HINDALCO,ROE 5Yr,10.7 %
HINDALCO,ROE 3Yr,13.0 %
HINDALCO,Return over 1year,43.2 %
HINDALCO,Return over 3years,15.7 %
HINDALCO,Return over 5years,26.7 %
HINDALCO,Market Cap,"₹ 1,49,945 Cr."
HINDALCO,Current Price,₹ 667
HINDALCO,High / Low,₹ 715 / 438
HINDALCO,Stock P/E,14.8
HINDALCO,Book Value,₹ 472
HINDALCO,Dividend Yield,0.53 %
HINDALCO,ROCE,11.2 %
HINDALCO,ROE,10.1 %
HINDALCO,Face Value,₹ 1.00
HINDALCO,Sales last year,"₹ 2,15,962 Cr."
HINDALCO,OP Ann,"₹ 23,872 Cr."
HINDALCO,Other Inc Ann,"₹ 1,519 Cr."
HINDALCO,EBIDT last year,"₹ 25,370 Cr."
HINDALCO,Dep Ann,"₹ 7,521 Cr."
HINDALCO,EBIT last year,"₹ 17,849 Cr."
HINDALCO,Interest last year,"₹ 3,858 Cr."
HINDALCO,PBT Ann,"₹ 14,012 Cr."
HINDALCO,Tax last year,"₹ 3,857 Cr."
HINDALCO,PAT Ann,"₹ 10,140 Cr."
HINDALCO,Extra Ord Item Ann,₹ 21.0 Cr.
HINDALCO,NP Ann,"₹ 10,155 Cr."
HINDALCO,Dividend last year,₹ 777 Cr.
HINDALCO,Raw Material,62.0 %
HINDALCO,Employee cost,"₹ 14,778 Cr."
HINDALCO,OPM last year,11.0 %
HINDALCO,NPM last year,4.70 %
HINDALCO,Operating profit,"₹ 23,872 Cr."
HINDALCO,Interest,"₹ 3,858 Cr."
HINDALCO,Depreciation,"₹ 7,521 Cr."
HINDALCO,EPS last year,₹ 45.2
HINDALCO,EBIT,"₹ 17,849 Cr."
HINDALCO,Net profit,"₹ 10,155 Cr."
HINDALCO,Current Tax,"₹ 3,005 Cr."
HINDALCO,Tax,"₹ 3,857 Cr."
HINDALCO,Other income,"₹ 1,519 Cr."
HINDALCO,Ann Date,"2,02,403"
HINDALCO,Sales Prev Ann,"₹ 2,23,202 Cr."
HINDALCO,OP Prev Ann,"₹ 22,666 Cr."
HINDALCO,Other Inc Prev Ann,"₹ 1,307 Cr."
HINDALCO,EBIDT Prev Ann,"₹ 23,973 Cr."
HINDALCO,Dep Prev Ann,"₹ 7,086 Cr."
HINDALCO,EBIT preceding year,"₹ 16,887 Cr."
HINDALCO,Interest Prev Ann,"₹ 3,646 Cr."
HINDALCO,PBT Prev Ann,"₹ 13,241 Cr."
HINDALCO,Tax preceding year,"₹ 3,144 Cr."
HINDALCO,PAT Prev Ann,"₹ 10,097 Cr."
HINDALCO,Extra Ord Prev Ann,₹ 0.00 Cr.
HINDALCO,NP Prev Ann,"₹ 10,097 Cr."
HINDALCO,Dividend Prev Ann,₹ 666 Cr.
HINDALCO,OPM preceding year,10.2 %
HINDALCO,NPM preceding year,4.52 %
HINDALCO,EPS preceding year,₹ 44.9
HINDALCO,Sales Prev 12M,"₹ 2,15,825 Cr."
HINDALCO,Profit Prev 12M,"₹ 9,392 Cr."
HINDALCO,Med Sales Gwth 10Yrs,11.7 %
HINDALCO,Med Sales Gwth 5Yrs,11.7 %
HINDALCO,Sales growth 7Years,11.6 %
HINDALCO,Sales Var 10Yrs,9.43 %
HINDALCO,EBIDT growth 3Years,12.1 %
HINDALCO,EBIDT growth 5Years,9.40 %
HINDALCO,EBIDT growth 7Years,9.35 %
HINDALCO,EBIDT Var 10Yrs,11.2 %
HINDALCO,EPS growth 3Years,45.0 %
HINDALCO,EPS growth 5Years,14.3 %
HINDALCO,EPS growth 7Years,26.9 %
HINDALCO,EPS growth 10Years,15.5 %
HINDALCO,Profit Var 7Yrs,26.9 %
HINDALCO,Profit Var 10Yrs,16.5 %
HINDALCO,Chg in Prom Hold 3Yr,0.00 %
HINDALCO,Market Cap,"₹ 1,49,945 Cr."
HINDALCO,Current Price,₹ 667
HINDALCO,High / Low,₹ 715 / 438
HINDALCO,Stock P/E,14.8
HINDALCO,Book Value,₹ 472
HINDALCO,Dividend Yield,0.53 %
HINDALCO,ROCE,11.2 %
HINDALCO,ROE,10.1 %
HINDALCO,Face Value,₹ 1.00
HINDALCO,OP Qtr,"₹ 6,680 Cr."
HINDALCO,Other Inc Qtr,₹ 362 Cr.
HINDALCO,EBIDT Qtr,"₹ 7,042 Cr."
HINDALCO,Dep Qtr,"₹ 2,018 Cr."
HINDALCO,EBIT latest quarter,"₹ 5,024 Cr."
HINDALCO,Interest Qtr,₹ 888 Cr.
HINDALCO,PBT Qtr,"₹ 4,136 Cr."
HINDALCO,Tax latest quarter,₹ 962 Cr.
HINDALCO,Extra Ord Item Qtr,₹ 0.00 Cr.
HINDALCO,NP Qtr,"₹ 3,174 Cr."
HINDALCO,GPM latest quarter,32.1 %
HINDALCO,OPM latest quarter,11.9 %
HINDALCO,NPM latest quarter,5.67 %
HINDALCO,Eq Cap Qtr,₹ 222 Cr.
HINDALCO,EPS latest quarter,₹ 14.1
HINDALCO,OP 2Qtr Bk,"₹ 5,612 Cr."
HINDALCO,OP 3Qtr Bk,"₹ 5,714 Cr."
HINDALCO,Sales 2Qtr Bk,"₹ 54,169 Cr."
HINDALCO,Sales 3Qtr Bk,"₹ 52,991 Cr."
HINDALCO,NP 2Qtr Bk,"₹ 2,196 Cr."
HINDALCO,NP 3Qtr Bk,"₹ 2,454 Cr."
HINDALCO,Opert Prft Gwth,5.32 %
HINDALCO,Last result date,"2,02,403"
HINDALCO,Exp Qtr Sales Var,-3.12 %
HINDALCO,Exp Qtr Sales,"₹ 51,340 Cr."
HINDALCO,Exp Qtr OP,"₹ 5,626 Cr."
HINDALCO,Exp Qtr NP,"₹ 2,942 Cr."
HINDALCO,Exp Qtr EPS,₹ 13.1
HINDALCO,Sales Prev Qtr,"₹ 52,808 Cr."
HINDALCO,OP Prev Qtr,"₹ 5,865 Cr."
HINDALCO,Other Inc Prev Qtr,₹ 281 Cr.
HINDALCO,EBIDT Prev Qtr,"₹ 6,146 Cr."
HINDALCO,Dep Prev Qtr,"₹ 1,874 Cr."
HINDALCO,EBIT Prev Qtr,"₹ 4,272 Cr."
HINDALCO,Interest Prev Qtr,₹ 944 Cr.
HINDALCO,PBT Prev Qtr,"₹ 3,328 Cr."
HINDALCO,Tax Prev Qtr,₹ 997 Cr.
HINDALCO,PAT Prev Qtr,"₹ 2,331 Cr."
HINDALCO,Extra Ord Prev Qtr,₹ 0.00 Cr.
HINDALCO,NP Prev Qtr,"₹ 2,331 Cr."
HINDALCO,OPM Prev Qtr,11.1 %
HINDALCO,NPM Prev Qtr,4.41 %
HINDALCO,Eq Cap Prev Qtr,₹ 222 Cr.
HINDALCO,EPS Prev Qtr,₹ 10.4
HINDALCO,Sales PY Qtr,"₹ 55,857 Cr."
HINDALCO,OP PY Qtr,"₹ 5,327 Cr."
HINDALCO,Other Inc PY Qtr,₹ 354 Cr.
HINDALCO,EBIDT PY Qtr,"₹ 5,681 Cr."
HINDALCO,Dep PY Qtr,"₹ 1,856 Cr."
HINDALCO,EBIT PY Qtr,"₹ 3,825 Cr."
HINDALCO,Interest PY Qtr,₹ 986 Cr.
HINDALCO,PBT PY Qtr,"₹ 2,839 Cr."
HINDALCO,Tax PY Qtr,₹ 428 Cr.
HINDALCO,Market Cap,"₹ 1,50,080 Cr."
HINDALCO,Current Price,₹ 668
HINDALCO,High / Low,₹ 715 / 438
HINDALCO,Stock P/E,14.8
HINDALCO,Book Value,₹ 472
HINDALCO,Dividend Yield,0.53 %
HINDALCO,ROCE,11.2 %
HINDALCO,ROE,10.1 %
HINDALCO,Face Value,₹ 1.00
HINDALCO,Equity capital,₹ 222 Cr.
HINDALCO,Preference capital,₹ 0.00 Cr.
HINDALCO,Reserves,"₹ 1,05,924 Cr."
HINDALCO,Secured loan,"₹ 25,507 Cr."
HINDALCO,Unsecured loan,"₹ 34,784 Cr."
HINDALCO,Balance sheet total,"₹ 2,31,907 Cr."
HINDALCO,Gross block,"₹ 1,82,450 Cr."
HINDALCO,Revaluation reserve,₹ 0.00 Cr.
HINDALCO,Accum Dep,"₹ 71,824 Cr."
HINDALCO,Net block,"₹ 1,12,034 Cr."
HINDALCO,CWIP,"₹ 14,643 Cr."
HINDALCO,Investments,"₹ 15,444 Cr."
HINDALCO,Current assets,"₹ 82,299 Cr."
HINDALCO,Current liabilities,"₹ 59,351 Cr."
HINDALCO,BV Unq Invest,₹ 97.0 Cr.
HINDALCO,MV Quoted Inv,"₹ 13,884 Cr."
HINDALCO,Cont Liab,"₹ 1,291 Cr."
HINDALCO,Total Assets,"₹ 2,31,907 Cr."
HINDALCO,Working capital,"₹ 30,478 Cr."
HINDALCO,Lease liabilities,"₹ 1,855 Cr."
HINDALCO,Inventory,"₹ 40,812 Cr."
HINDALCO,Trade receivables,"₹ 16,404 Cr."
HINDALCO,Face value,₹ 1.00
HINDALCO,Cash Equivalents,"₹ 14,437 Cr."
HINDALCO,Adv Cust,₹ 0.00 Cr.
HINDALCO,Trade Payables,"₹ 34,444 Cr."
HINDALCO,No. Eq. Shares PY,225
HINDALCO,Debt preceding year,"₹ 60,291 Cr."
HINDALCO,Work Cap PY,"₹ 30,363 Cr."
HINDALCO,Net Block PY,"₹ 1,10,626 Cr."
HINDALCO,Gross Block PY,"₹ 1,82,450 Cr."
HINDALCO,CWIP PY,"₹ 7,700 Cr."
HINDALCO,Work Cap 3Yr,"₹ 16,047 Cr."
HINDALCO,Work Cap 5Yr,"₹ 20,537 Cr."
HINDALCO,Work Cap 7Yr,"₹ 10,063 Cr."
HINDALCO,Work Cap 10Yr,"₹ 15,474 Cr."
HINDALCO,Debt 3Years back,"₹ 67,206 Cr."
HINDALCO,Debt 5Years back,"₹ 52,415 Cr."
HINDALCO,Debt 7Years back,"₹ 63,817 Cr."
HINDALCO,Debt 10Years back,"₹ 64,756 Cr."
HINDALCO,Net Block 3Yrs Back,"₹ 1,00,269 Cr."
HINDALCO,Net Block 5Yrs Back,"₹ 85,860 Cr."
HINDALCO,Net Block 7Yrs Back,"₹ 84,687 Cr."
HINDALCO,Market Cap,"₹ 1,50,080 Cr."
HINDALCO,Current Price,₹ 668
HINDALCO,High / Low,₹ 715 / 438
HINDALCO,Stock P/E,14.8
HINDALCO,Book Value,₹ 472
HINDALCO,Dividend Yield,0.53 %
HINDALCO,ROCE,11.2 %
HINDALCO,ROE,10.1 %
HINDALCO,Face Value,₹ 1.00
HINDALCO,CF Operations,"₹ 24,056 Cr."
HINDALCO,Free Cash Flow,"₹ 8,378 Cr."
HINDALCO,CF Investing,"₹ -14,276 Cr."
HINDALCO,CF Financing,"₹ -10,817 Cr."
HINDALCO,Net CF,"₹ -1,037 Cr."
HINDALCO,Cash Beginning,"₹ 12,838 Cr."
HINDALCO,Cash End,"₹ 14,437 Cr."
HINDALCO,FCF Prev Ann,"₹ 9,466 Cr."
HINDALCO,CF Operations PY,"₹ 19,208 Cr."
HINDALCO,CF Investing PY,"₹ -7,664 Cr."
HINDALCO,CF Financing PY,"₹ -10,345 Cr."
HINDALCO,Net CF PY,"₹ 1,199 Cr."
HINDALCO,Cash Beginning PY,"₹ 11,639 Cr."
HINDALCO,Cash End PY,"₹ 15,368 Cr."
HINDALCO,Free Cash Flow 3Yrs,"₹ 29,327 Cr."
HINDALCO,Free Cash Flow 5Yrs,"₹ 46,929 Cr."
HINDALCO,Free Cash Flow 7Yrs,"₹ 60,880 Cr."
HINDALCO,Free Cash Flow 10Yrs,"₹ 79,761 Cr."
HINDALCO,CF Opr 3Yrs,"₹ 60,102 Cr."
HINDALCO,CF Opr 5Yrs,"₹ 90,079 Cr."
HINDALCO,CF Opr 7Yrs,"₹ 1,12,954 Cr."
HINDALCO,CF Opr 10Yrs,"₹ 1,44,472 Cr."
HINDALCO,CF Inv 10Yrs,"₹ -71,311 Cr."
HINDALCO,CF Inv 7Yrs,"₹ -61,343 Cr."
HINDALCO,CF Inv 5Yrs,"₹ -61,220 Cr."
HINDALCO,CF Inv 3Yrs,"₹ -28,713 Cr."
HINDALCO,Cash 3Years back,"₹ 8,809 Cr."
HINDALCO,Cash 5Years back,"₹ 9,787 Cr."
HINDALCO,Cash 7Years back,"₹ 8,261 Cr."
HINDALCO,Market Cap,"₹ 1,50,080 Cr."
HINDALCO,Current Price,₹ 668
HINDALCO,High / Low,₹ 715 / 438
HINDALCO,Stock P/E,14.8
HINDALCO,Book Value,₹ 472
HINDALCO,Dividend Yield,0.53 %
HINDALCO,ROCE,11.2 %
HINDALCO,ROE,10.1 %
HINDALCO,Face Value,₹ 1.00
HINDALCO,No. Eq. Shares,225
HINDALCO,Book value,₹ 472
HINDALCO,Inven TO,3.54
HINDALCO,Quick ratio,0.70
HINDALCO,Exports percentage,0.00 %
HINDALCO,Piotroski score,6.00
HINDALCO,G Factor,5.00
HINDALCO,Asset Turnover,0.95
HINDALCO,Financial leverage,2.15
HINDALCO,No. of Share Holders,"6,49,551"
HINDALCO,Unpledged Prom Hold,34.6 %
HINDALCO,ROIC,9.08 %
HINDALCO,Debtor days,27.7
HINDALCO,Industry PBV,2.64
HINDALCO,Credit rating,
HINDALCO,WC Days,27.1
HINDALCO,Earning Power,7.70 %
HINDALCO,Graham Number,₹ 693
HINDALCO,Cash Cycle,45.1
HINDALCO,Days Payable,93.9
HINDALCO,Days Receivable,27.7
HINDALCO,Inventory Days,111
HINDALCO,Public holding,12.0 %
HINDALCO,FII holding,27.2 %
HINDALCO,Chg in FII Hold,0.36 %
HINDALCO,DII holding,25.4 %
HINDALCO,Chg in DII Hold,-0.23 %
HINDALCO,B.V. Prev Ann,₹ 422
HINDALCO,ROCE Prev Yr,11.3 %
HINDALCO,ROA Prev Yr,4.53 %
HINDALCO,ROE Prev Ann,11.7 %
HINDALCO,No. of Share Holders Prev Qtr,"6,41,541"
HINDALCO,No. Eq. Shares 10 Yrs,206
HINDALCO,BV 3yrs back,₹ 296
HINDALCO,BV 5yrs back,₹ 260
HINDALCO,BV 10yrs back,₹ 186
HINDALCO,Inven TO 3Yr,3.21
HINDALCO,Inven TO 5Yr,3.50
HINDALCO,Inven TO 7Yr,3.88
HINDALCO,Inven TO 10Yr,4.18
HINDALCO,Export 3Yr,78.1 %
HINDALCO,Export 5Yr,75.6 %
HINDALCO,Div 5Yrs,₹ 644 Cr.
HINDALCO,ROCE 3Yr,13.0 %
HINDALCO,ROCE 5Yr,11.3 %
HINDALCO,ROCE 7Yr,10.9 %
HINDALCO,ROCE 10Yr,9.50 %
HINDALCO,ROE 10Yr,8.78 %
HINDALCO,ROE 7Yr,10.4 %
HINDALCO,ROE 5Yr Var,1.79 %
HINDALCO,OPM 5Year,12.1 %
HINDALCO,OPM 10Year,11.5 %
HINDALCO,No. of Share Holders 1Yr,"6,66,489"
HINDALCO,Avg Div Payout 3Yrs,6.91 %
HINDALCO,Debtor days 3yrs,31.2
HINDALCO,Debtor days 3yrs back,35.8
HINDALCO,Debtor days 5yrs back,31.8
HINDALCO,ROA 5Yr,3.95 %
HINDALCO,ROA 3Yr,5.17 %
HINDALCO,Market Cap,"₹ 1,50,080 Cr."
HINDALCO,Current Price,₹ 668
HINDALCO,High / Low,₹ 715 / 438
HINDALCO,Stock P/E,14.8
HINDALCO,Book Value,₹ 472
HINDALCO,Dividend Yield,0.53 %
HINDALCO,ROCE,11.2 %
HINDALCO,ROE,10.1 %
HINDALCO,Face Value,₹ 1.00
HINDALCO,Avg Vol 1Mth,"56,28,545"
HINDALCO,Avg Vol 1Wk,"55,45,438"
HINDALCO,Volume,"63,34,239"
HINDALCO,High price,₹ 715
HINDALCO,Low price,₹ 438
HINDALCO,High price all time,₹ 715
HINDALCO,Low price all time,₹ 36.8
HINDALCO,Return over 1day,3.29 %
HINDALCO,Return over 1week,-2.48 %
HINDALCO,Return over 1month,-4.17 %
HINDALCO,DMA 50,₹ 669
HINDALCO,DMA 200,₹ 593
HINDALCO,DMA 50 previous day,₹ 670
HINDALCO,200 DMA prev.,₹ 592
HINDALCO,RSI,35.8
HINDALCO,MACD,-5.85
HINDALCO,MACD Previous Day,-3.74
HINDALCO,MACD Signal,0.63
HINDALCO,MACD Signal Prev,2.24
HINDALCO,Avg Vol 1Yr,"72,41,085"
HINDALCO,Return over 7years,17.0 %
HINDALCO,Return over 10years,13.2 %
HINDALCO,Market Cap,"₹ 1,50,080 Cr."
HINDALCO,Current Price,₹ 668
HINDALCO,High / Low,₹ 715 / 438
HINDALCO,Stock P/E,14.8
HINDALCO,Book Value,₹ 472
HINDALCO,Dividend Yield,0.53 %
HINDALCO,ROCE,11.2 %
HINDALCO,ROE,10.1 %
HINDALCO,Face Value,₹ 1.00
HINDALCO,WC to Sales,14.1 %
HINDALCO,QoQ Profits,36.2 %
HINDALCO,QoQ Sales,6.03 %
HINDALCO,Net worth,"₹ 1,06,146 Cr."
HINDALCO,Market Cap to Sales,0.69
HINDALCO,Interest Coverage,4.63
HINDALCO,EV / EBIT,10.8
HINDALCO,Debt Capacity,0.20
HINDALCO,Debt To Profit,5.55
HINDALCO,Capital Employed,"₹ 1,57,155 Cr."
HINDALCO,CROIC,6.16 %
HINDALCO,debtplus,0.54
HINDALCO,Leverage,₹ 2.15
HINDALCO,Dividend Payout,7.65 %
HINDALCO,Intrinsic Value,₹ 728
HINDALCO,CDL,-28.8 %
HINDALCO,Cash by market cap,0.10
HINDALCO,52w Index,82.9 %
HINDALCO,Down from 52w high,6.63 %
HINDALCO,Up from 52w low,52.4 %
HINDALCO,From 52w high,0.93
HINDALCO,Mkt Cap To Debt Cap,0.67
HINDALCO,Dividend Payout,7.65 %
HINDALCO,Graham,₹ 693
HINDALCO,Price to Cash Flow,6.24
HINDALCO,ROCE3yr avg,13.0 %
HINDALCO,PB X PE,20.9
HINDALCO,NCAVPS,₹ 136
HINDALCO,Mar Cap to CF,6.24
HINDALCO,Altman Z Score,3.02
HINDALCO,M.Cap / Qtr Profit,47.3
