Ticker,Label,Value
ANGELONE,Market Cap,"₹ 19,198 Cr."
ANGELONE,Current Price,"₹ 2,131"
ANGELONE,High / Low,"₹ 3,900 / 1,460"
ANGELONE,Stock P/E,16.0
ANGELONE,Book Value,₹ 362
ANGELONE,Dividend Yield,1.88 %
ANGELONE,ROCE,38.7 %
ANGELONE,ROE,43.3 %
ANGELONE,Face Value,₹ 10.0
ANGELONE,Sales,"₹ 4,870 Cr."
ANGELONE,OPM,37.8 %
ANGELONE,Profit after tax,"₹ 1,198 Cr."
ANGELONE,Mar Cap,"₹ 19,198 Cr."
ANGELONE,Sales Qtr,"₹ 1,405 Cr."
ANGELONE,PAT Qtr,₹ 293 Cr.
ANGELONE,Qtr Sales Var,74.0 %
ANGELONE,Qtr Profit Var,32.6 %
ANGELONE,Price to Earning,16.0
ANGELONE,Dividend yield,1.88 %
ANGELONE,Price to book value,5.90
ANGELONE,ROCE,38.7 %
ANGELONE,Return on assets,10.9 %
ANGELONE,Debt to equity,0.84
ANGELONE,Return on equity,43.3 %
ANGELONE,EPS,₹ 140
ANGELONE,Debt,"₹ 2,541 Cr."
ANGELONE,Promoter holding,35.6 %
ANGELONE,Change in Prom Hold,-2.58 %
ANGELONE,Earnings yield,15.0 %
ANGELONE,Pledged percentage,0.00 %
ANGELONE,Industry PE,15.9
ANGELONE,Sales growth,55.7 %
ANGELONE,Profit growth,28.8 %
ANGELONE,Current Price,"₹ 2,131"
ANGELONE,Price to Sales,3.94
ANGELONE,CMP / FCF,88.0
ANGELONE,EVEBITDA,6.43
ANGELONE,Enterprise Value,"₹ 11,895 Cr."
ANGELONE,Current ratio,1.48
ANGELONE,Int Coverage,10.3
ANGELONE,PEG Ratio,0.23
ANGELONE,Return over 3months,-24.4 %
ANGELONE,Return over 6months,-27.1 %
ANGELONE,No. Eq. Shares,9.01
ANGELONE,Sales growth 3Years,49.1 %
ANGELONE,Sales growth 5Years,40.6 %
ANGELONE,Profit Var 3Yrs,55.5 %
ANGELONE,Profit Var 5Yrs,69.8 %
ANGELONE,ROE 5Yr,41.7 %
ANGELONE,ROE 3Yr,45.2 %
ANGELONE,Return over 1year,33.8 %
ANGELONE,Return over 3years,20.9 %
ANGELONE,Return over 5years,%
ANGELONE,Market Cap,"₹ 19,199 Cr."
ANGELONE,Current Price,"₹ 2,131"
ANGELONE,High / Low,"₹ 3,900 / 1,460"
ANGELONE,Stock P/E,16.0
ANGELONE,Book Value,₹ 362
ANGELONE,Dividend Yield,1.88 %
ANGELONE,ROCE,38.7 %
ANGELONE,ROE,43.3 %
ANGELONE,Face Value,₹ 10.0
ANGELONE,Sales last year,"₹ 4,272 Cr."
ANGELONE,OP Ann,"₹ 1,693 Cr."
ANGELONE,Other Inc Ann,₹ 7.31 Cr.
ANGELONE,EBIDT last year,"₹ 1,700 Cr."
ANGELONE,Dep Ann,₹ 49.9 Cr.
ANGELONE,EBIT last year,"₹ 1,650 Cr."
ANGELONE,Interest last year,₹ 137 Cr.
ANGELONE,PBT Ann,"₹ 1,514 Cr."
ANGELONE,Tax last year,₹ 388 Cr.
ANGELONE,PAT Ann,"₹ 1,126 Cr."
ANGELONE,Extra Ord Item Ann,₹ -0.11 Cr.
ANGELONE,NP Ann,"₹ 1,126 Cr."
ANGELONE,Dividend last year,₹ 291 Cr.
ANGELONE,Raw Material,0.00 %
ANGELONE,Employee cost,₹ 558 Cr.
ANGELONE,OPM last year,39.6 %
ANGELONE,NPM last year,26.4 %
ANGELONE,Operating profit,"₹ 1,842 Cr."
ANGELONE,Interest,₹ 173 Cr.
ANGELONE,Depreciation,₹ 63.6 Cr.
ANGELONE,EPS last year,₹ 134
ANGELONE,EBIT,"₹ 1,787 Cr."
ANGELONE,Net profit,"₹ 1,197 Cr."
ANGELONE,Current Tax,₹ 402 Cr.
ANGELONE,Tax,₹ 416 Cr.
ANGELONE,Other income,₹ 9.03 Cr.
ANGELONE,Ann Date,"2,02,403"
ANGELONE,Sales Prev Ann,"₹ 3,002 Cr."
ANGELONE,OP Prev Ann,"₹ 1,294 Cr."
ANGELONE,Other Inc Prev Ann,₹ 18.3 Cr.
ANGELONE,EBIDT Prev Ann,"₹ 1,303 Cr."
ANGELONE,Dep Prev Ann,₹ 30.3 Cr.
ANGELONE,EBIT preceding year,"₹ 1,272 Cr."
ANGELONE,Interest Prev Ann,₹ 90.9 Cr.
ANGELONE,PBT Prev Ann,"₹ 1,192 Cr."
ANGELONE,Tax preceding year,₹ 302 Cr.
ANGELONE,PAT Prev Ann,₹ 882 Cr.
ANGELONE,Extra Ord Prev Ann,₹ 10.0 Cr.
ANGELONE,NP Prev Ann,₹ 890 Cr.
ANGELONE,Dividend Prev Ann,₹ 332 Cr.
ANGELONE,OPM preceding year,43.1 %
ANGELONE,NPM preceding year,29.4 %
ANGELONE,EPS preceding year,₹ 107
ANGELONE,Sales Prev 12M,"₹ 4,272 Cr."
ANGELONE,Profit Prev 12M,"₹ 1,126 Cr."
ANGELONE,Med Sales Gwth 10Yrs,31.0 %
ANGELONE,Med Sales Gwth 5Yrs,42.3 %
ANGELONE,Sales growth 7Years,38.4 %
ANGELONE,Sales Var 10Yrs,%
ANGELONE,EBIDT growth 3Years,53.1 %
ANGELONE,EBIDT growth 5Years,51.3 %
ANGELONE,EBIDT growth 7Years,46.9 %
ANGELONE,EBIDT Var 10Yrs,%
ANGELONE,EPS growth 3Years,54.1 %
ANGELONE,EPS growth 5Years,64.6 %
ANGELONE,EPS growth 7Years,29.8 %
ANGELONE,EPS growth 10Years,%
ANGELONE,Profit Var 7Yrs,67.1 %
ANGELONE,Profit Var 10Yrs,%
ANGELONE,Chg in Prom Hold 3Yr,-8.63 %
ANGELONE,Market Cap,"₹ 19,199 Cr."
ANGELONE,Current Price,"₹ 2,131"
ANGELONE,High / Low,"₹ 3,900 / 1,460"
ANGELONE,Stock P/E,16.0
ANGELONE,Book Value,₹ 362
ANGELONE,Dividend Yield,1.88 %
ANGELONE,ROCE,38.7 %
ANGELONE,ROE,43.3 %
ANGELONE,Face Value,₹ 10.0
ANGELONE,OP Qtr,₹ 470 Cr.
ANGELONE,Other Inc Qtr,₹ 4.60 Cr.
ANGELONE,EBIDT Qtr,₹ 475 Cr.
ANGELONE,Dep Qtr,₹ 22.6 Cr.
ANGELONE,EBIT latest quarter,₹ 452 Cr.
ANGELONE,Interest Qtr,₹ 55.6 Cr.
ANGELONE,PBT Qtr,₹ 397 Cr.
ANGELONE,Tax latest quarter,₹ 104 Cr.
ANGELONE,Extra Ord Item Qtr,₹ -0.01 Cr.
ANGELONE,NP Qtr,₹ 293 Cr.
ANGELONE,GPM latest quarter,100 %
ANGELONE,OPM latest quarter,33.5 %
ANGELONE,NPM latest quarter,20.8 %
ANGELONE,Eq Cap Qtr,₹ 90.1 Cr.
ANGELONE,EPS latest quarter,₹ 32.5
ANGELONE,OP 2Qtr Bk,₹ 398 Cr.
ANGELONE,OP 3Qtr Bk,₹ 443 Cr.
ANGELONE,Sales 2Qtr Bk,"₹ 1,059 Cr."
ANGELONE,Sales 3Qtr Bk,"₹ 1,048 Cr."
ANGELONE,NP 2Qtr Bk,₹ 260 Cr.
ANGELONE,NP 3Qtr Bk,₹ 304 Cr.
ANGELONE,Opert Prft Gwth,36.7 %
ANGELONE,Last result date,"2,02,406"
ANGELONE,Exp Qtr Sales Var,57.1 %
ANGELONE,Exp Qtr Sales,"₹ 1,646 Cr."
ANGELONE,Exp Qtr OP,₹ 650 Cr.
ANGELONE,Exp Qtr NP,₹ 572 Cr.
ANGELONE,Exp Qtr EPS,₹ 63.5
ANGELONE,Sales Prev Qtr,"₹ 1,357 Cr."
ANGELONE,OP Prev Qtr,₹ 530 Cr.
ANGELONE,Other Inc Prev Qtr,₹ 1.25 Cr.
ANGELONE,EBIDT Prev Qtr,₹ 531 Cr.
ANGELONE,Dep Prev Qtr,₹ 16.7 Cr.
ANGELONE,EBIT Prev Qtr,₹ 514 Cr.
ANGELONE,Interest Prev Qtr,₹ 55.6 Cr.
ANGELONE,PBT Prev Qtr,₹ 459 Cr.
ANGELONE,Tax Prev Qtr,₹ 119 Cr.
ANGELONE,PAT Prev Qtr,₹ 340 Cr.
ANGELONE,Extra Ord Prev Qtr,₹ -0.01 Cr.
ANGELONE,NP Prev Qtr,₹ 340 Cr.
ANGELONE,OPM Prev Qtr,39.0 %
ANGELONE,NPM Prev Qtr,25.0 %
ANGELONE,Eq Cap Prev Qtr,₹ 83.9 Cr.
ANGELONE,EPS Prev Qtr,₹ 40.5
ANGELONE,Sales PY Qtr,₹ 808 Cr.
ANGELONE,OP PY Qtr,₹ 320 Cr.
ANGELONE,Other Inc PY Qtr,₹ 3.55 Cr.
ANGELONE,EBIDT PY Qtr,₹ 324 Cr.
ANGELONE,Dep PY Qtr,₹ 8.93 Cr.
ANGELONE,EBIT PY Qtr,₹ 315 Cr.
ANGELONE,Interest PY Qtr,₹ 18.3 Cr.
ANGELONE,PBT PY Qtr,₹ 297 Cr.
ANGELONE,Tax PY Qtr,₹ 75.9 Cr.
ANGELONE,Market Cap,"₹ 19,199 Cr."
ANGELONE,Current Price,"₹ 2,131"
ANGELONE,High / Low,"₹ 3,900 / 1,460"
ANGELONE,Stock P/E,16.0
ANGELONE,Book Value,₹ 362
ANGELONE,Dividend Yield,1.88 %
ANGELONE,ROCE,38.7 %
ANGELONE,ROE,43.3 %
ANGELONE,Face Value,₹ 10.0
ANGELONE,Equity capital,₹ 84.0 Cr.
ANGELONE,Preference capital,₹ 0.00 Cr.
ANGELONE,Reserves,"₹ 2,955 Cr."
ANGELONE,Secured loan,"₹ 2,402 Cr."
ANGELONE,Unsecured loan,₹ 139 Cr.
ANGELONE,Balance sheet total,"₹ 13,254 Cr."
ANGELONE,Gross block,₹ 527 Cr.
ANGELONE,Revaluation reserve,₹ 0.00 Cr.
ANGELONE,Accum Dep,₹ 118 Cr.
ANGELONE,Net block,₹ 409 Cr.
ANGELONE,CWIP,₹ 0.60 Cr.
ANGELONE,Investments,₹ 0.00 Cr.
ANGELONE,Current assets,"₹ 11,360 Cr."
ANGELONE,Current liabilities,"₹ 7,658 Cr."
ANGELONE,BV Unq Invest,₹ 0.00 Cr.
ANGELONE,MV Quoted Inv,₹ 0.00 Cr.
ANGELONE,Cont Liab,"₹ 3,083 Cr."
ANGELONE,Total Assets,"₹ 13,254 Cr."
ANGELONE,Working capital,"₹ 3,702 Cr."
ANGELONE,Lease liabilities,₹ 0.00 Cr.
ANGELONE,Inventory,₹ 0.00 Cr.
ANGELONE,Trade receivables,₹ 487 Cr.
ANGELONE,Face value,₹ 10.0
ANGELONE,Cash Equivalents,"₹ 9,844 Cr."
ANGELONE,Adv Cust,₹ 0.00 Cr.
ANGELONE,Trade Payables,"₹ 7,197 Cr."
ANGELONE,No. Eq. Shares PY,8.34
ANGELONE,Debt preceding year,₹ 788 Cr.
ANGELONE,Work Cap PY,"₹ 1,590 Cr."
ANGELONE,Net Block PY,₹ 187 Cr.
ANGELONE,Gross Block PY,₹ 262 Cr.
ANGELONE,CWIP PY,₹ 61.6 Cr.
ANGELONE,Work Cap 3Yr,"₹ 1,049 Cr."
ANGELONE,Work Cap 5Yr,"₹ 1,257 Cr."
ANGELONE,Work Cap 7Yr,₹ 966 Cr.
ANGELONE,Work Cap 10Yr,₹ Cr.
ANGELONE,Debt 3Years back,"₹ 1,171 Cr."
ANGELONE,Debt 5Years back,₹ 872 Cr.
ANGELONE,Debt 7Years back,₹ 772 Cr.
ANGELONE,Debt 10Years back,₹ Cr.
ANGELONE,Net Block 3Yrs Back,₹ 115 Cr.
ANGELONE,Net Block 5Yrs Back,₹ 134 Cr.
ANGELONE,Net Block 7Yrs Back,₹ 123 Cr.
ANGELONE,Market Cap,"₹ 19,199 Cr."
ANGELONE,Current Price,"₹ 2,131"
ANGELONE,High / Low,"₹ 3,900 / 1,460"
ANGELONE,Stock P/E,16.0
ANGELONE,Book Value,₹ 362
ANGELONE,Dividend Yield,1.88 %
ANGELONE,ROCE,38.7 %
ANGELONE,ROE,43.3 %
ANGELONE,Face Value,₹ 10.0
ANGELONE,CF Operations,₹ -330 Cr.
ANGELONE,Free Cash Flow,₹ -537 Cr.
ANGELONE,CF Investing,₹ -91.0 Cr.
ANGELONE,CF Financing,"₹ 1,331 Cr."
ANGELONE,Net CF,₹ 910 Cr.
ANGELONE,Cash Beginning,₹ 133 Cr.
ANGELONE,Cash End,"₹ 9,844 Cr."
ANGELONE,FCF Prev Ann,₹ 704 Cr.
ANGELONE,CF Operations PY,₹ 804 Cr.
ANGELONE,CF Investing PY,₹ -185 Cr.
ANGELONE,CF Financing PY,₹ -908 Cr.
ANGELONE,Net CF PY,₹ -289 Cr.
ANGELONE,Cash Beginning PY,₹ 422 Cr.
ANGELONE,Cash End PY,"₹ 5,491 Cr."
ANGELONE,Free Cash Flow 3Yrs,₹ 655 Cr.
ANGELONE,Free Cash Flow 5Yrs,₹ 73.1 Cr.
ANGELONE,Free Cash Flow 7Yrs,₹ 435 Cr.
ANGELONE,Free Cash Flow 10Yrs,₹ 118 Cr.
ANGELONE,CF Opr 3Yrs,"₹ 1,032 Cr."
ANGELONE,CF Opr 5Yrs,₹ 476 Cr.
ANGELONE,CF Opr 7Yrs,₹ 856 Cr.
ANGELONE,CF Opr 10Yrs,₹ 580 Cr.
ANGELONE,CF Inv 10Yrs,₹ -360 Cr.
ANGELONE,CF Inv 7Yrs,₹ -290 Cr.
ANGELONE,CF Inv 5Yrs,₹ -332 Cr.
ANGELONE,CF Inv 3Yrs,₹ -329 Cr.
ANGELONE,Cash 3Years back,"₹ 1,877 Cr."
ANGELONE,Cash 5Years back,₹ 986 Cr.
ANGELONE,Cash 7Years back,₹ 618 Cr.
ANGELONE,Market Cap,"₹ 19,199 Cr."
ANGELONE,Current Price,"₹ 2,131"
ANGELONE,High / Low,"₹ 3,900 / 1,460"
ANGELONE,Stock P/E,16.0
ANGELONE,Book Value,₹ 362
ANGELONE,Dividend Yield,1.88 %
ANGELONE,ROCE,38.7 %
ANGELONE,ROE,43.3 %
ANGELONE,Face Value,₹ 10.0
ANGELONE,No. Eq. Shares,9.01
ANGELONE,Book value,₹ 362
ANGELONE,Inven TO,
ANGELONE,Quick ratio,1.48
ANGELONE,Exports percentage,0.00 %
ANGELONE,Piotroski score,2.00
ANGELONE,G Factor,7.00
ANGELONE,Asset Turnover,0.41
ANGELONE,Financial leverage,3.41
ANGELONE,No. of Share Holders,"2,70,528"
ANGELONE,Unpledged Prom Hold,35.6 %
ANGELONE,ROIC,29.8 %
ANGELONE,Debtor days,41.6
ANGELONE,Industry PBV,2.90
ANGELONE,Credit rating,
ANGELONE,WC Days,-525
ANGELONE,Earning Power,13.5 %
ANGELONE,Graham Number,"₹ 1,068"
ANGELONE,Cash Cycle,41.6
ANGELONE,Days Payable,
ANGELONE,Days Receivable,41.6
ANGELONE,Inventory Days,
ANGELONE,Public holding,35.0 %
ANGELONE,FII holding,15.4 %
ANGELONE,Chg in FII Hold,-2.59 %
ANGELONE,DII holding,14.0 %
ANGELONE,Chg in DII Hold,0.44 %
ANGELONE,B.V. Prev Ann,₹ 259
ANGELONE,ROCE Prev Yr,43.9 %
ANGELONE,ROA Prev Yr,12.0 %
ANGELONE,ROE Prev Ann,47.1 %
ANGELONE,No. of Share Holders Prev Qtr,"2,00,363"
ANGELONE,No. Eq. Shares 10 Yrs,1.44
ANGELONE,BV 3yrs back,₹ 138
ANGELONE,BV 5yrs back,₹
ANGELONE,BV 10yrs back,₹
ANGELONE,Inven TO 3Yr,71.6
ANGELONE,Inven TO 5Yr,94.6
ANGELONE,Inven TO 7Yr,47.1
ANGELONE,Inven TO 10Yr,
ANGELONE,Export 3Yr,0.00 %
ANGELONE,Export 5Yr,0.00 %
ANGELONE,Div 5Yrs,₹ 195 Cr.
ANGELONE,ROCE 3Yr,39.4 %
ANGELONE,ROCE 5Yr,31.8 %
ANGELONE,ROCE 7Yr,27.2 %
ANGELONE,ROCE 10Yr,23.7 %
ANGELONE,ROE 10Yr,%
ANGELONE,ROE 7Yr,39.2 %
ANGELONE,ROE 5Yr Var,22.2 %
ANGELONE,OPM 5Year,39.2 %
ANGELONE,OPM 10Year,36.0 %
ANGELONE,No. of Share Holders 1Yr,"1,29,211"
ANGELONE,Avg Div Payout 3Yrs,33.0 %
ANGELONE,Debtor days 3yrs,59.0
ANGELONE,Debtor days 3yrs back,64.5
ANGELONE,Debtor days 5yrs back,101
ANGELONE,ROA 5Yr,9.18 %
ANGELONE,ROA 3Yr,11.1 %
ANGELONE,Market Cap,"₹ 19,198 Cr."
ANGELONE,Current Price,"₹ 2,131"
ANGELONE,High / Low,"₹ 3,900 / 1,460"
ANGELONE,Stock P/E,16.0
ANGELONE,Book Value,₹ 362
ANGELONE,Dividend Yield,1.88 %
ANGELONE,ROCE,38.7 %
ANGELONE,ROE,43.3 %
ANGELONE,Face Value,₹ 10.0
ANGELONE,Avg Vol 1Mth,"12,06,225"
ANGELONE,Avg Vol 1Wk,"14,04,132"
ANGELONE,Volume,"5,14,882"
ANGELONE,High price,"₹ 3,900"
ANGELONE,Low price,"₹ 1,460"
ANGELONE,High price all time,"₹ 3,900"
ANGELONE,Low price all time,₹ 222
ANGELONE,Return over 1day,0.08 %
ANGELONE,Return over 1week,2.03 %
ANGELONE,Return over 1month,-18.1 %
ANGELONE,DMA 50,"₹ 2,435"
ANGELONE,DMA 200,"₹ 2,545"
ANGELONE,DMA 50 previous day,"₹ 2,447"
ANGELONE,200 DMA prev.,"₹ 2,549"
ANGELONE,RSI,35.2
ANGELONE,MACD,-103
ANGELONE,MACD Previous Day,-103
ANGELONE,MACD Signal,-98.3
ANGELONE,MACD Signal Prev,-97.1
ANGELONE,Avg Vol 1Yr,"7,22,754"
ANGELONE,Return over 7years,%
ANGELONE,Return over 10years,%
ANGELONE,Market Cap,"₹ 19,198 Cr."
ANGELONE,Current Price,"₹ 2,131"
ANGELONE,High / Low,"₹ 3,900 / 1,460"
ANGELONE,Stock P/E,16.0
ANGELONE,Book Value,₹ 362
ANGELONE,Dividend Yield,1.88 %
ANGELONE,ROCE,38.7 %
ANGELONE,ROE,43.3 %
ANGELONE,Face Value,₹ 10.0
ANGELONE,WC to Sales,76.0 %
ANGELONE,QoQ Profits,-13.9 %
ANGELONE,QoQ Sales,3.55 %
ANGELONE,Net worth,"₹ 3,039 Cr."
ANGELONE,Market Cap to Sales,3.94
ANGELONE,Interest Coverage,10.3
ANGELONE,EV / EBIT,6.66
ANGELONE,Debt Capacity,0.40
ANGELONE,Debt To Profit,2.26
ANGELONE,Capital Employed,"₹ 4,112 Cr."
ANGELONE,CROIC,5.12 %
ANGELONE,debtplus,1.73
ANGELONE,Leverage,₹ 3.41
ANGELONE,Dividend Payout,25.9 %
ANGELONE,Intrinsic Value,"₹ 3,578"
ANGELONE,CDL,22.0 %
ANGELONE,Cash by market cap,0.40
ANGELONE,52w Index,27.5 %
ANGELONE,Down from 52w high,45.4 %
ANGELONE,Up from 52w low,46.0 %
ANGELONE,From 52w high,0.55
ANGELONE,Mkt Cap To Debt Cap,16.1
ANGELONE,Dividend Payout,25.9 %
ANGELONE,Graham,"₹ 1,068"
ANGELONE,Price to Cash Flow,-58.2
ANGELONE,ROCE3yr avg,39.4 %
ANGELONE,PB X PE,94.5
ANGELONE,NCAVPS,₹ 411
ANGELONE,Mar Cap to CF,-58.2
ANGELONE,Altman Z Score,3.79
ANGELONE,M.Cap / Qtr Profit,65.6
