Ticker,Label,Value
KOTAKBANK,Market Cap,"₹ 3,60,167 Cr."
KOTAKBANK,Current Price,"₹ 1,812"
KOTAKBANK,High / Low,"₹ 1,926 / 1,544"
KOTAKBANK,Stock P/E,19.4
KOTAKBANK,Book Value,₹ 654
KOTAKBANK,Dividend Yield,0.11 %
KOTAKBANK,ROCE,7.86 %
KOTAKBANK,ROE,15.1 %
KOTAKBANK,Face Value,₹ 5.00
KOTAKBANK,Sales,"₹ 59,204 Cr."
KOTAKBANK,OPM,15.9 %
KOTAKBANK,Profit after tax,"₹ 18,643 Cr."
KOTAKBANK,Mar Cap,"₹ 3,60,167 Cr."
KOTAKBANK,Sales Qtr,"₹ 15,837 Cr."
KOTAKBANK,PAT Qtr,"₹ 4,580 Cr."
KOTAKBANK,Qtr Sales Var,23.1 %
KOTAKBANK,Qtr Profit Var,10.4 %
KOTAKBANK,Price to Earning,19.4
KOTAKBANK,Dividend yield,0.11 %
KOTAKBANK,Price to book value,2.75
KOTAKBANK,ROCE,7.86 %
KOTAKBANK,Return on assets,2.62 %
KOTAKBANK,Debt to equity,4.00
KOTAKBANK,Return on equity,15.1 %
KOTAKBANK,EPS,₹ 108
KOTAKBANK,Debt,"₹ 5,20,374 Cr."
KOTAKBANK,Promoter holding,25.9 %
KOTAKBANK,Change in Prom Hold,-0.01 %
KOTAKBANK,Earnings yield,6.04 %
KOTAKBANK,Pledged percentage,0.00 %
KOTAKBANK,Industry PE,12.0
KOTAKBANK,Sales growth,29.1 %
KOTAKBANK,Profit growth,14.2 %
KOTAKBANK,Current Price,"₹ 1,812"
KOTAKBANK,Price to Sales,6.08
KOTAKBANK,CMP / FCF,53.8
KOTAKBANK,EVEBITDA,16.7
KOTAKBANK,Enterprise Value,"₹ 8,15,335 Cr."
KOTAKBANK,Current ratio,1.97
KOTAKBANK,Int Coverage,1.99
KOTAKBANK,PEG Ratio,0.95
KOTAKBANK,Return over 3months,10.4 %
KOTAKBANK,Return over 6months,0.38 %
KOTAKBANK,No. Eq. Shares,199
KOTAKBANK,Sales growth 3Years,19.7 %
KOTAKBANK,Sales growth 5Years,13.5 %
KOTAKBANK,Profit Var 3Yrs,22.3 %
KOTAKBANK,Profit Var 5Yrs,20.4 %
KOTAKBANK,ROE 5Yr,14.1 %
KOTAKBANK,ROE 3Yr,14.3 %
KOTAKBANK,Return over 1year,-5.26 %
KOTAKBANK,Return over 3years,1.49 %
KOTAKBANK,Return over 5years,3.26 %
KOTAKBANK,Market Cap,"₹ 3,60,167 Cr."
KOTAKBANK,Current Price,"₹ 1,812"
KOTAKBANK,High / Low,"₹ 1,926 / 1,544"
KOTAKBANK,Stock P/E,19.4
KOTAKBANK,Book Value,₹ 654
KOTAKBANK,Dividend Yield,0.11 %
KOTAKBANK,ROCE,7.86 %
KOTAKBANK,ROE,15.1 %
KOTAKBANK,Face Value,₹ 5.00
KOTAKBANK,Sales last year,"₹ 56,237 Cr."
KOTAKBANK,OP Ann,"₹ 9,185 Cr."
KOTAKBANK,Other Inc Ann,"₹ 38,037 Cr."
KOTAKBANK,EBIDT last year,"₹ 47,215 Cr."
KOTAKBANK,Dep Ann,₹ 792 Cr.
KOTAKBANK,EBIT last year,"₹ 46,423 Cr."
KOTAKBANK,Interest last year,"₹ 22,567 Cr."
KOTAKBANK,PBT Ann,"₹ 23,863 Cr."
KOTAKBANK,Tax last year,"₹ 5,887 Cr."
KOTAKBANK,PAT Ann,"₹ 18,208 Cr."
KOTAKBANK,Extra Ord Item Ann,₹ 7.14 Cr.
KOTAKBANK,NP Ann,"₹ 18,213 Cr."
KOTAKBANK,Dividend last year,₹ 398 Cr.
KOTAKBANK,Raw Material,0.00 %
KOTAKBANK,Employee cost,"₹ 10,362 Cr."
KOTAKBANK,OPM last year,16.3 %
KOTAKBANK,NPM last year,32.4 %
KOTAKBANK,Operating profit,"₹ 9,402 Cr."
KOTAKBANK,Interest,"₹ 24,538 Cr."
KOTAKBANK,Depreciation,₹ 0.00 Cr.
KOTAKBANK,EPS last year,₹ 91.6
KOTAKBANK,EBIT,"₹ 48,823 Cr."
KOTAKBANK,Net profit,"₹ 21,511 Cr."
KOTAKBANK,Current Tax,"₹ 6,821 Cr."
KOTAKBANK,Tax,"₹ 6,821 Cr."
KOTAKBANK,Other income,"₹ 43,225 Cr."
KOTAKBANK,Ann Date,"2,02,403"
KOTAKBANK,Sales Prev Ann,"₹ 42,151 Cr."
KOTAKBANK,OP Prev Ann,"₹ 8,666 Cr."
KOTAKBANK,Other Inc Prev Ann,"₹ 25,991 Cr."
KOTAKBANK,EBIDT Prev Ann,"₹ 34,646 Cr."
KOTAKBANK,Dep Prev Ann,₹ 599 Cr.
KOTAKBANK,EBIT preceding year,"₹ 34,047 Cr."
KOTAKBANK,Interest Prev Ann,"₹ 14,411 Cr."
KOTAKBANK,PBT Prev Ann,"₹ 19,646 Cr."
KOTAKBANK,Tax preceding year,"₹ 4,866 Cr."
KOTAKBANK,PAT Prev Ann,"₹ 14,917 Cr."
KOTAKBANK,Extra Ord Prev Ann,₹ 10.8 Cr.
KOTAKBANK,NP Prev Ann,"₹ 14,925 Cr."
KOTAKBANK,Dividend Prev Ann,₹ 298 Cr.
KOTAKBANK,OPM preceding year,20.6 %
KOTAKBANK,NPM preceding year,35.4 %
KOTAKBANK,EPS preceding year,₹ 75.1
KOTAKBANK,Sales Prev 12M,"₹ 56,237 Cr."
KOTAKBANK,Profit Prev 12M,"₹ 18,213 Cr."
KOTAKBANK,Med Sales Gwth 10Yrs,12.2 %
KOTAKBANK,Med Sales Gwth 5Yrs,12.2 %
KOTAKBANK,Sales growth 7Years,14.1 %
KOTAKBANK,Sales Var 10Yrs,16.7 %
KOTAKBANK,EBIDT growth 3Years,21.1 %
KOTAKBANK,EBIDT growth 5Years,12.5 %
KOTAKBANK,EBIDT growth 7Years,13.8 %
KOTAKBANK,EBIDT Var 10Yrs,16.5 %
KOTAKBANK,EPS growth 3Years,22.1 %
KOTAKBANK,EPS growth 5Years,19.4 %
KOTAKBANK,EPS growth 7Years,19.2 %
KOTAKBANK,EPS growth 10Years,19.1 %
KOTAKBANK,Profit Var 7Yrs,20.5 %
KOTAKBANK,Profit Var 10Yrs,22.1 %
KOTAKBANK,Chg in Prom Hold 3Yr,-0.11 %
KOTAKBANK,Market Cap,"₹ 3,60,167 Cr."
KOTAKBANK,Current Price,"₹ 1,812"
KOTAKBANK,High / Low,"₹ 1,926 / 1,544"
KOTAKBANK,Stock P/E,19.4
KOTAKBANK,Book Value,₹ 654
KOTAKBANK,Dividend Yield,0.11 %
KOTAKBANK,ROCE,7.86 %
KOTAKBANK,ROE,15.1 %
KOTAKBANK,Face Value,₹ 5.00
KOTAKBANK,OP Qtr,"₹ 3,574 Cr."
KOTAKBANK,Other Inc Qtr,"₹ 13,042 Cr."
KOTAKBANK,EBIDT Qtr,"₹ 12,813 Cr."
KOTAKBANK,Dep Qtr,₹ 0.00 Cr.
KOTAKBANK,EBIT latest quarter,"₹ 12,813 Cr."
KOTAKBANK,Interest Qtr,"₹ 6,805 Cr."
KOTAKBANK,PBT Qtr,"₹ 9,811 Cr."
KOTAKBANK,Tax latest quarter,"₹ 2,412 Cr."
KOTAKBANK,Extra Ord Item Qtr,"₹ 3,803 Cr."
KOTAKBANK,NP Qtr,"₹ 7,448 Cr."
KOTAKBANK,GPM latest quarter,100 %
KOTAKBANK,OPM latest quarter,22.6 %
KOTAKBANK,NPM latest quarter,28.9 %
KOTAKBANK,Eq Cap Qtr,₹ 994 Cr.
KOTAKBANK,EPS latest quarter,₹ 37.5
KOTAKBANK,OP 2Qtr Bk,"₹ 2,011 Cr."
KOTAKBANK,OP 3Qtr Bk,"₹ 3,581 Cr."
KOTAKBANK,Sales 2Qtr Bk,"₹ 14,495 Cr."
KOTAKBANK,Sales 3Qtr Bk,"₹ 13,717 Cr."
KOTAKBANK,NP 2Qtr Bk,"₹ 4,265 Cr."
KOTAKBANK,NP 3Qtr Bk,"₹ 4,461 Cr."
KOTAKBANK,Opert Prft Gwth,48.1 %
KOTAKBANK,Last result date,"2,02,406"
KOTAKBANK,Exp Qtr Sales Var,29.3 %
KOTAKBANK,Exp Qtr Sales,"₹ 17,739 Cr."
KOTAKBANK,Exp Qtr OP,"₹ 3,439 Cr."
KOTAKBANK,Exp Qtr NP,"₹ -3,358 Cr."
KOTAKBANK,Exp Qtr EPS,₹ -16.9
KOTAKBANK,Sales Prev Qtr,"₹ 15,156 Cr."
KOTAKBANK,OP Prev Qtr,₹ 236 Cr.
KOTAKBANK,Other Inc Prev Qtr,"₹ 12,751 Cr."
KOTAKBANK,EBIDT Prev Qtr,"₹ 12,987 Cr."
KOTAKBANK,Dep Prev Qtr,₹ 0.00 Cr.
KOTAKBANK,EBIT Prev Qtr,"₹ 12,987 Cr."
KOTAKBANK,Interest Prev Qtr,"₹ 6,212 Cr."
KOTAKBANK,PBT Prev Qtr,"₹ 6,775 Cr."
KOTAKBANK,Tax Prev Qtr,"₹ 1,533 Cr."
KOTAKBANK,PAT Prev Qtr,"₹ 5,337 Cr."
KOTAKBANK,Extra Ord Prev Qtr,₹ 0.00 Cr.
KOTAKBANK,NP Prev Qtr,"₹ 5,337 Cr."
KOTAKBANK,OPM Prev Qtr,1.56 %
KOTAKBANK,NPM Prev Qtr,35.2 %
KOTAKBANK,Eq Cap Prev Qtr,₹ Cr.
KOTAKBANK,EPS Prev Qtr,₹ 26.8
KOTAKBANK,Sales PY Qtr,"₹ 12,869 Cr."
KOTAKBANK,OP PY Qtr,"₹ 2,566 Cr."
KOTAKBANK,Other Inc PY Qtr,"₹ 7,855 Cr."
KOTAKBANK,EBIDT PY Qtr,"₹ 10,421 Cr."
KOTAKBANK,Dep PY Qtr,₹ 0.00 Cr.
KOTAKBANK,EBIT PY Qtr,"₹ 10,421 Cr."
KOTAKBANK,Interest PY Qtr,"₹ 4,834 Cr."
KOTAKBANK,PBT PY Qtr,"₹ 5,586 Cr."
KOTAKBANK,Tax PY Qtr,"₹ 1,477 Cr."
KOTAKBANK,Market Cap,"₹ 3,60,505 Cr."
KOTAKBANK,Current Price,"₹ 1,813"
KOTAKBANK,High / Low,"₹ 1,926 / 1,544"
KOTAKBANK,Stock P/E,19.4
KOTAKBANK,Book Value,₹ 654
KOTAKBANK,Dividend Yield,0.11 %
KOTAKBANK,ROCE,7.86 %
KOTAKBANK,ROE,15.1 %
KOTAKBANK,Face Value,₹ 5.00
KOTAKBANK,Equity capital,₹ 994 Cr.
KOTAKBANK,Preference capital,₹ 0.00 Cr.
KOTAKBANK,Reserves,"₹ 1,28,978 Cr."
KOTAKBANK,Secured loan,"₹ 75,106 Cr."
KOTAKBANK,Unsecured loan,"₹ 4,45,269 Cr."
KOTAKBANK,Balance sheet total,"₹ 7,67,667 Cr."
KOTAKBANK,Gross block,"₹ 7,349 Cr."
KOTAKBANK,Revaluation reserve,₹ 0.00 Cr.
KOTAKBANK,Accum Dep,"₹ 3,839 Cr."
KOTAKBANK,Net block,"₹ 3,510 Cr."
KOTAKBANK,CWIP,₹ 0.00 Cr.
KOTAKBANK,Investments,"₹ 2,46,446 Cr."
KOTAKBANK,Current assets,"₹ 86,727 Cr."
KOTAKBANK,Current liabilities,"₹ 43,945 Cr."
KOTAKBANK,BV Unq Invest,"₹ 25,508 Cr."
KOTAKBANK,MV Quoted Inv,₹ 0.00 Cr.
KOTAKBANK,Cont Liab,"₹ 7,77,539 Cr."
KOTAKBANK,Total Assets,"₹ 7,67,667 Cr."
KOTAKBANK,Working capital,"₹ 42,782 Cr."
KOTAKBANK,Lease liabilities,₹ 0.00 Cr.
KOTAKBANK,Inventory,₹ 0.00 Cr.
KOTAKBANK,Trade receivables,₹ 0.00 Cr.
KOTAKBANK,Face value,₹ 5.00
KOTAKBANK,Cash Equivalents,"₹ 65,206 Cr."
KOTAKBANK,Adv Cust,₹ 0.00 Cr.
KOTAKBANK,Trade Payables,"₹ 3,605 Cr."
KOTAKBANK,No. Eq. Shares PY,199
KOTAKBANK,Debt preceding year,"₹ 4,18,807 Cr."
KOTAKBANK,Work Cap PY,"₹ 30,475 Cr."
KOTAKBANK,Net Block PY,"₹ 3,075 Cr."
KOTAKBANK,Gross Block PY,"₹ 6,397 Cr."
KOTAKBANK,CWIP PY,₹ 0.00 Cr.
KOTAKBANK,Work Cap 3Yr,"₹ 41,110 Cr."
KOTAKBANK,Work Cap 5Yr,"₹ 26,994 Cr."
KOTAKBANK,Work Cap 7Yr,"₹ 25,645 Cr."
KOTAKBANK,Work Cap 10Yr,"₹ 4,365 Cr."
KOTAKBANK,Debt 3Years back,"₹ 3,27,110 Cr."
KOTAKBANK,Debt 5Years back,"₹ 2,91,763 Cr."
KOTAKBANK,Debt 7Years back,"₹ 2,05,230 Cr."
KOTAKBANK,Debt 10Years back,"₹ 85,937 Cr."
KOTAKBANK,Net Block 3Yrs Back,"₹ 2,554 Cr."
KOTAKBANK,Net Block 5Yrs Back,"₹ 2,697 Cr."
KOTAKBANK,Net Block 7Yrs Back,"₹ 1,759 Cr."
KOTAKBANK,Market Cap,"₹ 3,60,505 Cr."
KOTAKBANK,Current Price,"₹ 1,813"
KOTAKBANK,High / Low,"₹ 1,926 / 1,544"
KOTAKBANK,Stock P/E,19.4
KOTAKBANK,Book Value,₹ 654
KOTAKBANK,Dividend Yield,0.11 %
KOTAKBANK,ROCE,7.86 %
KOTAKBANK,ROE,15.1 %
KOTAKBANK,Face Value,₹ 5.00
KOTAKBANK,CF Operations,"₹ 15,685 Cr."
KOTAKBANK,Free Cash Flow,"₹ 14,593 Cr."
KOTAKBANK,CF Investing,"₹ -8,919 Cr."
KOTAKBANK,CF Financing,"₹ 15,515 Cr."
KOTAKBANK,Net CF,"₹ 22,281 Cr."
KOTAKBANK,Cash Beginning,"₹ 42,925 Cr."
KOTAKBANK,Cash End,"₹ 65,206 Cr."
KOTAKBANK,FCF Prev Ann,"₹ -2,203 Cr."
KOTAKBANK,CF Operations PY,"₹ -1,242 Cr."
KOTAKBANK,CF Investing PY,"₹ -10,381 Cr."
KOTAKBANK,CF Financing PY,"₹ 1,883 Cr."
KOTAKBANK,Net CF PY,"₹ -9,740 Cr."
KOTAKBANK,Cash Beginning PY,"₹ 52,665 Cr."
KOTAKBANK,Cash End PY,"₹ 42,925 Cr."
KOTAKBANK,Free Cash Flow 3Yrs,"₹ 20,065 Cr."
KOTAKBANK,Free Cash Flow 5Yrs,"₹ 70,852 Cr."
KOTAKBANK,Free Cash Flow 7Yrs,"₹ 61,425 Cr."
KOTAKBANK,Free Cash Flow 10Yrs,"₹ 81,013 Cr."
KOTAKBANK,CF Opr 3Yrs,"₹ 22,751 Cr."
KOTAKBANK,CF Opr 5Yrs,"₹ 74,251 Cr."
KOTAKBANK,CF Opr 7Yrs,"₹ 65,681 Cr."
KOTAKBANK,CF Opr 10Yrs,"₹ 86,230 Cr."
KOTAKBANK,CF Inv 10Yrs,"₹ -75,350 Cr."
KOTAKBANK,CF Inv 7Yrs,"₹ -63,241 Cr."
KOTAKBANK,CF Inv 5Yrs,"₹ -54,443 Cr."
KOTAKBANK,CF Inv 3Yrs,"₹ -30,203 Cr."
KOTAKBANK,Cash 3Years back,"₹ 47,717 Cr."
KOTAKBANK,Cash 5Years back,"₹ 31,264 Cr."
KOTAKBANK,Cash 7Years back,"₹ 25,589 Cr."
KOTAKBANK,Market Cap,"₹ 3,60,505 Cr."
KOTAKBANK,Current Price,"₹ 1,813"
KOTAKBANK,High / Low,"₹ 1,926 / 1,544"
KOTAKBANK,Stock P/E,19.4
KOTAKBANK,Book Value,₹ 654
KOTAKBANK,Dividend Yield,0.11 %
KOTAKBANK,ROCE,7.86 %
KOTAKBANK,ROE,15.1 %
KOTAKBANK,Face Value,₹ 5.00
KOTAKBANK,No. Eq. Shares,199
KOTAKBANK,Book value,₹ 654
KOTAKBANK,Inven TO,
KOTAKBANK,Quick ratio,1.97
KOTAKBANK,Exports percentage,0.00 %
KOTAKBANK,Piotroski score,5.00
KOTAKBANK,G Factor,5.00
KOTAKBANK,Asset Turnover,0.08
KOTAKBANK,Financial leverage,5.34
KOTAKBANK,No. of Share Holders,"7,82,680"
KOTAKBANK,Unpledged Prom Hold,25.9 %
KOTAKBANK,ROIC,7.86 %
KOTAKBANK,Debtor days,0.00
KOTAKBANK,Industry PBV,1.87
KOTAKBANK,Credit rating,
KOTAKBANK,WC Days,-146
KOTAKBANK,Earning Power,6.36 %
KOTAKBANK,Graham Number,"₹ 1,262"
KOTAKBANK,Cash Cycle,0.00
KOTAKBANK,Days Payable,
KOTAKBANK,Days Receivable,0.00
KOTAKBANK,Inventory Days,
KOTAKBANK,Public holding,13.3 %
KOTAKBANK,FII holding,33.2 %
KOTAKBANK,Chg in FII Hold,-4.43 %
KOTAKBANK,DII holding,27.7 %
KOTAKBANK,Chg in DII Hold,4.29 %
KOTAKBANK,B.V. Prev Ann,₹ 563
KOTAKBANK,ROCE Prev Yr,6.86 %
KOTAKBANK,ROA Prev Yr,2.56 %
KOTAKBANK,ROE Prev Ann,14.3 %
KOTAKBANK,No. of Share Holders Prev Qtr,"6,81,301"
KOTAKBANK,No. Eq. Shares 10 Yrs,154
KOTAKBANK,BV 3yrs back,₹ 426
KOTAKBANK,BV 5yrs back,₹ 348
KOTAKBANK,BV 10yrs back,₹ 143
KOTAKBANK,Inven TO 3Yr,
KOTAKBANK,Inven TO 5Yr,
KOTAKBANK,Inven TO 7Yr,
KOTAKBANK,Inven TO 10Yr,
KOTAKBANK,Export 3Yr,0.00 %
KOTAKBANK,Export 5Yr,0.00 %
KOTAKBANK,Div 5Yrs,₹ 218 Cr.
KOTAKBANK,ROCE 3Yr,7.00 %
KOTAKBANK,ROCE 5Yr,6.97 %
KOTAKBANK,ROCE 7Yr,7.24 %
KOTAKBANK,ROCE 10Yr,7.83 %
KOTAKBANK,ROE 10Yr,13.9 %
KOTAKBANK,ROE 7Yr,14.0 %
KOTAKBANK,ROE 5Yr Var,2.55 %
KOTAKBANK,OPM 5Year,17.5 %
KOTAKBANK,OPM 10Year,23.6 %
KOTAKBANK,No. of Share Holders 1Yr,"5,60,825"
KOTAKBANK,Avg Div Payout 3Yrs,2.00 %
KOTAKBANK,Debtor days 3yrs,0.00
KOTAKBANK,Debtor days 3yrs back,0.00
KOTAKBANK,Debtor days 5yrs back,0.00
KOTAKBANK,ROA 5Yr,2.35 %
KOTAKBANK,ROA 3Yr,2.51 %
KOTAKBANK,Market Cap,"₹ 3,60,505 Cr."
KOTAKBANK,Current Price,"₹ 1,813"
KOTAKBANK,High / Low,"₹ 1,926 / 1,544"
KOTAKBANK,Stock P/E,19.4
KOTAKBANK,Book Value,₹ 654
KOTAKBANK,Dividend Yield,0.11 %
KOTAKBANK,ROCE,7.86 %
KOTAKBANK,ROE,15.1 %
KOTAKBANK,Face Value,₹ 5.00
KOTAKBANK,Avg Vol 1Mth,"64,39,665"
KOTAKBANK,Avg Vol 1Wk,"71,55,020"
KOTAKBANK,Volume,"31,42,697"
KOTAKBANK,High price,"₹ 1,926"
KOTAKBANK,Low price,"₹ 1,544"
KOTAKBANK,High price all time,"₹ 2,253"
KOTAKBANK,Low price all time,₹ 28.5
KOTAKBANK,Return over 1day,2.16 %
KOTAKBANK,Return over 1week,-2.55 %
KOTAKBANK,Return over 1month,-1.28 %
KOTAKBANK,DMA 50,"₹ 1,771"
KOTAKBANK,DMA 200,"₹ 1,767"
KOTAKBANK,DMA 50 previous day,"₹ 1,771"
KOTAKBANK,200 DMA prev.,"₹ 1,767"
KOTAKBANK,RSI,47.5
KOTAKBANK,MACD,3.70
KOTAKBANK,MACD Previous Day,5.87
KOTAKBANK,MACD Signal,16.2
KOTAKBANK,MACD Signal Prev,19.3
KOTAKBANK,Avg Vol 1Yr,"57,17,980"
KOTAKBANK,Return over 7years,8.35 %
KOTAKBANK,Return over 10years,14.2 %
KOTAKBANK,Market Cap,"₹ 3,60,505 Cr."
KOTAKBANK,Current Price,"₹ 1,813"
KOTAKBANK,High / Low,"₹ 1,926 / 1,544"
KOTAKBANK,Stock P/E,19.4
KOTAKBANK,Book Value,₹ 654
KOTAKBANK,Dividend Yield,0.11 %
KOTAKBANK,ROCE,7.86 %
KOTAKBANK,ROE,15.1 %
KOTAKBANK,Face Value,₹ 5.00
KOTAKBANK,WC to Sales,72.3 %
KOTAKBANK,QoQ Profits,39.6 %
KOTAKBANK,QoQ Sales,4.49 %
KOTAKBANK,Net worth,"₹ 1,29,972 Cr."
KOTAKBANK,Market Cap to Sales,6.09
KOTAKBANK,Interest Coverage,1.99
KOTAKBANK,EV / EBIT,16.7
KOTAKBANK,Debt Capacity,-0.45
KOTAKBANK,Debt To Profit,28.6
KOTAKBANK,Capital Employed,"₹ 46,292 Cr."
KOTAKBANK,CROIC,1.13 %
KOTAKBANK,debtplus,9.99
KOTAKBANK,Leverage,₹ 5.34
KOTAKBANK,Dividend Payout,2.18 %
KOTAKBANK,Intrinsic Value,"₹ 1,138"
KOTAKBANK,CDL,-342 %
KOTAKBANK,Cash by market cap,0.15
KOTAKBANK,52w Index,70.5 %
KOTAKBANK,Down from 52w high,5.87 %
KOTAKBANK,Up from 52w low,17.5 %
KOTAKBANK,From 52w high,0.94
KOTAKBANK,Mkt Cap To Debt Cap,1.94
KOTAKBANK,Dividend Payout,2.18 %
KOTAKBANK,Graham,"₹ 1,262"
KOTAKBANK,Price to Cash Flow,23.0
KOTAKBANK,ROCE3yr avg,7.00 %
KOTAKBANK,PB X PE,53.4
KOTAKBANK,NCAVPS,₹ 215
KOTAKBANK,Mar Cap to CF,23.0
KOTAKBANK,Altman Z Score,1.34
KOTAKBANK,M.Cap / Qtr Profit,78.7
