{
    "company_profile": {
        "introduction": "- **Founded in 1986**: Initially established as M/s Gujarat Industries.\n- **Incorporated in 1995**: Became Meghmani Organics Limited.\n- **Manufacturing Facilities**: Operates 6 manufacturing units located in Gujarat.\n- **Product Range**: Specializes in Pigments and Agrochemicals.\n- **Global Standing**: Among the top 3 Phthalocyanine-based pigment producers worldwide.\n- **Domestic Ranking**: Among the top 10 pesticide producers in India.\n- **Pigment Products**: Produces green and blue pigments used in printing ink, plastic, paints, textiles, leather, and rubber.\n- **Pesticides**: Manufactures a variety of pesticides for both crop and non-crop applications, including insect control for wood preservation and food grain storage.",
        "core_products_services": "- **Pigments Manufacturing:**\n  - Meghmani Organics Ltd (MOL) produces green and blue pigment products.\n  - These pigments are used in various industries including printing ink, plastic, paints, textiles, leather, and rubber.\n\n- **Agrochemicals Production:**\n  - The company manufactures a wide variety of pesticides for both crop and non-crop applications.\n  - These include insect control products used in wood preservation and food grain storage.\n\n- **Crop Protection Chemicals:**\n  - MOL produces technicals, intermediates, and formulations of crop protection chemicals.\n  - Key products include insecticides, herbicides, and fungicides.\n  - Important intermediates are cypermethrin acid chloride, meta phenoxy benzaldehyde, and meta phenoxy benzyl alcohol.\n\n- **Manufacturing Facilities:**\n  - The company operates 6 manufacturing facilities located in Gujarat, India.\n\n- **Market Position:**\n  - Meghmani Organics is among the top 3 Phthalocyanine-based pigment players globally.\n  - It is also one of the top 10 producers of pesticides in India.",
        "primary_revenue": "- **Pigments Manufacturing:** Meghmani Organics Ltd produces green and blue pigment products used in various industries such as printing ink, plastic, paints, textiles, leather, and rubber.\n- **Agrochemicals Manufacturing:** The company manufactures a wide variety of pesticides for crop and non-crop applications, including insect control in wood preservation and food grain storage.\n- **Crop Protection Chemicals:** This segment includes the production and marketing of insecticides, herbicides, and fungicides, along with key intermediates like cypermethrin acid chloride, meta phenoxy benzaldehyde, and meta phenoxy benzyl alcohol.",
        "manufactering_facilities": "- **Founded in 1986 as M/s Gujarat Industries:** The company was later incorporated in 1995 as Meghmani Organics Limited.\n- **Manufacturing Facilities:** Meghmani Organics Ltd. operates 6 manufacturing facilities located in Gujarat.\n- **Product Range:** The company manufactures pigments and agrochemicals, including green and blue pigment products used in printing ink, plastic, paints, textiles, leather, and rubber.\n- **Agrochemical Production:** The company also produces a variety of pesticides for crop and non-crop applications, including insect control in wood preservation and food grain storage.\n- **Global and National Standing:** Meghmani Organics is among the top 3 Phthalocyanine-based pigment players globally and among the top 10 producers of pesticides in India.",
        "corporate_offices": "- **Corporate Office:**\n  - Meghmani Organics Limited was founded in 1986 as M/s Gujarat Industries and incorporated in 1995.\n  - The company is headquartered in Gujarat, India.\n\n- **Regional Offices:**\n  - Meghmani Organics operates through 6 manufacturing facilities located in Gujarat, India.\n  - The company is a significant player in the global market, being among the top 3 Phthalocyanine-based pigment players in the world and among the top 10 producers of pesticides in India.",
        "research_dev": "- **Company Overview**: Meghmani Organics Ltd was founded in 1986 as M/s Gujarat Industries and incorporated in 1995. It specializes in manufacturing pigments and agrochemicals.\n- **Manufacturing Facilities**: The company operates 6 manufacturing facilities located in Gujarat, India.\n- **Product Range**: Meghmani Organics Ltd produces green and blue pigment products used in various industries such as printing ink, plastic, paints, textiles, leather, and rubber. It also manufactures a wide variety of pesticides for crop and non-crop applications.\n- **Market Position**: The company is among the top 3 Phthalocyanine-based pigment players globally and one of the top 10 pesticide producers in India.\n- **Business Segments**: The company has significant operations in agrochemicals, including insecticides, herbicides, and fungicides.\n- **Financial Performance**: The company has faced challenges in recent quarters, including a decline in revenue and operational performance, leading to a downgrade in its CRISIL ratings.\n- **Research and Development**: Specific details about the research and development centers of Meghmani Organics Ltd are not provided in the given information."
    },
    "promoters": {
        "promoters": [
            {
                "name": "Mr. Jayanti Patel",
                "experience": "47 yrs of experience in Overseas corporate affairs & finance. B.E (Chemical)"
            },
            {
                "name": "Mr. Ashish Soparkar",
                "experience": "46 yrs of experience in Overseas corporate affairs & finance. B.E (Chemical)"
            },
            {
                "name": "Mr. Natwarlal Patel",
                "experience": "45 yrs of experience in Overseas technical matters & marketing in Agrochemical division. MSc degree"
            },
            {
                "name": "Mr. Ramesh Patel",
                "experience": "44 yrs of experience in Overseas purchasing function & liaisons with govt. / regulatory bodies. B.A degree"
            },
            {
                "name": "Mr. Anand Patel",
                "experience": "35 yrs of experience in Overseas pigments marketing, manufacturing. BSc degree"
            },
            {
                "name": "Mr. Ankit Patel",
                "experience": "Over a decade in the chemical industry. Bachelor’s degree in Chemical Engineering from S.P. University, Anand, a Master’s in Engineering from Griffith, Australia, and a Global MBA from SP Jain Centre of Management. Assumed the role of Chairman and Managing Director on August 14, 2023."
            },
            {
                "name": "Mr. Karana Patel",
                "experience": "Over a decade and a half of experience in Agrochemical operations. Diploma in Chemical Engineering from Nirma University and a Bachelor’s degree in Chemical Engineering from Drexel University, USA. Assumed the role of Executive Director on August 14, 2023."
            },
            {
                "name": "Mr. Darshan Patel",
                "experience": "Over a decade of experience in Pigment operations. Bachelor’s degree in Chemical Engineering from Nirma University, a Master’s degree in Engineering Management from Griffith University, Australia, and an MBA from the New York Institute of Technology (NYIT) USA. Assumed the role of Executive Director on August 14, 2023."
            },
            {
                "name": "Mr. Maulik Patel",
                "experience": "More than 16 years of experience in the chemical industry. BE (Chemical) from S.P. University, Anand, Masters of Science (Chemical Engineering) from University of Southern California, USA and MBA from Long Island University, USA."
            },
            {
                "name": "Mr. Kaushal Soparkar",
                "experience": "More than 15 years of experience in the chemical industry. B.S. (Chemical) from University of New Haven, USA and M.S. (Engineering Management) from Northeastern University, USA."
            },
            {
                "name": "Shri Manubhai K. Patel",
                "experience": "More than 37 years of experience in the field of Forex, Treasury and Credit Management. Chartered Accountant."
            },
            {
                "name": "Prof. (Dr.) Ganapati Yadav",
                "experience": "Padmashri Awardee, academician with B. Chem. Eng. Ph.D. (Tech.), D.Sc. (Hon. Causa, DYPK), FTWAS, FNA, FASc, FNASc, FNAE, FRSC (UK), FISTE , FIChemE (UK), FIIChE. Chairman, Research Council, CSIR-CSMCRI, member of RC of IICT Hyderabad and NIIST Trivandrum. Chairman, Advisory of DST-National Centre for Catalysis Research, IIT-Madras and international PAC in Chemical Sciences of DST. Chairman, Waste Management Expert Committee, DST-Govt of India, and serves on Boards of two companies as independent Director. Member of Maharashtra Innovation Council."
            },
            {
                "name": "Ms. Urvashi Dhirubhai Shah",
                "experience": "Bachelor of Arts (BA) Degree with Economics and having First class First rank of Gujarat University. Advocate by profession and practicing with Income Tax appellate Tribunal since last 15 years."
            },
            {
                "name": "Dr. Varesh Sinha",
                "experience": "Master in Science (Mathematical Statistics) from Lucknow University and Doctor of Philosophy (Ph.D.) in Statistics. Joined the Indian Administrative Service in 1977 and retired in 2014. Held various eminent positions including Collector of Jamnagar, Managing Director in various Gujarat Government companies, Additional Chief Secretary and Chief Secretary – Government of Gujarat. Served as State Election Commissioner from 2014 to 2019."
            },
            {
                "name": "Mr. Nikunt Raval",
                "experience": "Advocate practising in securities & Corporate Laws, Land Laws, Banking Law, Tax Law and Commercial Laws. Standing Counsel for the Union of India in the High Court of Gujarat from 2015 till 2023. Partner at Raval & Raval Advocates and Sr. Standing Counsel for the Income Tax Department and Customs, Excise, GST and DRI Department."
            }
        ]
    },
    "key_strengths": {
        "strengths": [
            {
                "point_header": "Established Market Position in Pigments and Agrochemical Industries",
                "point_content": "The Meghmani group has an established market position in its principal business segments: pigments and agrochemicals. It is the largest producer of copper phthalocyanine (CPC) blue and is among the top 3 pigment blue players globally. In agrochemicals, the group is among the largest manufacturers of pesticides in India, with a presence across the value chain in both technical and formulations. The group has more than 30 brands of various pesticide formulations in India."
            },
            {
                "point_header": "Diversified Revenue Profile",
                "point_content": "About 70% of the group's revenue came from the agrochemicals division and the remaining from pigments in the nine months of fiscal 2024. Revenue diversity is further augmented by presence in both the domestic (~15%) and international markets (~85%). The company is also venturing into the crop nutrition segment, becoming the first private player to foray into nano liquid urea."
            },
            {
                "point_header": "Integrated Operations Leading to Cost Advantages",
                "point_content": "The group has integrated backwards into manufacturing CPC blue, resulting in considerable savings. In its agrochemicals business, it has facilities for manufacturing key intermediates, thus reducing reliance on imports. The commercialization of the multi-purpose plant has also developed capabilities to manufacture more technicals. Healthy integration of production facilities will support the business risk profile over the medium term."
            },
            {
                "point_header": "Strong Financial Flexibility and Extensive Experience of the Promoters",
                "point_content": "Financial flexibility is supported by a robust capital structure, with gearing remaining at 0.5-0.6 times as on December 31, 2023. This provides sufficient headroom to avail of additional loans to tide over challenging situations. The group also has undisbursed sanctioned limits to meet capex requirements."
            }
        ]
    },
    "balance_sheet_analysis": {
        "table": {
            "EquityCapital": [
                {
                    "Year": "FY-20",
                    "Value": 149
                },
                {
                    "Year": "FY-21",
                    "Value": 149
                },
                {
                    "Year": "FY-22",
                    "Value": 149
                },
                {
                    "Year": "FY-23",
                    "Value": 150
                },
                {
                    "Year": "FY-24",
                    "Value": 150
                }
            ],
            "Reserves": [
                {
                    "Year": "FY-20",
                    "Value": 3688
                },
                {
                    "Year": "FY-21",
                    "Value": 4605
                },
                {
                    "Year": "FY-22",
                    "Value": 5394
                },
                {
                    "Year": "FY-23",
                    "Value": 6487
                },
                {
                    "Year": "FY-24",
                    "Value": 8037
                }
            ],
            "Borrowings": [
                {
                    "Year": "FY-20",
                    "Value": 157
                },
                {
                    "Year": "FY-21",
                    "Value": 282
                },
                {
                    "Year": "FY-22",
                    "Value": 118
                },
                {
                    "Year": "FY-23",
                    "Value": 109
                },
                {
                    "Year": "FY-24",
                    "Value": 161
                }
            ],
            "OtherLiabilities": [
                {
                    "Year": "FY-20",
                    "Value": 1967
                },
                {
                    "Year": "FY-21",
                    "Value": 1978
                },
                {
                    "Year": "FY-22",
                    "Value": 1750
                },
                {
                    "Year": "FY-23",
                    "Value": 2678
                },
                {
                    "Year": "FY-24",
                    "Value": 3718
                }
            ],
            "TotalLiabilities": [
                {
                    "Year": "FY-20",
                    "Value": 5961
                },
                {
                    "Year": "FY-21",
                    "Value": 7015
                },
                {
                    "Year": "FY-22",
                    "Value": 7412
                },
                {
                    "Year": "FY-23",
                    "Value": 9424
                },
                {
                    "Year": "FY-24",
                    "Value": 12066
                }
            ],
            "FixedAssets": [
                {
                    "Year": "FY-20",
                    "Value": 1422
                },
                {
                    "Year": "FY-21",
                    "Value": 1870
                },
                {
                    "Year": "FY-22",
                    "Value": 1675
                },
                {
                    "Year": "FY-23",
                    "Value": 2067
                },
                {
                    "Year": "FY-24",
                    "Value": 2338
                }
            ],
            "CWIP": [
                {
                    "Year": "FY-20",
                    "Value": 241
                },
                {
                    "Year": "FY-21",
                    "Value": 99
                },
                {
                    "Year": "FY-22",
                    "Value": 375
                },
                {
                    "Year": "FY-23",
                    "Value": 251
                },
                {
                    "Year": "FY-24",
                    "Value": 578
                }
            ],
            "Investments": [
                {
                    "Year": "FY-20",
                    "Value": 65
                },
                {
                    "Year": "FY-21",
                    "Value": 635
                },
                {
                    "Year": "FY-22",
                    "Value": 773
                },
                {
                    "Year": "FY-23",
                    "Value": 1350
                },
                {
                    "Year": "FY-24",
                    "Value": 1822
                }
            ],
            "OtherAssets": [
                {
                    "Year": "FY-20",
                    "Value": 4232
                },
                {
                    "Year": "FY-21",
                    "Value": 4411
                },
                {
                    "Year": "FY-22",
                    "Value": 4588
                },
                {
                    "Year": "FY-23",
                    "Value": 5756
                },
                {
                    "Year": "FY-24",
                    "Value": 7328
                }
            ],
            "Inventories": [
                {
                    "Year": "FY-20",
                    "Value": 1925
                },
                {
                    "Year": "FY-21",
                    "Value": 1988
                },
                {
                    "Year": "FY-22",
                    "Value": 2200
                },
                {
                    "Year": "FY-23",
                    "Value": 2951
                },
                {
                    "Year": "FY-24",
                    "Value": 3675
                }
            ],
            "TradeReceivables": [
                {
                    "Year": "FY-20",
                    "Value": 1434
                },
                {
                    "Year": "FY-21",
                    "Value": 1436
                },
                {
                    "Year": "FY-22",
                    "Value": 1296
                },
                {
                    "Year": "FY-23",
                    "Value": 1247
                },
                {
                    "Year": "FY-24",
                    "Value": 2047
                }
            ],
            "CashEquivalents": [
                {
                    "Year": "FY-20",
                    "Value": 281
                },
                {
                    "Year": "FY-21",
                    "Value": 531
                },
                {
                    "Year": "FY-22",
                    "Value": 407
                },
                {
                    "Year": "FY-23",
                    "Value": 695
                },
                {
                    "Year": "FY-24",
                    "Value": 402
                }
            ],
            "ShortTermLoans": [
                {
                    "Year": "FY-20",
                    "Value": 18
                },
                {
                    "Year": "FY-21",
                    "Value": 12
                },
                {
                    "Year": "FY-22",
                    "Value": 11
                },
                {
                    "Year": "FY-23",
                    "Value": 10
                },
                {
                    "Year": "FY-24",
                    "Value": 11
                }
            ],
            "OtherAssetItems": [
                {
                    "Year": "FY-20",
                    "Value": 574
                },
                {
                    "Year": "FY-21",
                    "Value": 444
                },
                {
                    "Year": "FY-22",
                    "Value": 674
                },
                {
                    "Year": "FY-23",
                    "Value": 852
                },
                {
                    "Year": "FY-24",
                    "Value": 1192
                }
            ],
            "TotalAssets": [
                {
                    "Year": "FY-20",
                    "Value": 5961
                },
                {
                    "Year": "FY-21",
                    "Value": 7015
                },
                {
                    "Year": "FY-22",
                    "Value": 7412
                },
                {
                    "Year": "FY-23",
                    "Value": 9424
                },
                {
                    "Year": "FY-24",
                    "Value": 12066
                }
            ]
        },
        "commentary": [
            "Reserve Growth: Reserves have shown consistent growth, increasing from 3,688 Cr in FY-20 to 8,037 Cr in FY-24, reflecting strong retained earnings and financial stability.",
            "Asset Expansion: Total assets have more than doubled, rising from 5,961 Cr in FY-20 to 12,066 Cr in FY-24, driven by significant increases in fixed assets, investments, and other asset categories.",
            "Liability Management: While total liabilities have also increased, careful management is evident as borrowings remained relatively stable and other liabilities grew, ensuring balanced financing.",
            "Capital Investment: Capital work in progress (CWIP) and investments have seen substantial growth, indicating ongoing investment in infrastructure and strategic financial placements.",
            "Operational Efficiency: Despite asset and liability growth, the company has maintained stable short-term loans and a robust cash equivalent position, enhancing liquidity management. "
        ]
    },
    "financial_data": {
        "table": {
            "Sales": [
                {
                    "Quarter": "Q1 FY-24",
                    "Value": 5592
                },
                {
                    "Quarter": "Q2 FY-24",
                    "Value": 4340
                },
                {
                    "Quarter": "Q3 FY-24",
                    "Value": 4218
                },
                {
                    "Quarter": "Q4 FY-24",
                    "Value": 4340
                }
            ],
            "Expenses": [
                {
                    "Quarter": "Q1 FY-24",
                    "Value": 4830
                },
                {
                    "Quarter": "Q2 FY-24",
                    "Value": 3771
                },
                {
                    "Quarter": "Q3 FY-24",
                    "Value": 3609
                },
                {
                    "Quarter": "Q4 FY-24",
                    "Value": 3771
                }
            ],
            "OperatingProfit": [
                {
                    "Quarter": "Q1 FY-24",
                    "Value": 762
                },
                {
                    "Quarter": "Q2 FY-24",
                    "Value": 570
                },
                {
                    "Quarter": "Q3 FY-24",
                    "Value": 609
                },
                {
                    "Quarter": "Q4 FY-24",
                    "Value": 570
                }
            ],
            "OPM %": [
                {
                    "Quarter": "Q1 FY-24",
                    "Value": "14%"
                },
                {
                    "Quarter": "Q2 FY-24",
                    "Value": "13%"
                },
                {
                    "Quarter": "Q3 FY-24",
                    "Value": "14%"
                },
                {
                    "Quarter": "Q4 FY-24",
                    "Value": "13%"
                }
            ],
            "OtherIncome": [
                {
                    "Quarter": "Q1 FY-24",
                    "Value": 54
                },
                {
                    "Quarter": "Q2 FY-24",
                    "Value": 35
                },
                {
                    "Quarter": "Q3 FY-24",
                    "Value": 71
                },
                {
                    "Quarter": "Q4 FY-24",
                    "Value": 71
                }
            ],
            "Interest": [
                {
                    "Quarter": "Q1 FY-24",
                    "Value": 24
                },
                {
                    "Quarter": "Q2 FY-24",
                    "Value": 32
                },
                {
                    "Quarter": "Q3 FY-24",
                    "Value": 27
                },
                {
                    "Quarter": "Q4 FY-24",
                    "Value": 32
                }
            ],
            "Depreciation": [
                {
                    "Quarter": "Q1 FY-24",
                    "Value": 66
                },
                {
                    "Quarter": "Q2 FY-24",
                    "Value": 62
                },
                {
                    "Quarter": "Q3 FY-24",
                    "Value": 60
                },
                {
                    "Quarter": "Q4 FY-24",
                    "Value": 62
                }
            ],
            "ProfitBeforeTax": [
                {
                    "Quarter": "Q1 FY-24",
                    "Value": 725
                },
                {
                    "Quarter": "Q2 FY-24",
                    "Value": 546
                },
                {
                    "Quarter": "Q3 FY-24",
                    "Value": 557
                },
                {
                    "Quarter": "Q4 FY-24",
                    "Value": 546
                }
            ],
            "TaxPercentage": [
                {
                    "Quarter": "Q1 FY-24",
                    "Value": "24%"
                },
                {
                    "Quarter": "Q2 FY-24",
                    "Value": "24%"
                },
                {
                    "Quarter": "Q3 FY-24",
                    "Value": "23%"
                },
                {
                    "Quarter": "Q4 FY-24",
                    "Value": "24%"
                }
            ],
            "NetProfit": [
                {
                    "Quarter": "Q1 FY-24",
                    "Value": 553
                },
                {
                    "Quarter": "Q2 FY-24",
                    "Value": 417
                },
                {
                    "Quarter": "Q3 FY-24",
                    "Value": 430
                },
                {
                    "Quarter": "Q4 FY-24",
                    "Value": 417
                }
            ],
            "EPS": [
                {
                    "Quarter": "Q1 FY-24",
                    "Value": 36.34
                },
                {
                    "Quarter": "Q2 FY-24",
                    "Value": 27.49
                },
                {
                    "Quarter": "Q3 FY-24",
                    "Value": 28.37
                },
                {
                    "Quarter": "Q4 FY-24",
                    "Value": 27.49
                }
            ]
        },
        "commentary": [
            "Sales: Sales for Q1 FY-24 were INR 5,592 Cr, showing a decrease in Q2 FY-24 to INR 4,340 Cr, followed by a slight decrease in Q3 FY-24 to INR 4,218 Cr, and a recovery in Q4 FY-24 to INR 4,340 Cr.",
            "Expenses: Expenses increased from Q1 FY-24 at INR 4,830 Cr to Q2 FY-24 at INR 3,771 Cr, followed by a decrease in Q3 FY-24 to INR 3,609 Cr, and then back to INR 3,771 Cr in Q4 FY-24.",
            "Operating Profit: Operating profit peaked in Q1 FY-24 at INR 762 Cr, decreased in Q2 FY-24 to INR 570 Cr, increased again in Q3 FY-24 to INR 609 Cr, and remained steady at INR 570 Cr in Q4 FY-24.",
            "Operating Profit Margin (OPM %): OPM was highest in Q1 FY-24 at 14%, decreased in Q2 FY-24 to 13%, increased again in Q3 FY-24 to 14%, and decreased slightly to 13% in Q4 FY-24.",
            "Other Income: Other income was lowest in Q2 FY-24 at INR 35 Cr, peaked in Q3 FY-24 at INR 71 Cr, and remained consistent in Q1 FY-24 and Q4 FY-24 at INR 54 Cr and INR 71 Cr, respectively.",
            "Interest: Interest payments were steady in Q1 FY-24 and Q3 FY-24 at INR 24 Cr and INR 27 Cr, respectively, increased in Q2 FY-24 to INR 32 Cr, and then decreased in Q4 FY-24 to INR 32 Cr.",
            "Depreciation: Depreciation expenses remained consistent across all quarters: INR 66 Cr in Q1 FY-24 and Q3 FY-24, and INR 62 Cr in Q2 FY-24 and Q4 FY-24.",
            "Profit Before Tax (PBT): PBT was highest in Q1 FY-24 at INR 725 Cr, decreased in Q2 FY-24 to INR 546 Cr, increased again in Q3 FY-24 to INR 557 Cr, and decreased to INR 546 Cr in Q4 FY-24.",
            "Tax Percentage: Tax percentage remained consistent in Q1 FY-24 and Q2 FY-24 at 24%, decreased in Q3 FY-24 to 23%, and increased slightly to 24% in Q4 FY-24.",
            "Net Profit: Net profit mirrored PBT trends: highest in Q1 FY-24 at INR 553 Cr, decreased in Q2 FY-24 to INR 417 Cr, increased again in Q3 FY-24 to INR 430 Cr, and decreased to INR 417 Cr in Q4 FY-24.",
            "Earnings Per Share (EPS): EPS followed net profit trends: highest in Q1 FY-24 at INR 36.34, decreased in Q2 FY-24 to INR 27.49, increased again in Q3 FY-24 to INR 28.37, and decreased to INR 27.49 in Q4 FY-24."
        ]
    },
    "key_issues": {
        "issues": [
            {
                "point_header": "Large Working Capital Requirement",
                "point_content": "Operations are working capital intensive due to the seasonal nature of the business. A significant portion of agrochemical sales in the domestic market and pigment sales in the overseas market occur in the second and fourth quarters of the fiscal year. This necessitates providing credit of 3-4 months to overseas clients, resulting in stretched receivables."
            },
            {
                "point_header": "Exposure to Agrochemical Sector Risks",
                "point_content": "The demand for agrochemicals is driven by agricultural production, which depends heavily on monsoon. Surplus or inadequate rainfall can significantly affect the company's domestic revenue and profitability. Additionally, the agrochemical industry is subject to stringent regulatory procedures in different countries, and changes in export and import policies can impact the business. Bans on key molecules also pose a risk."
            },
            {
                "point_header": "Moderating Debt Protection Metrics",
                "point_content": "Due to subdued operating performance, interest coverage and debt/EBITDA ratios are expected to moderate significantly in fiscal 2024. The debt/EBITDA ratio, which stood at ~2.4 times in fiscal 2023, is expected to deteriorate significantly this fiscal. However, it is expected to improve to previous levels with a revival in global demand."
            },
            {
                "point_header": "Decline in Operational Performance",
                "point_content": "The company experienced a deterioration in operational performance during the third quarter of the current fiscal, with consolidated revenue declining 7% sequentially. The agrochemicals division reported a significant drop in operating profit, and the pigment division reported breakeven EBITDA. This was due to continued macro-economic headwinds and a further decline in gross margin."
            },
            {
                "point_header": "High Dependency on Monsoon",
                "point_content": "A substantial area under cultivation in India is still not well-irrigated and depends on the monsoon for water requirements. Surplus or inadequate rainfall can affect the company's domestic revenue and profitability."
            },
            {
                "point_header": "Regulatory Risks",
                "point_content": "The agrochemical industry is regulated by specific registration procedures in different countries. Changes in export and import policies of these countries can affect Indian agrochemical exporters like Meghmani Organics. Bans on any key molecules will also be a significant risk."
            },
            {
                "point_header": "Price Realization and Demand Issues",
                "point_content": "The company faced lower price realization and subdued demand in global markets, particularly in the agrochemicals segment. Significant price correction due to a supply deluge by Chinese manufacturers and weak global demand for pigments, which are discretionary products, further impacted performance."
            },
            {
                "point_header": "Impact of Anti-Dumping Duties",
                "point_content": "China imposed anti-dumping duties on green and blue pigments (phthalocyanine) in November 2022, resulting in oversupply in global markets and leading to price erosion. This significantly affected the capacity utilization levels in the pigment segment."
            }
        ]
    },
    "industry_risks": {
        "risks": [
            {
                "sources": [
                    "https://www2.deloitte.com/content/dam/Deloitte/us/Documents/energy-resources/us-eri-future-of-agrochemicals.pdf"
                ],
                "risk": "**Regulatory Challenges**: The agrochemical industry in India faces stringent regulatory challenges. The process of getting approval for new products is lengthy and costly. According to Deloitte, the average lead time to develop a new crop protection product has increased from 8.3 years in 1995 to 11.3 years in the 2010-14 period. This delay can significantly impact the market entry and profitability of new products."
            },
            {
                "sources": [
                    "https://www.mordorintelligence.com/industry-reports/agrochemicals-market"
                ],
                "risk": "**Market Competition**: The Indian agrochemical market is highly competitive, with numerous local and international players. The market size is estimated at USD 253.29 billion in 2024 and is expected to reach USD 308.17 billion by 2029, growing at a CAGR of 4%. This growth attracts more players, increasing competition and potentially driving down prices."
            },
            {
                "sources": [
                    "https://klinegroup.com/articles/key-trends-in-agrochemicals-2023-and-beyond/"
                ],
                "risk": "**Environmental Impact**: The use of synthetic chemicals in agrochemicals has raised environmental concerns. There is a growing shift towards biological products, which are perceived as more environmentally friendly. This shift is driven by consumer demand for organic food and regulatory pressures to reduce the use of harmful chemicals."
            },
            {
                "sources": [
                    "https://www.mordorintelligence.com/industry-reports/pigments-market"
                ],
                "risk": "**Supply Chain Disruptions**: The pigment industry in India is vulnerable to global supply chain disruptions. The market size is estimated at USD 30.23 billion in 2024 and is expected to reach USD 34.86 billion by 2029, growing at a CAGR of 2.8%. Supply chain issues can lead to increased costs and delays in production, affecting profitability."
            },
            {
                "sources": [
                    "https://www.inkworldmagazine.com/issues/2020-03-01/view_features/pigment-industry-focuses-on-sustainability-raw-materials/"
                ],
                "risk": "**Sustainability and Raw Material Costs**: The pigment industry is focusing on sustainability and the use of raw materials. The global organic pigment market was approximately $3.5 billion in 2017 and is expected to grow to $4.89 billion by 2024, with a CAGR of 4.8%. The rising demand for organic pigments increases the cost of raw materials, impacting the overall cost structure of the industry."
            },
            {
                "sources": [
                    "https://www.mckinsey.com/industries/chemicals/our-insights/the-state-of-the-chemical-industry-it-is-getting-more-complex"
                ],
                "risk": "**Economic Factors**: Economic instability can affect both the agrochemical and pigment industries. Fluctuations in currency exchange rates, inflation, and changes in government policies can impact the cost of raw materials and production, thereby affecting profitability."
            }
        ]
    },
    "brief_financials": {
        "sales": [
            {
                "year": "FY-20",
                "value": "NA"
            },
            {
                "year": "FY-21",
                "value": "NA"
            },
            {
                "year": "FY-22",
                "value": "NA"
            },
            {
                "year": "FY-23",
                "value": "NA"
            },
            {
                "year": "FY-24",
                "value": "NA"
            }
        ],
        "EBITDA": [
            {
                "year": "FY-20",
                "value": "NA"
            },
            {
                "year": "FY-21",
                "value": "NA"
            },
            {
                "year": "FY-22",
                "value": "NA"
            },
            {
                "year": "FY-23",
                "value": "NA"
            },
            {
                "year": "FY-24",
                "value": "NA"
            }
        ],
        "PAT": [
            {
                "year": "FY-20",
                "value": "157"
            },
            {
                "year": "FY-21",
                "value": "185"
            },
            {
                "year": "FY-22",
                "value": "308"
            },
            {
                "year": "FY-23",
                "value": "250"
            },
            {
                "year": "FY-24",
                "value": "-57"
            }
        ],
        "total_equity_capital": [
            {
                "year": "FY-20",
                "value": "25"
            },
            {
                "year": "FY-21",
                "value": "25"
            },
            {
                "year": "FY-22",
                "value": "25"
            },
            {
                "year": "FY-23",
                "value": "25"
            },
            {
                "year": "FY-24",
                "value": "25"
            }
        ],
        "non_current_liabilities": [
            {
                "year": "FY-20",
                "value": "NA"
            },
            {
                "year": "FY-21",
                "value": "NA"
            },
            {
                "year": "FY-22",
                "value": "NA"
            },
            {
                "year": "FY-23",
                "value": "NA"
            },
            {
                "year": "FY-24",
                "value": "NA"
            }
        ],
        "current_liabilities": [
            {
                "year": "FY-20",
                "value": "NA"
            },
            {
                "year": "FY-21",
                "value": "NA"
            },
            {
                "year": "FY-22",
                "value": "NA"
            },
            {
                "year": "FY-23",
                "value": "NA"
            },
            {
                "year": "FY-24",
                "value": "NA"
            }
        ],
        "ebt_margin": [
            {
                "year": "FY-20",
                "value": "NA"
            },
            {
                "year": "FY-21",
                "value": "NA"
            },
            {
                "year": "FY-22",
                "value": "NA"
            },
            {
                "year": "FY-23",
                "value": "NA"
            },
            {
                "year": "FY-24",
                "value": "NA"
            }
        ],
        "non_current_assets": [
            {
                "year": "FY-20",
                "value": "NA"
            },
            {
                "year": "FY-21",
                "value": "NA"
            },
            {
                "year": "FY-22",
                "value": "NA"
            },
            {
                "year": "FY-23",
                "value": "NA"
            },
            {
                "year": "FY-24",
                "value": "NA"
            }
        ],
        "current_assets": [
            {
                "year": "FY-20",
                "value": "NA"
            },
            {
                "year": "FY-21",
                "value": "NA"
            },
            {
                "year": "FY-22",
                "value": "NA"
            },
            {
                "year": "FY-23",
                "value": "NA"
            },
            {
                "year": "FY-24",
                "value": "NA"
            }
        ],
        "total_assets": [
            {
                "year": "FY-20",
                "value": "1652"
            },
            {
                "year": "FY-21",
                "value": "1967"
            },
            {
                "year": "FY-22",
                "value": "2733"
            },
            {
                "year": "FY-23",
                "value": "3001"
            },
            {
                "year": "FY-24",
                "value": "2790"
            }
        ],
        "return_on_equity": [
            {
                "year": "FY-20",
                "value": "NA"
            },
            {
                "year": "FY-21",
                "value": "NA"
            },
            {
                "year": "FY-22",
                "value": "NA"
            },
            {
                "year": "FY-23",
                "value": "NA"
            },
            {
                "year": "FY-24",
                "value": "NA"
            }
        ],
        "current_ratio": [
            {
                "year": "FY-20",
                "value": "NA"
            },
            {
                "year": "FY-21",
                "value": "NA"
            },
            {
                "year": "FY-22",
                "value": "NA"
            },
            {
                "year": "FY-23",
                "value": "NA"
            },
            {
                "year": "FY-24",
                "value": "NA"
            }
        ],
        "ebt_margin_percent": [
            {
                "year": "FY-20",
                "value": "NA"
            },
            {
                "year": "FY-21",
                "value": "NA"
            },
            {
                "year": "FY-22",
                "value": "NA"
            },
            {
                "year": "FY-23",
                "value": "NA"
            },
            {
                "year": "FY-24",
                "value": "NA"
            }
        ]
    },
    "peer_ratings": {
        "ratings": [
            {
                "company_name": "PI Industries Ltd",
                "long_term_rating": "CRISIL AA+/Stable",
                "short_term_rating": "CRISIL A1+"
            },
            {
                "company_name": "UPL Ltd",
                "long_term_rating": "CRISIL AA+/Negative",
                "short_term_rating": "CRISIL A1+"
            },
            {
                "company_name": "Sumitomo Chemical India Limited",
                "long_term_rating": "CRISIL AA/Stable",
                "short_term_rating": "N/A"
            },
            {
                "company_name": "Rallis India Limited",
                "long_term_rating": "CRISIL AA+/Stable",
                "short_term_rating": "CRISIL A1+"
            },
            {
                "company_name": "Bharat Rasayan Limited",
                "long_term_rating": "CARE AA-; Stable",
                "short_term_rating": "CARE A1+"
            },
            {
                "company_name": "Sharda Cropchem Ltd",
                "long_term_rating": "N/A",
                "short_term_rating": "CRISIL A1+"
            }
        ],
        "commentary": [
            "PI Industries Ltd: CRISIL Ratings has reaffirmed its 'CRISIL AA+/Stable/CRISIL A1+' ratings on the bank facilities of PI Industries Ltd. PI group's consolidated revenue grew ~23% year on year to Rs 6,503 crore in fiscal 2023.",
            "UPL Ltd: CRISIL Ratings has reaffirmed its 'CRISIL AA+/Negative/CRISIL A1+' ratings on the bank facilities and commercial paper programme of UPL Ltd. The outlook was revised to 'Negative' from 'Stable' due to sluggish demand for agrochemicals in India, LatAm, and the US markets.",
            "Sumitomo Chemical India Limited: CRISIL Ratings has reaffirmed its 'CRISIL AA/Stable' rating on the long-term bank facility of Sumitomo Chemical India Limited. Revenue stood at Rs.1628 crore for the first half of fiscal 2024, registering a decline of 23% year-on-year due to subdued demand in the domestic market.",
            "Rallis India Limited: CRISIL Ratings has reaffirmed its 'CRISIL AA+/Stable/CRISIL A1+' ratings on the bank facilities of Rallis India Limited. Operating performance remained steady for fiscal 2023, with revenue growing 14% to Rs 2970 crore.",
            "Bharat Rasayan Limited: CARE Ratings has reaffirmed its 'CARE AA-; Stable/CARE A1+' ratings on the bank facilities of Bharat Rasayan Limited. The company's revenues for FY24 declined by 15.3% to ₹1,040 crore, reflecting broader challenges in the agrochemical industry.",
            "Sharda Cropchem Ltd: CRISIL Ratings has reaffirmed its 'CRISIL A1+' rating on the short-term bank facilities of Sharda Cropchem Ltd. The rating reflects the company's healthy business risk profile, driven by product registrations and a dominant presence in regulated markets."
        ]
    },
    "activity_ratio": {
        "graphs": {
            "Current Ratio": {
                "url": ""
            },
            "Quick Ratio": {
                "url": ""
            },
            "Inventory Turnover": {
                "url": ""
            },
            "Cash Cycle Days": {
                "url": ""
            }
        },
        "commentary": [
            [
                "Meghmani Organics Ltd.'s current ratio is 1.13, which is lower than the median value of 1.9 for its peer group. This suggests that the company has a relatively weaker ability to meet its short-term obligations compared to its peers. A current ratio below 1 is generally considered a warning sign, indicating potential liquidity issues.",
                "The quick ratio, a more stringent measure of short-term liquidity, is even lower at 0.73 for Meghmani Organics Ltd. This further reinforces concerns about the company's ability to cover its immediate liabilities with its most liquid assets.",
                "The company's inventory turnover ratio is 5.90, which is in line with the median value for its peer group. This suggests that Meghmani Organics Ltd. is managing its inventory at a comparable pace to its peers. However, it's important to note that a high inventory turnover ratio doesn't always indicate efficient inventory management; it could also point to insufficient inventory levels, potentially leading to lost sales.",
                "Meghmani Organics Ltd. has a cash cycle of 105 days, which is higher than the median value of 93 days for its peer group. This indicates that the company takes a longer time to convert its inventory into cash, potentially tying up working capital and impacting its operational efficiency. Bharat Rasayan has the shortest cash cycle in the peer group at 65.7 days, highlighting its superior working capital management."
            ]
        ]
    },
    "leverage_ratio": {
        "graphs": {
            "Debt/Equity": {
                "url": "https://example.com/graph/debtequity.png"
            },
            "Interest Coverage": {
                "url": "https://example.com/graph/interest_coverage.png"
            }
        },
        "commentary": [
            "Meghmani Organics Ltd. has a Debt/Equity ratio of 0.55, significantly higher than most peers, indicating heavier reliance on debt financing; only UPL has a higher ratio at 1.07.",
            "Despite higher debt, Meghmani Organics Ltd. has a negative interest coverage ratio of -1.64, raising concerns about debt obligations and suggesting financial distress; in contrast, Dhanuka Agritech has the highest ratio at 104.16."
        ]
    },
    "performance_ratios": {
        "graphs": {
            "5Yrs return %": {
                "url": "https://example.com/graph/5yr_return.png"
            },
            "Dividend Yield": {
                "url": "https://example.com/graph/dividend_yield.png"
            },
            "ROCE": {
                "url": "https://example.com/graph/roce.png"
            },
            "ROA": {
                "url": "https://example.com/graph/roa.png"
            },
            "Asset Turnover": {
                "url": "https://example.com/graph/asset_turnover.png"
            }
        },
        "commentary": [
            "– The 5-year return for Meghmani Organics Ltd. is not available as the company results have most likelynot been published yet. This makes it difficult to assess the stock’s performance over the long termcompared to its peers. Dhanuka Agritech has the highest 5-year return in the peer group at 32.42%, indicating strong investor confidence in the company’s prospects.– Meghmani Organics Ltd. offers a dividend yield of 1.70%, which is among the highest in its peergroup. This suggests that the company is focused on returning value to shareholders through dividends.However, it’s important to consider the sustainability of the dividend payout in light of the company’soverall financial performance.",
            "– Meghmani Organics Ltd.’s ROCE of -3.13% is the lowest among its peers, indicating that the company isnot effectively utilizing its capital to generate returns. This is a significant concern and suggests potentialinefficiencies in the company’s operations. In contrast, Dhanuka Agritech boasts the highest ROCE at27.07%, highlighting its efficient capital utilization.",
            "– The company’s ROA of -3.44% is also the lowest in the peer group, further emphasizing concerns aboutprofitability and asset utilization. This negative ROA suggests that Meghmani Organics Ltd. is currentlydestroying value for its shareholders. P I Industries leads the peer group with an ROA of 17.48%.– Meghmani Organics Ltd.’s ROE of -6.71% is the lowest among its peers, indicating that the company isnot generating adequate returns on shareholder equity. This negative ROE is a red flag for investors andsuggests that the company is struggling to create value for its owners.",
            "– With an asset turnover of 0.50, Meghmani Organics Ltd. is tied with UPL for the lowest efficiency inutilizing its assets to generate sales. This low asset turnover ratio, combined with the negative ROA andROE, paints a concerning picture of the company’s operational performance."
        ]
    },
    "ownership_structure": {
        "graphs" : {
            "shareholding data for 2024" : {
                "url": ""
            },
            "shareholding data for 2022" : {
                "url":""
            }
        },
        "commentary": [
            "The promoters’ stake has remained stable, with a minor decrease from 49.41% in 2022 to 49.32% in 2024. \n– FIIs have increased their stake slightly from 1.25% in 2022 to 1.52% in 2024, indicating growing international interest.",
            "– DIIs saw a peak in 2023 but reduced their stake to 0.20% in 2024, which could be a trend to monitor.",
            "– Public shareholding has slightly decreased from 49.29% in 2022 to 48.93% in 2024, yet it remains significant.",
            "– The number of shareholders has increased from 127,306 in 2022 to 152,703 in 2024, showing growing investor interest."
        ]
    },
    "ratio_analysis": {
        "turnover ratio" : {
            "graphs" : {"url":""},
            "commentary" : [
                "Looking at ratios of the last 5 years, the asset turnover is around 1.7x and fixed asset turnover is over 7.5x, which implies that the company is utilizing its assets very efficiently to generate revenue.",
                "The debtor turnover ratio has risen to over 11x as of FY-23, which shows that the company is very financially disciplined in paying its dues in the market and collects payments from customers very timely.",
                "Inventory turnover has risen from 3.2x to around 4.7x in the last 5 years (as of FY-24), which shows efficiency in managing and selling the inventory in hand."
            ]
        },
        "return ratio" : {
            "graphs" : {"url":""},
            "commentary" : [
                "– RoCE is around 32% and RoE is around 24% as of FY-24, which shows the enhanced effect of leverage on returns."
            ]
        },
        "leverage ratio" : {
            "graphs" : {"url":""},
            "commentary" : [
                "- The Debt to Assets ratio is around 1% and the high-interest coverage ratio is more than 22x.",
                "– The cost of borrowings for Polycab will be quite low in the future due to the comfort provided by the low Debt to Asset ratio and High Coverage ratio.",
                "– The scope for leveraging the B/S remains very high and will drive revenue growth in the upcoming future.",
                "– The interest coverage ratio has been rising consistently for the last 5 years due to rising profits but the company is resistant to expanding its debt holdings."
            ]
        },
        "liquidity ratio" : {
            "graphs" : {"url":""},
            "commentary":[
                "– As of FY-24, the current ratio is 2.4x.",
                "– The quick ratio is 1.4x as of FY-23.",
                "– They provide a cushion to cover short-term liabilities."
            ]
        },
        "investor ratios" : {
            "graphs" : {"url":""},
            "commentary":[
                "The EPS as of FY-24 stands at INR 119 per share and the dividend per share is INR 30 per share, amounting to a dividend payout of around 25%, which is pretty healthy.",
                "– In the last 5 years, the P/E ratio has seen a steady rise and stands at around 40x due to great performance, which is also cheered by share markets.",
                "– The EV/EBITDA and EV/Sales stand at over 23x and 3x respectively, which is a pretty good valuation for Polycab"
            ]
        }
    },
    "company_financials": {
        "table": {
            "Sales": [
                {"Year": "FY 20", "Value": 8830},
                {"Year": "FY 21", "Value": 8792},
                {"Year": "FY 22", "Value": 12204},
                {"Year": "FY 23", "Value": 14108},
                {"Year": "FY 24", "Value": 18039}
            ],
            "Expenses": [
                {"Year": "FY 20", "Value": 7701},
                {"Year": "FY 21", "Value": 7681},
                {"Year": "FY 22", "Value": 10940},
                {"Year": "FY 23", "Value": 12265},
                {"Year": "FY 24", "Value": 15548}
            ],
            "OperatingProfit": [
                {"Year": "FY 20", "Value": 1129},
                {"Year": "FY 21", "Value": 1111},
                {"Year": "FY 22", "Value": 1264},
                {"Year": "FY 23", "Value": 1843},
                {"Year": "FY 24", "Value": 2492}
            ],
            "OtherIncome": [
                {"Year": "FY 20", "Value": 91},
                {"Year": "FY 21", "Value": 164},
                {"Year": "FY 22", "Value": 161},
                {"Year": "FY 23", "Value": 133},
                {"Year": "FY 24", "Value": 221}
            ],
            "Interest": [
                {"Year": "FY 20", "Value": 50},
                {"Year": "FY 21", "Value": 43},
                {"Year": "FY 22", "Value": 35},
                {"Year": "FY 23", "Value": 60},
                {"Year": "FY 24", "Value": 108}
            ],
            "Depreciation": [
                {"Year": "FY 20", "Value": 161},
                {"Year": "FY 21", "Value": 176},
                {"Year": "FY 22", "Value": 202},
                {"Year": "FY 23", "Value": 209},
                {"Year": "FY 24", "Value": 245}
            ],
            "ProfitBeforeTax": [
                {"Year": "FY 20", "Value": 1010},
                {"Year": "FY 21", "Value": 1056},
                {"Year": "FY 22", "Value": 1188},
                {"Year": "FY 23", "Value": 1707},
                {"Year": "FY 24", "Value": 2359}
            ],
            "TaxPercentage": [
                {"Year": "FY 20", "Value": 24},
                {"Year": "FY 21", "Value": 16},
                {"Year": "FY 22", "Value": 23},
                {"Year": "FY 23", "Value": 25},
                {"Year": "FY 24", "Value": 24}
            ],
            "NetProfit": [
                {"Year": "FY 20", "Value": 766},
                {"Year": "FY 21", "Value": 886},
                {"Year": "FY 22", "Value": 917},
                {"Year": "FY 23", "Value": 1283},
                {"Year": "FY 24", "Value": 1803}
            ],
            "EPS": [
                {"Year": "FY 20", "Value": 50.97},
                {"Year": "FY 21", "Value": 59.15},
                {"Year": "FY 22", "Value": 60.80},
                {"Year": "FY 23", "Value": 84.85},
                {"Year": "FY 24", "Value": 118.75}
            ],
            "DividendPayoutPercentage": [
                {"Year": "FY 20", "Value": 14},
                {"Year": "FY 21", "Value": 17},
                {"Year": "FY 22", "Value": 23},
                {"Year": "FY 23", "Value": 24},
                {"Year": "FY 24", "Value": 25}
            ]
        },
        "commentary" : [
            "Revenue Growth: Sales have demonstrated a strong upward trend, increasing from ₹3,986 crores in Mar 2014 to an impressive ₹18,039 crores in Mar 2024. This signifies a robust Compound Annual Growth Rate (CAGR) of approximately 15%, indicating successful market penetration and expansion.",
            "Profitability: Operating profit has followed a similar upward trajectory, reaching ₹2,492 crores in Mar 2024. While the Operating Profit Margin (OPM%) fluctuated between 8% and 14%, the overall trend suggests effective cost management and operational efficiency.",
            "Net Profit and EPS: Net profit has grown significantly, reaching ₹1,803 crores in Mar 2024. This translates to a remarkable increase in Earnings Per Share (EPS), from ₹12.65 in Mar 2014 to ₹118.75 in Mar 2024, highlighting enhanced profitability and value creation for shareholders.",
            "Dividend Payout: The company has maintained a consistent dividend payout policy, with the payout ratio ranging between 0% and 25%. The recent increase in dividend payout suggests confidence in future earnings and a commitment to rewarding shareholders."
        ]
    },
    "debt_schedule" : {
        "table": {
            "borrowings": {
                "Total": [
                    {"Year": "FY 20", "Value": 458},
                    {"Year": "FY 21", "Value": 546},
                    {"Year": "FY 22", "Value": 796},
                    {"Year": "FY 23", "Value": 856},
                    {"Year": "FY 24", "Value": 161}
                ],
                "LongTerm": [
                    {"Year": "FY 20", "Value": null},
                    {"Year": "FY 21", "Value": null},
                    {"Year": "FY 22", "Value": 159},
                    {"Year": "FY 23", "Value": 89},
                    {"Year": "FY 24", "Value": 11}
                ],
                "ShortTerm": [
                    {"Year": "FY 20", "Value": null},
                    {"Year": "FY 21", "Value": null},
                    {"Year": "FY 22", "Value": 569},
                    {"Year": "FY 23", "Value": 103},
                    {"Year": "FY 24", "Value": 111}
                ],
                "LeaseLiabilities": [
                    {"Year": "FY 20", "Value": null},
                    {"Year": "FY 21", "Value": null},
                    {"Year": "FY 22", "Value": 0},
                    {"Year": "FY 23", "Value": 0},
                    {"Year": "FY 24", "Value": 0}
                ],
                "OtherBorrowings": [
                    {"Year": "FY 20", "Value": 458},
                    {"Year": "FY 21", "Value": 546},
                    {"Year": "FY 22", "Value": 73},
                    {"Year": "FY 23", "Value": 80},
                    {"Year": "FY 24", "Value": 35}
                ]
            },
            "other_liabilities": {
                "Total": [
                    {"Year": "FY 20", "Value": 823},
                    {"Year": "FY 21", "Value": 1138},
                    {"Year": "FY 22", "Value": 1296},
                    {"Year": "FY 23", "Value": 1729},
                    {"Year": "FY 24", "Value": 3718}
                ],
                "NonControllingInterest": [
                    {"Year": "FY 20", "Value": 0},
                    {"Year": "FY 21", "Value": 0},
                    {"Year": "FY 22", "Value": 3},
                    {"Year": "FY 23", "Value": 3},
                    {"Year": "FY 24", "Value": 56}
                ],
                "TradePayables": [
                    {"Year": "FY 20", "Value": 660},
                    {"Year": "FY 21", "Value": 963},
                    {"Year": "FY 22", "Value": 1057},
                    {"Year": "FY 23", "Value": 1354},
                    {"Year": "FY 24", "Value": 2863}
                ],
                "AdvanceFromCustomers": [
                    {"Year": "FY 20", "Value": 53},
                    {"Year": "FY 21", "Value": 7},
                    {"Year": "FY 22", "Value": 9},
                    {"Year": "FY 23", "Value": 19},
                    {"Year": "FY 24", "Value": 47}
                ],
                "OtherLiabilityItems": [
                    {"Year": "FY 20", "Value": 109},
                    {"Year": "FY 21", "Value": 168},
                    {"Year": "FY 22", "Value": 228},
                    {"Year": "FY 23", "Value": 353},
                    {"Year": "FY 24", "Value": 751}
                ]
            }
        },
        "commentary" : [
            "Borrowings have shown a fluctuating trend over the past five fiscal years, peaking at FY-22 with INR 796 million and decreasing sharply to INR 161 million by FY-24.",
            "Total liabilities have seen significant growth, reaching INR 12,066 million in FY-24 from INR 2,763 million in FY-20, indicating the company's expanding financial obligations.",
            "Non-controlling interest has progressively risen from INR 3 million in FY-22 to INR 56 million in FY-24, reflecting increased external ownership stakes over the years.",
            "Trade payables have more than quadrupled from FY-20 to FY-24, climbing to INR 2,863 million, underscoring the company's growing obligations to suppliers and creditors."
        ]
    },
    "financial_analysis" :{
        "Profitability" : [
            "TODO FILL"
        ],
        "commentary" : [""]
    },
    "working_capital_movement" : {
        "graph": {
            "url" : ""
        },
        "commentary" : [
            "The total receivable days stand at around 32 days, which has almost been halved in the last 5 years.",
            "Inventory days are around 100 days, which has also reduced in the last 5 years.",
            "Payable days have also been reduced to around 85 days.",
            "Overall cash cycle of 50 days, which is amazing given the nature of the business"
        ]
    },
    "fixed_assets" : {
        "table": {
            "Land": [
                {"Year": "FY 20", "Value": 81},
                {"Year": "FY 21", "Value": 90},
                {"Year": "FY 22", "Value": 99},
                {"Year": "FY 23", "Value": 106},
                {"Year": "FY 24", "Value": 123}
            ],
            "Building": [
                {"Year": "FY 20", "Value": 317},
                {"Year": "FY 21", "Value": 368},
                {"Year": "FY 22", "Value": 425},
                {"Year": "FY 23", "Value": 504},
                {"Year": "FY 24", "Value": 1380}
            ],
            "PlantMachinery": [
                {"Year": "FY 20", "Value": 545},
                {"Year": "FY 21", "Value": 626},
                {"Year": "FY 22", "Value": 471},
                {"Year": "FY 23", "Value": 638},
                {"Year": "FY 24", "Value": 1783}
            ],
            "Equipments": [
                {"Year": "FY 20", "Value": 7},
                {"Year": "FY 21", "Value": 12},
                {"Year": "FY 22", "Value": 13},
                {"Year": "FY 23", "Value": 14},
                {"Year": "FY 24", "Value": 87}
            ],
            "FurnitureNFittings": [
                {"Year": "FY 20", "Value": 45},
                {"Year": "FY 21", "Value": 54},
                {"Year": "FY 22", "Value": 44},
                {"Year": "FY 23", "Value": 53},
                {"Year": "FY 24", "Value": 211}
            ],
            "Vehicles": [
                {"Year": "FY 20", "Value": 7},
                {"Year": "FY 21", "Value": 7},
                {"Year": "FY 22", "Value": 7},
                {"Year": "FY 23", "Value": 8},
                {"Year": "FY 24", "Value": 5}
            ],
            "WindTurbines": [
                {"Year": "FY 20", "Value": 51},
                {"Year": "FY 21", "Value": 51},
                {"Year": "FY 22", "Value": 30},
                {"Year": "FY 23", "Value": 30},
                {"Year": "FY 24", "Value": 30}
            ],
            "IntangibleAssets": [
                {"Year": "FY 20", "Value": 0},
                {"Year": "FY 21", "Value": 0},
                {"Year": "FY 22", "Value": 0},
                {"Year": "FY 23", "Value": 0},
                {"Year": "FY 24", "Value": 31}
            ],
            "OtherFixedAssets": [
                {"Year": "FY 20", "Value": 6},
                {"Year": "FY 21", "Value": 12},
                {"Year": "FY 22", "Value": 10},
                {"Year": "FY 23", "Value": 13},
                {"Year": "FY 24", "Value": 95}
            ],
            "GrossBlock": [
                {"Year": "FY 20", "Value": 1058},
                {"Year": "FY 21", "Value": 1220},
                {"Year": "FY 22", "Value": 1096},
                {"Year": "FY 23", "Value": 1367},
                {"Year": "FY 24", "Value": 3744}
            ],
            "AccumulatedDepreciation": [
                {"Year": "FY 20", "Value": 308},
                {"Year": "FY 21", "Value": 398},
                {"Year": "FY 22", "Value": 111},
                {"Year": "FY 23", "Value": 238},
                {"Year": "FY 24", "Value": 1407}
            ],
            "CWIP": [
                {"Year": "FY 20", "Value": 116},
                {"Year": "FY 21", "Value": 179},
                {"Year": "FY 22", "Value": 138},
                {"Year": "FY 23", "Value": 165},
                {"Year": "FY 24", "Value": 578}
            ],
            "Investments": [
                {"Year": "FY 20", "Value": 0},
                {"Year": "FY 21", "Value": 0},
                {"Year": "FY 22", "Value": 0},
                {"Year": "FY 23", "Value": 33},
                {"Year": "FY 24", "Value": 1822}
            ],
            "Inventories": [
                {"Year": "FY 20", "Value": 602},
                {"Year": "FY 21", "Value": 904},
                {"Year": "FY 22", "Value": 980},
                {"Year": "FY 23", "Value": 1520},
                {"Year": "FY 24", "Value": 3675}
            ],
            "TradeReceivables": [
                {"Year": "FY 20", "Value": 958},
                {"Year": "FY 21", "Value": 1081},
                {"Year": "FY 22", "Value": 1353},
                {"Year": "FY 23", "Value": 1199},
                {"Year": "FY 24", "Value": 2047}
            ],
            "CashEquivalents": [
                {"Year": "FY 20", "Value": 50},
                {"Year": "FY 21", "Value": 27},
                {"Year": "FY 22", "Value": 51},
                {"Year": "FY 23", "Value": 30},
                {"Year": "FY 24", "Value": 402}
            ],
            "ShortTermLoans": [
                {"Year": "FY 20", "Value": 1},
                {"Year": "FY 21", "Value": 1},
                {"Year": "FY 22", "Value": 1},
                {"Year": "FY 23", "Value": 2},
                {"Year": "FY 24", "Value": 11}
            ],
            "OtherAssetItems": [
                {"Year": "FY 20", "Value": 286},
                {"Year": "FY 21", "Value": 299},
                {"Year": "FY 22", "Value": 366},
                {"Year": "FY 23", "Value": 502},
                {"Year": "FY 24", "Value": 1192}
            ],
            "TotalAssets": [
                {"Year": "FY 20", "Value": 2763},
                {"Year": "FY 21", "Value": 3314},
                {"Year": "FY 22", "Value": 3875},
                {"Year": "FY 23", "Value": 4579},
                {"Year": "FY 24", "Value": 12066}
            ]
        },
        "commentary" : [
            "Land holdings have steadily increased over the years, reaching 123 units as of FY-24, reflecting ongoing investment in property assets.",
            "Building infrastructure has expanded significantly, with investments growing to INR 1,380 Cr by FY-24, indicating robust growth in physical infrastructure.",
            "Plant and machinery assets have seen substantial growth, reaching INR 1,783 Cr in FY-24, highlighting increased capacity and operational capabilities.",
            "Inventories have shown a significant increase, rising to INR 3,675 Cr by FY-24, suggesting increased production or stockpiling in anticipation of higher demand."
        ]
    },
    "cash_flow_analysis" : {
        "commentary": [
            "Land holdings have steadily increased over the years, reaching 123 units as of FY-24, reflecting ongoing investment in property assets.",
            "Building infrastructure has expanded significantly, with investments growing to INR 1,380 Cr by FY-24, indicating robust growth in physical infrastructure.",
            "Plant and machinery assets have seen substantial growth, reaching INR 1,783 Cr in FY-24, highlighting increased capacity and operational capabilities.",
            "Inventories have shown a significant increase, rising to INR 3,675 Cr by FY-24, suggesting increased production or stockpiling in anticipation of higher demand."
        ],
        "table" : {
            "profit_from_operations": [
                {"year": "FY 20", "value": 354},
                {"year": "FY 21", "value": 489},
                {"year": "FY 22", "value": 551},
                {"year": "FY 23", "value": 571},
                {"year": "FY 24", "value": 844}
            ],
            "receivables": [
                {"year": "FY 20", "value": 189},
                {"year": "FY 21", "value": -157},
                {"year": "FY 22", "value": -297},
                {"year": "FY 23", "value": 106},
                {"year": "FY 24", "value": -166}
            ],
            "inventory": [
                {"year": "FY 20", "value": 20},
                {"year": "FY 21", "value": -302},
                {"year": "FY 22", "value": -90},
                {"year": "FY 23", "value": -539},
                {"year": "FY 24", "value": 154}
            ],
            "payables": [
                {"year": "FY 20", "value": -102},
                {"year": "FY 21", "value": 186},
                {"year": "FY 22", "value": 166},
                {"year": "FY 23", "value": 358},
                {"year": "FY 24", "value": -439}
            ]
        },
        "graph" : {
            "url" : ""
        },
        "graph_commentary" : [
            "Profit from operations has shown significant growth, reaching INR 844 million in FY-24, up from INR 354 million in FY-20.",
            "Receivables improved slightly in FY-24, showing a reduction of INR 166 million, whereas they were a concern in FY-21 with a negative balance of INR 157 million.",
            "Inventory management has improved, with inventory levels increasing by INR 154 million in FY-24 compared to a reduction of INR 302 million in FY-21.",
            "Payables decreased sharply in FY-24 by INR 439 million, contrasting with an increase of INR 186 million in FY-21."
        ]
    },
    "justification_of_proposal": [""],
    "recommendation": [""],
    "subsidiary_jv_info": {
        "subsidiary": [
            {
                "subsidiary_name": "NA",
                "Date of Creation": "NA",
                "Interest": "Subsidiary (NA %)",
                "Location": "NA"
            },
            {
                "subsidiary_name": "NA",
                "Date of Creation": "NA",
                "Interest": "Subsidiary ( NA %)",
                "Location": "NA"
            }
        ],
        "JV information": [
            "NA",
            "NA",
            "NA"
        ]
    }
}